processed_text,disease,label,source
eyelash turned white one small area along skin around,vitiligo,9,synthetic_seed
itchy ankle after new sock,contact_dermatitis,1,synthetic_llm
irregular white patch back noticed someone pointed,vitiligo,9,synthetic_seed
face turn bright red drink wine,rosacea,6,synthetic_llm
skin around nipple dry itchy cracked,eczema,2,synthetic_llm
red itchy welt arm appear move new area within minute,hives,3,synthetic_seed
cold wind hand puff get itchy red welt,hives,3,synthetic_llm
help dry scaly itchy rash year old wheeze,eczema,2,synthetic_llm
raised pale bump red halo,hives,3,synthetic_llm
winter hit skin nose brow flaking last year pharmacist gave antifungal cream cleared two week forgot name never very itchy ugly,seborrheic_dermatitis,8,synthetic_llm
little red bump appeared buttock two week ago keep itching nonstop sit uncomfortably work,scabies,7,synthetic_llm
developed ring shaped rash under waistband area,ringworm,5,synthetic_seed
patch tiny red bump lower back itch endlessly spreading side,scabies,7,synthetic_llm
cheek always red bump 40 yr,rosacea,6,synthetic_llm
contact dermatitis red itchy rash wrist under watch,contact_dermatitis,1,synthetic_llm
cracked red skin under wedding ring itchy,eczema,2,synthetic_llm
started college few month ago skin gotten itchy red dry hand elbow crease think stress plus dorm soap lotion work day back,eczema,2,synthetic_llm
not itchy cheek always red kind rough bump,rosacea,6,synthetic_llm
face patch red spot cant tell pimple rash,acne,0,synthetic_llm
upper chest scaly pink ring greasy,seborrheic_dermatitis,8,synthetic_llm
pale colorless patch back hand appeared gradually,vitiligo,9,synthetic_seed
intense widespread itch started two week after staying hostel,scabies,7,synthetic_seed
pimple chin wont go away tried everything,acne,0,synthetic_llm
red greasy patch chest butterfly pattern yellow scale,seborrheic_dermatitis,8,synthetic_seed
patch nose get worse cold dry outside red fine white flake,seborrheic_dermatitis,8,synthetic_llm
teenage son spot all over back pimple face big red refuse wear short sleeve tried over counter wash store,acne,0,synthetic_llm
brown skin area watch sits became dark thick itchy,contact_dermatitis,1,synthetic_llm
rash around belly button lower back fine white flake,psoriasis,4,synthetic_llm
red plaque torso since teenager get better summer awful january,psoriasis,4,synthetic_llm
face sting whenever put lotion even baby kind cheek stay red,rosacea,6,synthetic_llm
crease next nose red flaky all year plus eyebrow fine dandruff like scale use gentle cleanser plain moisturizer nothing dry looking also somehow shiny oily,seborrheic_dermatitis,8,synthetic_llm
bump nose cheek red skin paining not itching,rosacea,6,synthetic_llm
normal pimple buttock,acne,0,synthetic_llm
stubborn dandruff scalp large oily flake constant itch,seborrheic_dermatitis,8,synthetic_seed
neck skin red scaly thickened way month realize collar scented fabric softener hit,contact_dermatitis,1,synthetic_llm
large white patch thigh appeared six month ago,vitiligo,9,synthetic_seed
ugh roommate both got itchy rash hand lol not fun,scabies,7,synthetic_llm
recently diagnosed pcos face full pimple around jaw chin plus oily skin face wash pharmacy not done much want know else try,acne,0,synthetic_llm
skin get red itchy after touching certain metal like nickel,contact_dermatitis,1,synthetic_seed
help itchy skin plz doctor appt far away,eczema,2,synthetic_llm
skin red itchy plaster,contact_dermatitis,1,synthetic_llm
face look bumpy uneven red spot blackhead nothing seems help,acne,0,synthetic_llm
burning rash hand front leg after cleaning chemical spill lab rinsed water bit look red shiny hurt more itch,contact_dermatitis,1,synthetic_llm
red face after coffee every morning,rosacea,6,synthetic_llm
underarms red sore ever since switched scented antiperspirant,contact_dermatitis,1,synthetic_llm
red blotchy face,rosacea,6,synthetic_llm
scalp red thick-scaled since college 40 stop medicated shampoo all roar back,psoriasis,4,synthetic_llm
cluster small red bump chin tender touch,acne,0,synthetic_seed
super dry skin cracked heel itchy leg,eczema,2,synthetic_llm
not single bump face everything else itchy hand arm lower half body,scabies,7,synthetic_llm
patch redness across nose both cheek get worse hot drink,rosacea,6,synthetic_llm
itching since camping trip nothing help,scabies,7,synthetic_llm
itchy flaky skin between toe right foot,ringworm,5,synthetic_llm
dark spot left after pimple brown skin,acne,0,synthetic_llm
help skin cracked oozing all over arm,eczema,2,synthetic_llm
red cheek nose sting bit mostly after hot shower sauna,rosacea,6,synthetic_llm
flare after taking ibuprofen drinking thick red patch back covered,psoriasis,4,synthetic_llm
ugh skin flaring itchy red patch chest back neck,eczema,2,synthetic_llm
blackhead nose gotten way worse since summer pore look huge,acne,0,synthetic_llm
dark itchy ring back doesnt hurt,ringworm,5,synthetic_llm
year old keep waking scratching knee elbow skin dry little red no blister using baby lotion not enough,eczema,2,synthetic_llm
pigment loss back hand,vitiligo,9,synthetic_llm
bump forehead wont go away,acne,0,synthetic_llm
patch inner thigh thats itchy thick month got worse scratch,eczema,2,synthetic_llm
pimple like spot elbow knee terrible nighttime itching,scabies,7,synthetic_seed
pimple scar dark mark cheek,acne,0,synthetic_llm
scratchy skin burn put moisturizer,eczema,2,synthetic_llm
itchy groin rash stop before reach scrotum,ringworm,5,synthetic_llm
bleached looking patch above lip,vitiligo,9,synthetic_llm
red bump face,acne,0,synthetic_llm
red scaly ring dark skin look brownish purple edge itch,ringworm,5,synthetic_llm
noticed track mark between toe along severe itching night,scabies,7,synthetic_seed
skin hand dry itchy tell washing happens even day,eczema,2,synthetic_llm
face skin gradually turning white fine touch no scale,vitiligo,9,synthetic_llm
itchy red rash foot flare wear certain shoe,eczema,2,synthetic_seed
skin eyebrow flaking much tiny bit drift rub forehead,seborrheic_dermatitis,8,synthetic_llm
scratch skin raw night itching intense,eczema,2,synthetic_seed
white patch scalp causing white hair grow area,vitiligo,9,synthetic_seed
itching hit right get under cover mostly soft skin wrist thigh,scabies,7,synthetic_llm
bump redness scalp after used new hair dye burning not itching,contact_dermatitis,1,synthetic_llm
bump all over after swimming cold lake,hives,3,synthetic_llm
red patch face neck sting more itch started after new serum deep brown skin look darker bit ashy around edge stopped serum using plain moisturizer,contact_dermatitis,1,synthetic_llm
rash strap rub,contact_dermatitis,1,synthetic_llm
after sister wedding noticed cheek looked spotty red brown bump used lot heavy makeup week few pimple sore,acne,0,synthetic_llm
redness cheek nose not go away even moisturizer,rosacea,6,synthetic_llm
started college stress breakout everywhere chin cheek,acne,0,synthetic_llm
skin getting lighter spot,vitiligo,9,synthetic_llm
caught skin infection gym circular red rash,ringworm,5,synthetic_seed
not sure rash itchy night hand waist,scabies,7,synthetic_llm
skin red very scaly sore all,psoriasis,4,synthetic_llm
itchy hot lump keep coming cluster lower back flatten after,hives,3,synthetic_llm
raised itchy welt appeared under waistband jean press not scaly all,hives,3,synthetic_llm
year old rubbing hand foot bedsheets day tiny red bump scab tried diaper rash cream moisturizer nothing helped arm itch,scabies,7,synthetic_llm
bald scaly circle head toddler,ringworm,5,synthetic_llm
broken capillary nose cheek,rosacea,6,synthetic_llm
foot itchy red swollen after wearing new boot leather touch,contact_dermatitis,1,synthetic_llm
scalp itch plus burning after sweating,seborrheic_dermatitis,8,synthetic_llm
scalp flaking quite mild beard gotten bad itchy red skin greasy scale underneath shaving make better few day told try anti dandruff shampoo face,seborrheic_dermatitis,8,synthetic_llm
bumpy red nose getting bigger,rosacea,6,synthetic_llm
forehead covered blackhead whitehead,acne,0,synthetic_seed
red scaly patch mid chest greasy yellow flake,seborrheic_dermatitis,8,synthetic_seed
every time beer whole face light feel like burning,rosacea,6,synthetic_llm
red scaly skin ankle flare cold weather,psoriasis,4,synthetic_seed
cheek burn step sun even ten minute,rosacea,6,synthetic_llm
annular red lesion abdomen slightly raised border,ringworm,5,synthetic_seed
pale irish skin 34 year old cheek flush crazy easy small red dot sometimes fill pu washing hot water seems trigger,rosacea,6,synthetic_llm
foot blister peel arch itch like crazy summer,ringworm,5,synthetic_llm
armpit fire red after switching deodorant brand not really itchy,contact_dermatitis,1,synthetic_llm
rash scalp ear wont go,seborrheic_dermatitis,8,synthetic_llm
itchy raised welt back appeared after eating peanut,hives,3,synthetic_seed
circular patch jawline tiny bump along edge,ringworm,5,synthetic_seed
scalp get extremely itchy produce large greasy flake stressed,seborrheic_dermatitis,8,synthetic_seed
country call itch night skin small bump finger itch very bad,scabies,7,synthetic_llm
itching tiny blister palm finger since switched job car wash,contact_dermatitis,1,synthetic_llm
cheek get flushed fast flush hang around much longer people,rosacea,6,synthetic_llm
clogged pore nose chin blackhead inflammation,acne,0,synthetic_seed
wife say nose getting redder puffier three year no itching no pain thicker looking skin visible vein 58 drink few beer weekend,rosacea,6,synthetic_llm
red nose bumpy skin thick,rosacea,6,synthetic_llm
34 week pregnant tried new body lotion last week belly arm itchy red rash tiny bump stopped lotion yesterday already less angry,contact_dermatitis,1,synthetic_llm
itchy red patch buttock inner thigh after long hot bike ride,ringworm,5,synthetic_llm
cold weather cheek turn deep red sting like crazy come inside,rosacea,6,synthetic_llm
white patch both knee symmetrical,vitiligo,9,synthetic_llm
itchy bump armpit wrist none face scalp,scabies,7,synthetic_llm
lip skin around cracked itchy,eczema,2,synthetic_llm
scratching inside elbow turned skin dark bumpy,eczema,2,synthetic_llm
scrotum itchy red nodule wrist tiny bump scratching week,scabies,7,synthetic_llm
head feel like crust lift whole scab white leaf red raw skin tiny bleeding point,psoriasis,4,synthetic_llm
swollen itchy patch calf gone dinner back next morning,hives,3,synthetic_llm
flaky scalp tight feeling after washing,seborrheic_dermatitis,8,synthetic_llm
red dot thigh itch nonstop,scabies,7,synthetic_llm
rash chest red sharply outlined sticky ecg pad itch lot,contact_dermatitis,1,synthetic_llm
nothing visible really except few scratch mark hand itch intensely every night after get bed,scabies,7,synthetic_llm
get psoriasis flare ups red itchy patch stressed,psoriasis,4,synthetic_seed
greasy yellow scale behind ear come back after scrape,seborrheic_dermatitis,8,synthetic_llm
white patch forehead hairline white streak hair,vitiligo,9,synthetic_llm
skin dry itchy month nothing pharmacy work tried lotion oatmeal bath even coconut oil mostly inside elbow get worse sweat,eczema,2,synthetic_llm
itchy pimple like rash around waistline navel area,scabies,7,synthetic_seed
scratch skin raise red line,hives,3,synthetic_llm
rash skin sticker,contact_dermatitis,1,synthetic_llm
strange white area skin doesnt tan anymore,vitiligo,9,synthetic_llm
kid scratching hand all day school sent note,scabies,7,synthetic_llm
both eyebrow flaky white scale slight pink tint notice more after shave face,seborrheic_dermatitis,8,synthetic_llm
cracked itchy skin both leg worse after shaving,eczema,2,synthetic_llm
rash hand arm itchy dry flaky,eczema,2,synthetic_llm
16 face breaking since last year tried toothpaste pimple apple cider vinegar nothing work kid school started commenting,acne,0,synthetic_llm
toddler itchy bump palm sol,scabies,7,synthetic_llm
extremely dry irritated skin around mouth peel sting,eczema,2,synthetic_seed
dandruf bad cant even wear black,seborrheic_dermatitis,8,synthetic_llm
one side white patch along arm,vitiligo,9,synthetic_llm
unexplained scaly patch keep coming back elbow two doctor cream help return week,psoriasis,4,synthetic_llm
get patch thick silvery skin crack hurt around joint,psoriasis,4,synthetic_llm
not painful all very itchy swollen patch forearm vanished evening,hives,3,synthetic_llm
day forehead brow perfectly fine day look red shed flake like crazy,seborrheic_dermatitis,8,synthetic_llm
blackhead all over nose,acne,0,synthetic_llm
ringworm arm cream,ringworm,5,synthetic_llm
large area skin losing color torso,vitiligo,9,synthetic_seed
skin combo dry cheek oily forehead get pimple forehead nose tried changing pillowcase weekly still new one every few day,acne,0,synthetic_llm
white patch beside nose growing slowly not scaly,vitiligo,9,synthetic_llm
red irritated patch toddler face keep scratching,eczema,2,synthetic_llm
very noticeable white skin black person hand explain every day stranger not contagious,vitiligo,9,synthetic_llm
bumpy scale shin get worse after shave,psoriasis,4,synthetic_llm
scalp get flaky greasy time,seborrheic_dermatitis,8,synthetic_llm
itchy weeping patch behind ear crust over come back,eczema,2,synthetic_seed
acne face wont clear,acne,0,synthetic_llm
brown skin turned flat white finger around mouth not hurt no bump spreading month get really anxious photo,vitiligo,9,synthetic_llm
red spot cheek chin,acne,0,synthetic_llm
inside ear get itchy flaky cold weather not stop poking pinky,seborrheic_dermatitis,8,synthetic_llm
scaly skin wrist no itch moment flare,eczema,2,synthetic_llm
raw red patch bend elbow sting scratch,eczema,2,synthetic_llm
eyelid lip look swollen itchy welt chest,hives,3,synthetic_llm
two day new protein powder raised itchy welt chest arm stopped yesterday fading not know still see someone,hives,3,synthetic_llm
ring shaped rash chest spreading two week,ringworm,5,synthetic_seed
rough patch skin knee itch night,eczema,2,synthetic_llm
red itchy skin around watch strap nothing else,contact_dermatitis,1,synthetic_llm
inside knee red rough since last week,eczema,2,synthetic_llm
sleepless itchy hand,scabies,7,synthetic_llm
feel like something crawling under skin hand night see few red bump,scabies,7,synthetic_llm
scalp thick crusty plaque bleed little pick scale,psoriasis,4,synthetic_llm
large thick plaque buttock silver white coating,psoriasis,4,synthetic_seed
small burrow line visible wrist extreme itchiness,scabies,7,synthetic_seed
rash got big ring shape im scared something serious,ringworm,5,synthetic_llm
something chest look like pimple red bit sore month,acne,0,synthetic_llm
scaly skin behind ear no itch,seborrheic_dermatitis,8,synthetic_llm
pls help pimple cheek leaving black mark,acne,0,synthetic_llm
red swollen eyelid after using new eye makeup,contact_dermatitis,1,synthetic_seed
awful breakout across both cheek nodule size pea,acne,0,synthetic_llm
deep sore bump cheek no head,acne,0,synthetic_llm
chest acne red bump occasional whitehead,acne,0,synthetic_seed
face oily noon get new pimple around nose constantly,acne,0,synthetic_llm
spot face brown raised dark skin pu,acne,0,synthetic_llm
pale area around belly button waistband jean rub growing year no itching all,vitiligo,9,synthetic_llm
year old white spot chin getting wider say feel totally normal,vitiligo,9,synthetic_llm
symmetrical white patch both knee,vitiligo,9,synthetic_seed
white splotch face dont hurt,vitiligo,9,synthetic_llm
red rash,psoriasis,4,synthetic_llm
nephew light patch hand something kid get,vitiligo,9,synthetic_llm
itchy rash groin fold distinct ring pattern,ringworm,5,synthetic_seed
began tiny white dot chin during college two year joined others near mouth eye covered makeup take forever every morning,vitiligo,9,synthetic_llm
skin itch night between finger specifically,scabies,7,synthetic_llm
scaly rash forehead face hairline,psoriasis,4,synthetic_llm
face many red spot little pu 20 year,acne,0,synthetic_llm
strange dandruff get better after sun exposure return whenever stay indoors winter,seborrheic_dermatitis,8,synthetic_llm
back neck broke rash right after salon colored hair,contact_dermatitis,1,synthetic_llm
flaky red skin baby scalp forehead scratch,eczema,2,synthetic_llm
get hot itchy night arm look pinkish red many tiny bump scratch mark,scabies,7,synthetic_llm
pimple-like itchy bump along waistline,scabies,7,synthetic_llm
mom rosacea starting get redness cheek,rosacea,6,synthetic_llm
pimple lower back near waistband get irritated sit,acne,0,synthetic_llm
last month toddler red dot armpit hand cry scratch whenever get dark,scabies,7,synthetic_llm
red patch belly button area scaly white buildup,psoriasis,4,synthetic_seed
nose red big vein very ugly pls help,rosacea,6,synthetic_llm
husband noticed scratch behind ear lot looked mirror reddish flaky skin little crack fold used regular body lotion without much change,seborrheic_dermatitis,8,synthetic_llm
inflamed itchy skin fingertip crack peeling hurt grip,eczema,2,synthetic_llm
red scaly rash itch worse night,eczema,2,synthetic_llm
55 year old woman started around menopause hit hot flush plus red face bump cheek look like pu filled pimple over counter benzoyl peroxide dried made worse,rosacea,6,synthetic_llm
large puffy red patch back lasted four hour,hives,3,synthetic_seed
crusty oozing rash behind toddler ear keep returning,eczema,2,synthetic_seed
dry red patch forehead keep flaking no matter,psoriasis,4,synthetic_seed
dad dementia life u over few week developed thick crusty patch hand foot scratch nonstop wife itching evening mainly wrist,scabies,7,synthetic_llm
strange swollen bump back look like pale pink blob itch come wave,hives,3,synthetic_llm
winter worst face red sting little bump appear across cheek after outside cold tried aloe coconut oil neither helped,rosacea,6,synthetic_llm
child scratching constantly especially night bump wrist,scabies,7,synthetic_seed
crack between toe sole dry like moccasin like year thought dry skin,ringworm,5,synthetic_llm
hair turning white small patch scalp,vitiligo,9,synthetic_seed
recently moved humid city face full whitehead,acne,0,synthetic_llm
daily facial redness burning feeling spike after coffee chocolate,rosacea,6,synthetic_llm
started noticing rough red patch knee few week ago after bad cold second one knee white scaly layer flake scratch tried hydrocortisone cream pharmacy barely made dent,psoriasis,4,synthetic_llm
sudden red patch forearm after cat visited vet skin issue maybe linked,ringworm,5,synthetic_llm
work daycare few kid rash recently itching hand wrist under breast put calamine lotion cooled bit night awful,scabies,7,synthetic_llm
white patch look shiny smooth hand wrist,vitiligo,9,synthetic_llm
heavy white dandruff falling shoulder no matter often wash,seborrheic_dermatitis,8,synthetic_seed
peeling skin between toe smell bad,ringworm,5,synthetic_llm
small red pu filled bump cheek look like acne,rosacea,6,synthetic_seed
itchy red rash hip waistband elastic sits,contact_dermatitis,1,synthetic_llm
face look swollen red around nose cheek after drinking alcohol,rosacea,6,synthetic_llm
patch back lost color hair white,vitiligo,9,synthetic_llm
itchy toe peeling pls help,ringworm,5,synthetic_llm
itchy red patch leg after shaving new shaving cream,contact_dermatitis,1,synthetic_seed
arm covered red bump itch move around,hives,3,synthetic_llm
face feel tight burning after trying friend serum red blotchy no bump,contact_dermatitis,1,synthetic_llm
itchy scaly spot leg keep coming back,eczema,2,synthetic_llm
darker skin patch look ashy grey brown super itchy mostly shin,eczema,2,synthetic_llm
red swollen pimple tip nose very painful,acne,0,synthetic_seed
visible zigzag line skin hand terrible nighttime itch,scabies,7,synthetic_seed
face puffy itchy after peanut,hives,3,synthetic_llm
developed hive face throat after taking ibuprofen,hives,3,synthetic_seed
bump face since puberty,acne,0,synthetic_llm
beard itch flaky red skin underneath get worse stress,seborrheic_dermatitis,8,synthetic_seed
wont one painful bump cheek go away,acne,0,synthetic_llm
scalp bald patch scaly red border,ringworm,5,synthetic_seed
noticed red circle calf grew bigger over week,ringworm,5,synthetic_seed
two week itchy red scaly rash groin spreading inner thigh delivery driver sit all day sweaty pant antifungal spray pharmacy helped little came back stopped,ringworm,5,synthetic_llm
patch smooth white sharp edge no scaling no redness pale skin normal year ago hip lower back,vitiligo,9,synthetic_llm
inner elbow behind knee always red dry itchy,eczema,2,synthetic_seed
husband mechanic hand cracked red peeling degreaser no rash anywhere else body improves bit vacation say burn more itch,contact_dermatitis,1,synthetic_llm
hand itchy flaking since started wearing nitrile glove dishwashing figured glove would protect taking skin look red shiny,contact_dermatitis,1,synthetic_llm
skin go raised scratch like map,hives,3,synthetic_llm
itchy red lesion elbow worsen drink alcohol,psoriasis,4,synthetic_seed
pimple spread chin neck over past two month tender deep 28 worst skin ever,acne,0,synthetic_llm
flaky scalp also eyebrow no oiliness dry silvery,psoriasis,4,synthetic_llm
face red itchy bit puffy,hives,3,synthetic_llm
think reacted something restaurant within hour lip tingled swelled large welt came stomach took antihistamine bag helped still shaky,hives,3,synthetic_llm
cant sleep bc itching welt everywhere,hives,3,synthetic_llm
skin shin red thick peeling layer started small last spring cover both leg,psoriasis,4,synthetic_llm
scalp scale patchy bald area 10 yo girl braid,ringworm,5,synthetic_llm
cheek stay flushed evening feel warm like fever not,rosacea,6,synthetic_llm
pimple hairline hair oil,acne,0,synthetic_llm
skin around beard red itchy flaking let grow past two week,seborrheic_dermatitis,8,synthetic_llm
center face red bumpy never acne teenager,rosacea,6,synthetic_llm
eye look puffy skin flaky red lid idk eyedrop,contact_dermatitis,1,synthetic_llm
dry flaky patch eyelid red irritated,eczema,2,synthetic_seed
rash all over after medicine much itch cant focus class,hives,3,synthetic_llm
oily face breakout teenager,acne,0,synthetic_llm
itchy wheal torso keep appearing different spot,hives,3,synthetic_seed
itching web finger started month ago using steroid cream old prescription calm couple hour come back more rash spread wrist,scabies,7,synthetic_llm
gritty red eye red cheek,rosacea,6,synthetic_llm
burn itch around eye hay fever whole life,eczema,2,synthetic_llm
back shoulder get itchy dry patch every autumn,eczema,2,synthetic_llm
pls help red rash hand after wearing glove painting itchy,contact_dermatitis,1,synthetic_llm
mainly around mouth chin small red bump white top use lot makeup work always remove night skin feel tight oily,acne,0,synthetic_llm
light brown bump skin itch lot mostly hand stomach seem spreading,scabies,7,synthetic_llm
normal baby scalp look like thick yellow scale,seborrheic_dermatitis,8,synthetic_llm
dark skin patch look ashy scaly circle itchy,ringworm,5,synthetic_llm
spot lost color around nose,vitiligo,9,synthetic_llm
after week beach noticed itchy red half circle groin crease showering drying well still sting sweat tried baby powder nothing,ringworm,5,synthetic_llm
persistent redness chin cheek plus small red dot sometimes pu,rosacea,6,synthetic_llm
thick leathery patch ankle rubbing scratching over year,eczema,2,synthetic_seed
circular itchy patch size coin wrist after applying clotrimazole ten day started clearing wondering keep going,ringworm,5,synthetic_llm
tinea corporis chest,ringworm,5,synthetic_llm
red scaly patch skin fold behind ear come go,seborrheic_dermatitis,8,synthetic_seed
pregnant month noticed itchy ring belly not sure cream safe,ringworm,5,synthetic_llm
big red bump nose sore yellow center go away,acne,0,synthetic_llm
elderly dad itchy raised blotch back since starting new blood pressure pill,hives,3,synthetic_llm
three week ago sore throat back arm dotted small salmon colored scaly dot little itchy,psoriasis,4,synthetic_llm
skin oily pimple all day pls suggest,acne,0,synthetic_llm
painful inflamed cyst cheek take week heal,acne,0,synthetic_seed
whenever get stressed work face flush red feel hot hour,rosacea,6,synthetic_llm
itchy blotch torso every evening,hives,3,synthetic_llm
scalp covered yellowish greasy scale stick hair itch lot night,seborrheic_dermatitis,8,synthetic_llm
redness forehead cheek warm touch,rosacea,6,synthetic_llm
big swollen area cheek itch appeared ten minute fading,hives,3,synthetic_llm
neck itchy darker usual after wearing nickel necklace week,contact_dermatitis,1,synthetic_llm
red patch belly adhesive patch,contact_dermatitis,1,synthetic_llm
62 crease face red scaly mainly around nose eyebrow month,seborrheic_dermatitis,8,synthetic_llm
get red puffy bump arm whenever drink wine,hives,3,synthetic_llm
itchy bump circle wrist,ringworm,5,synthetic_llm
swollen itchy lip morning,hives,3,synthetic_llm
burning red skin face after applying sunscreen never used before,contact_dermatitis,1,synthetic_seed
forehead bumpy since started wearing school hat look like row small whitehead tried rubbing alcohol made skin peel,acne,0,synthetic_llm
dry flaky face zone nose not cheek,seborrheic_dermatitis,8,synthetic_llm
open closed comedo scattered all over chin nose,acne,0,synthetic_seed
scaly ring shaped spot appearing chest,ringworm,5,synthetic_seed
cracked dry hand dish soap,contact_dermatitis,1,synthetic_llm
blotchy itchy skin since yesterday,hives,3,synthetic_llm
plaque lower back pink edge silvery interior sort itchy night,psoriasis,4,synthetic_llm
hand crack peel constant handwashing sanitizer use,contact_dermatitis,1,synthetic_seed
elbow forearm covered raised welt after gardening very itchy no blister already faded,hives,3,synthetic_llm
patch leg look dark purple skin tone dry gray-white layer sometimes sting really itch,psoriasis,4,synthetic_llm
circular bald patch scalp broken hair red flaky border,ringworm,5,synthetic_seed
white patch all over body 33 sun make pink sore never tan tried steroid cream pharmacy month saw tiny bit color edge,vitiligo,9,synthetic_llm
new job care facility after three week hand started itching night forearm tiny red bump few thin line near thumb not hurt no blistering itch,scabies,7,synthetic_llm
year thought blushed easily visible little vein both cheek pink never fully fade hydrocortisone cream calmed bit came back worse,rosacea,6,synthetic_llm
white blotch appeared face after stress work,vitiligo,9,synthetic_llm
wrestling partner rash ring shoulder,ringworm,5,synthetic_llm
leg very dry ashy patch crack become painful,eczema,2,synthetic_seed
few hour after weeding garden got streaky itchy bump all over leg,contact_dermatitis,1,synthetic_llm
get chronic hive almost every day week not find cause,hives,3,synthetic_seed
everything scalp look fine except constant white flake redness near crown,seborrheic_dermatitis,8,synthetic_llm
pimple not going away even face wash lol,acne,0,synthetic_llm
skin around nipple itchy small red bump also itch between finger,scabies,7,synthetic_llm
get pimple every time before period annoying,acne,0,synthetic_llm
reason cheek flush bright red whenever eat spicy food,rosacea,6,synthetic_llm
skin break every time eat dairy product bump face,acne,0,synthetic_seed
dry irritated eye red face,rosacea,6,synthetic_llm
itchy scaly patch leg after sharing towel brother,ringworm,5,synthetic_llm
dealing month plaque elbow knee thick dry moisturizer help hour pregnant scared try anything strong flare sleep,psoriasis,4,synthetic_llm
coin sized scaly patch back neck itchy,ringworm,5,synthetic_llm
red inflamed skin wrist watch clasp touch skin,contact_dermatitis,1,synthetic_seed
forehead nose bridge always pink visible tiny capillary,rosacea,6,synthetic_seed
recurring breakout temple hairline area,acne,0,synthetic_seed
itchy spot chin slowly getting circular,ringworm,5,synthetic_llm
weird scaly spot armpit greasy little red not shave anymore,seborrheic_dermatitis,8,synthetic_llm
wrist skin between finger itch badly night wake scratching bleeds,scabies,7,synthetic_llm
side nose red shiny white flaking makeup make look worse,seborrheic_dermatitis,8,synthetic_llm
weird one palm both foot scaly hand clean dermatology appointment month like understand could,ringworm,5,synthetic_llm
scaling dark patch elbow knee look grayish top brown underneath,psoriasis,4,synthetic_llm
after pregnancy noticed itchy red patch under breast groin fold look scaly edge sweat make worse not sure cream okay breastfeeding,ringworm,5,synthetic_llm
red bumpy rash lower abdomen groin itch intensely bedtime,scabies,7,synthetic_seed
seb derm nose ear tip,seborrheic_dermatitis,8,synthetic_llm
elderly father nose become red bumpy swollen over many year say not hurt itch people stare also complains dry red eye,rosacea,6,synthetic_llm
round red lesion forearm healing center active edge,ringworm,5,synthetic_seed
big bump cheek red swollen five day squeeze warm compress nothing throb bend over,acne,0,synthetic_llm
went cruise sun left cheek fiery red bumpy week even month later flush easily wear hat everywhere,rosacea,6,synthetic_llm
got small red vein face spreading,rosacea,6,synthetic_llm
scalp rash,psoriasis,4,synthetic_llm
red patch well defined border knee,psoriasis,4,synthetic_seed
rash groin thigh itch worse night overweight sweat lot,ringworm,5,synthetic_llm
pressure hive forming waist belt sits tight,hives,3,synthetic_seed
eyelid flake red scaly eyebrow,seborrheic_dermatitis,8,synthetic_llm
itchy patch arm burn touch anything since used new bug spray,contact_dermatitis,1,synthetic_llm
rash arm look like ring also somewhat bumpy itchy,ringworm,5,synthetic_llm
cause patch skin lose color feel completely normal touch,vitiligo,9,synthetic_llm
rash itching after visiting uncle hospital,scabies,7,synthetic_llm
skin under wedding ring gotten red scaly itch like crazy,contact_dermatitis,1,synthetic_llm
intense itch between toe wrist tiny blister,scabies,7,synthetic_seed
scalp full white flake itch tried lemon still,seborrheic_dermatitis,8,synthetic_llm
big painful pimple chin dont know remove,acne,0,synthetic_llm
face get blotchy red after exercise take like two hour go back normal,rosacea,6,synthetic_llm
red irritated skin hand sore tight after week working lab disinfectant,contact_dermatitis,1,synthetic_llm
skin lower back red itchy heating pad sat,contact_dermatitis,1,synthetic_llm
scratchy rash leg wont stop itching,eczema,2,synthetic_llm
red irritated patch between eyebrow yellowish greasy scale,seborrheic_dermatitis,8,synthetic_seed
skin oily get blackhead nose tiny bump forehead tried pore strip weekly remove blackhead return day,acne,0,synthetic_llm
gym rash groin ring chest,ringworm,5,synthetic_llm
muscle guy gym ring chest got one,ringworm,5,synthetic_llm
vitiligo fungus white spot arm,vitiligo,9,synthetic_llm
skin peel crack fingertip handling cardboard all day,contact_dermatitis,1,synthetic_seed
baby developed diaper rash after switching new diaper brand,contact_dermatitis,1,synthetic_seed
pink ring raised border arm 70 live cat,ringworm,5,synthetic_llm
itchy rash leg arm,eczema,2,synthetic_llm
scaly patch hair people mistake dandruff rough raised,psoriasis,4,synthetic_llm
student 21 stressed during exam cheek flaring red pimple not normal acne no blackhead all tried apple cider vinegar terrible,rosacea,6,synthetic_llm
itchy bump around belt line underwear area worst night,scabies,7,synthetic_seed
scale scalp no hair loss little itch,psoriasis,4,synthetic_llm
nothing help red flushing face even green tinted concealer barely cover,rosacea,6,synthetic_llm
blister swelling foot after wearing rubber sandal,contact_dermatitis,1,synthetic_seed
skin behind ear red cracking bit flaky bit look like wax,seborrheic_dermatitis,8,synthetic_llm
scalp problem dry scale leaf little bleeding dot no oily feeling,psoriasis,4,synthetic_llm
face shoulder very oily constant new pimple 18 took exam flared mom bought gentle cleanser helped slightly,acne,0,synthetic_llm
round red patch forearm scaly border keep getting little bigger every week,ringworm,5,synthetic_llm
red itchy thing crotch pls,ringworm,5,synthetic_llm
lol foot peeling week toe itch like mad,ringworm,5,synthetic_llm
depigmented streak hair along white patch scalp,vitiligo,9,synthetic_seed
cold air give itchy bump,hives,3,synthetic_llm
honestly look like red scaly patch wrist size coin got new bracelet last week thought nothing itch mostly night cheap steroid cream drugstore calmed,contact_dermatitis,1,synthetic_llm
hand sanitizer made hand raw,contact_dermatitis,1,synthetic_llm
round patch appearing leg after hiking itching slightly raised,ringworm,5,synthetic_llm
red scaly rash ear bleeds easily irritated,psoriasis,4,synthetic_seed
small red dot all over body appeared after strep throat,psoriasis,4,synthetic_seed
never skin problem turned 55 thick red flaking patch both elbow scalp shedding doctor said stop picking itch come wave especially night,psoriasis,4,synthetic_llm
16 year old very flaky scalp hairline red scaly friend noticed flake hoodie made really self conscious tried apple cider vinegar rinse stung,seborrheic_dermatitis,8,synthetic_llm
got red pimple cheek no blackhead whitehead all,rosacea,6,synthetic_llm
persistent flaky scalp thick crust go away regular shampoo,psoriasis,4,synthetic_seed
month old fussy scratching small blister both foot,scabies,7,synthetic_llm
nail become pitted separating nail bed,psoriasis,4,synthetic_seed
raised patch skin look pale middle red edge keep changing shape,hives,3,synthetic_llm
told dandruff thick stuck scalp extends neck red plaque,psoriasis,4,synthetic_llm
very itchy scalp white yellow flake hair also oily,seborrheic_dermatitis,8,synthetic_llm
red itchy rash both inner thigh spreading toward butt worse humid weather cream diaper rash didnt help,ringworm,5,synthetic_llm
itchy red patch scalp,psoriasis,4,synthetic_llm
daughter scalp oily brown yellow plaque look worse after applied olive oil,seborrheic_dermatitis,8,synthetic_llm
red spot across shoulder upper back get worse sweat,acne,0,synthetic_llm
face turn red after one drink,rosacea,6,synthetic_llm
cracked painful skin palm small pustule come go not infected according nurse,psoriasis,4,synthetic_llm
keep getting itchy ring thing every time work gym,ringworm,5,synthetic_llm
purplish gray patch thick scale shin dark skin tight sore,psoriasis,4,synthetic_llm
bump cheek started forty look like acne without blackhead,rosacea,6,synthetic_llm
expanding ring shaped lesion back itch,ringworm,5,synthetic_seed
help normal scalp feel hard bumpy under hair,psoriasis,4,synthetic_llm
red flaky skin both side nose not cleared week,seborrheic_dermatitis,8,synthetic_llm
splotchy purple brown itchy mark shin after walking weed,contact_dermatitis,1,synthetic_llm
whole scalp red thick hard crust itch like crazy get time year,psoriasis,4,synthetic_llm
cant sleep itching leg streak tiny blister since helped clear brush yesterday,contact_dermatitis,1,synthetic_llm
loose white patch back neck,vitiligo,9,synthetic_llm
swelling finger toe painful joint morning red scaly patch knee,psoriasis,4,synthetic_llm
teenage son came back wrestling camp itchy scaly ring cheek another shoulder tried moisturizer nothing happened embarrassed go school,ringworm,5,synthetic_llm
well defined red plaque white scale both elbow not really itchy,psoriasis,4,synthetic_llm
doctor said eczema cream help itching wrist between finger else could,scabies,7,synthetic_llm
dandruff wont go away,seborrheic_dermatitis,8,synthetic_llm
psoriasis flare scalp,psoriasis,4,synthetic_llm
itchy rash inside wrist,eczema,2,synthetic_llm
noticed knuckle fingertip losing color turning white,vitiligo,9,synthetic_seed
flaking skin upper back slight itching greasiness,seborrheic_dermatitis,8,synthetic_seed
noticed itchy pimple-looking spot private area also between finger get worse night,scabies,7,synthetic_llm
rash chest metal pendant necklace,contact_dermatitis,1,synthetic_seed
all over rash red itchy dry think whole body flaring,eczema,2,synthetic_llm
stinging face use moisturizer,rosacea,6,synthetic_llm
live farm several round itchy patch hand forearm after helping calf crusty washing lot keep multiplying,ringworm,5,synthetic_llm
used clear skin after wedding stress face covered sore red pimple using honey turmeric mask please tell might,acne,0,synthetic_llm
seborrheic dermatitis flaring eyebrow,seborrheic_dermatitis,8,synthetic_llm
rash wont heal red dry itchy stomach,eczema,2,synthetic_llm
tip nose cheek go red cold air stay red indoors,rosacea,6,synthetic_llm
white spot dark skin face,vitiligo,9,synthetic_llm
comedo papule across zone area,acne,0,synthetic_seed
pigment loss forehead after skin injury,vitiligo,9,synthetic_llm
red dry itchy skin finger every winter since started wearing hand cream aunt,contact_dermatitis,1,synthetic_llm
constant urge scratch wrist hand especially after hot shower,scabies,7,synthetic_seed
itchy bump after starting antibiotic,hives,3,synthetic_llm
three week bunch painful bump back shoulder started after began lifting weight tight clothes salicylic acid wash helped slightly,acne,0,synthetic_llm
thickened itchy skin back neck get worse anxious,eczema,2,synthetic_llm
pimple appear shoulder mostly wear backpack strap long day,acne,0,synthetic_llm
patch pink greasy scale middle chest come go every few month,seborrheic_dermatitis,8,synthetic_llm
itchy patch weep clear fluid scratch,eczema,2,synthetic_seed
washed hand cold water within minute knuckle puffed itchy red welt thing happens grab frozen vegetable sister say run family,hives,3,synthetic_llm
cheek little pu bump skin feel greasy even right after washing,acne,0,synthetic_llm
itchy red patch appeared arm after using new body wash,contact_dermatitis,1,synthetic_seed
after turning 45 face started getting red bump look like acne nothing clear,rosacea,6,synthetic_llm
round red thing leg clear middle not painful itch,ringworm,5,synthetic_llm
every few day get puffy itchy lump hand foot not find reason,hives,3,synthetic_llm
red patch cheek nose dont fade,rosacea,6,synthetic_llm
toddler scratching hand foot nonstop scab finger itchy,scabies,7,synthetic_llm
cracked weepy skin ear canal outer ear itchy,eczema,2,synthetic_llm
itching night week think got friend couch,scabies,7,synthetic_llm
teenage daughter acne also flaky red patch around nostril edge hairline keep picking acne wash dried everything flake look greasy not dry,seborrheic_dermatitis,8,synthetic_llm
scaly red rash inner thigh 12 year old son play football,ringworm,5,synthetic_llm
rash shaped exactly like adhesive bandage wore arm,contact_dermatitis,1,synthetic_seed
back acne get worse summer sweat lot bump itch hurt lean chair shower right after work help,acne,0,synthetic_llm
22 living three roommate itching started hand week ago spread stomach thigh tried hydrocortisone cream cold compress night itching still awful scared share couch,scabies,7,synthetic_llm
using cotton swab scrape oily yellowish flake behind ear skin underneath pink,seborrheic_dermatitis,8,synthetic_llm
rough red patch cheek tiny pimple feel hot more itchy,rosacea,6,synthetic_llm
whenever run summer get tiny itchy bump surrounded red flare arm chest go away after cool twenty minute making skip workout,hives,3,synthetic_llm
earlobe red weepy every time wear cheap hoop earring,contact_dermatitis,1,synthetic_llm
itchy bump foot get worse night small track near arch,scabies,7,synthetic_llm
roommate told scabies itchy bump wrist stomach,scabies,7,synthetic_llm
white spot hand look like paint spilled,vitiligo,9,synthetic_llm
skin hand whitening tried coconut oil week no change,vitiligo,9,synthetic_llm
one side face swelled itchy welt husband say look like got stung,hives,3,synthetic_llm
welt look like raised red river across belly sting little scratched,hives,3,synthetic_llm
whitish smooth patch buttock,vitiligo,9,synthetic_llm
depigmented ring around mole arm growing wider,vitiligo,9,synthetic_seed
face became red swollen after facial treatment new product,contact_dermatitis,1,synthetic_seed
suddenly got red raised welt all over body very itchy,hives,3,synthetic_seed
itching under breast small bump,scabies,7,synthetic_llm
nose skin thickening becoming bumpy large pore,rosacea,6,synthetic_seed
red scaly skin mustache chin,seborrheic_dermatitis,8,synthetic_llm
work kitchen hand constantly wet red rough fissured crack bleed flex finger tried petroleum jelly night help bit never fully heals,contact_dermatitis,1,synthetic_llm
greasy yellowish flake scalp itching,seborrheic_dermatitis,8,synthetic_seed
ringworm always look like ring mine flat scaly patch leg,ringworm,5,synthetic_llm
red scaly spot torso after started new antidepressant,psoriasis,4,synthetic_llm
husband red thick itchy skin hand wrist scratch sleep,eczema,2,synthetic_llm
noticed nodule deep skin cheek never come head last week concealer hide hurt smile,acne,0,synthetic_llm
noticed nose getting bit bulbous red lately skin look thicker,rosacea,6,synthetic_llm
redness flaking around belly button ring shaped itch,ringworm,5,synthetic_llm
swollen finger like sausage plus red scaly skin elbow,psoriasis,4,synthetic_llm
get hive arm under lot stress,hives,3,synthetic_seed
depigmentation around eye mouth,vitiligo,9,synthetic_llm
redness cheek since twenty 46 bump visible vein sun stress big trigger currently using sensitive skin cleanser,rosacea,6,synthetic_llm
face flushing after wine ugh,rosacea,6,synthetic_llm
cradle cap month old scale keep coming back,seborrheic_dermatitis,8,synthetic_llm
big painful pimple near ear,acne,0,synthetic_llm
red inflamed skin armpit crease weeps sting,eczema,2,synthetic_seed
skin thick knee barely bend without splitting open stinging,psoriasis,4,synthetic_llm
one year old still patch thick scale scalp behind ear fine summer came back heater went pediatrician said no worry want know anything speed,seborrheic_dermatitis,8,synthetic_llm
bump chin look like pimple huge,acne,0,synthetic_llm
started getting itchy hand spread belly leg barely sleeping,scabies,7,synthetic_llm
itchy blister foot new shoe,contact_dermatitis,1,synthetic_seed
itchy red skin eyelid around eye worse after cry,eczema,2,synthetic_llm
scalp burning after hair dye,contact_dermatitis,1,synthetic_llm
itchy bump appear vanish morning,hives,3,synthetic_llm
flake scalp pile quickly after stop using medicated shampoo even week,seborrheic_dermatitis,8,synthetic_llm
college student dandruff gotten really bad during exam season head shoulder helped week scalp red edge flaking sheet also notice flaking behind ear,seborrheic_dermatitis,8,synthetic_llm
swollen patch wherever bag strap sits,hives,3,synthetic_llm
light patch ankle after cut healed,vitiligo,9,synthetic_llm
white depigmented spot appearing arm spreading slowly,vitiligo,9,synthetic_seed
foot skin peeling age assumed dry skin toe red itch badly after take shoe evening nurse wear closed shoe 12 hour,ringworm,5,synthetic_llm
red wheal back shoulder itch terribly after hot bath,hives,3,synthetic_seed
skin ankle ring tiny bump edge not hurting all,ringworm,5,synthetic_llm
eyebrow area look like fine powder skin below pink,seborrheic_dermatitis,8,synthetic_llm
deep red skin scale groove between buttock burn,psoriasis,4,synthetic_llm
swollen red bump neck chest,hives,3,synthetic_llm
large thick white flake keep falling scalp even right after wash hair,seborrheic_dermatitis,8,synthetic_llm
itchy welt after new medicine,hives,3,synthetic_llm
super itchy skin white flake redness crease arm,eczema,2,synthetic_llm
pustule red cheek,rosacea,6,synthetic_llm
itchy red crescent shaped rash crotch crease not scrotum,ringworm,5,synthetic_llm
25 keep getting one two big pimple side chin take ten day go away leave red mark picking make last longer,acne,0,synthetic_llm
small white spot finger not january,vitiligo,9,synthetic_llm
even though itch lot skin look bad few red speck wrist waist,scabies,7,synthetic_llm
welt under belt pressure something else itch fade after hour,hives,3,synthetic_llm
contact dermatitis rash appears hand after wash one brand soap,contact_dermatitis,1,synthetic_llm
face full red pimple two year wash twice day gentle cleanser sometimes use tea tree oil improves little come back,acne,0,synthetic_llm
noticed white spot foot not tan sun,vitiligo,9,synthetic_seed
oily scalp yellow scale,seborrheic_dermatitis,8,synthetic_llm
itchy redness flaking outer ear canal never fully clear,seborrheic_dermatitis,8,synthetic_seed
started wrestling season two itchy red ring neck one side coach say stay mat tried hydrocortisone made edge spread more,ringworm,5,synthetic_llm
tiny red bump baby palm make fuss rub hand,scabies,7,synthetic_llm
circular scaly patch shin appeared after playing football grass,ringworm,5,synthetic_seed
itchy flaky scalp since march,seborrheic_dermatitis,8,synthetic_llm
dry rough rash month old leg tummy no fever scratch sleep,eczema,2,synthetic_llm
pale skin patch no symptom look,vitiligo,9,synthetic_llm
rash clearing centre tiny red bump along edge not oozing lower back,ringworm,5,synthetic_llm
itchy rash groin after gym edge red raised middle look clearer,ringworm,5,synthetic_llm
dry itchy skin shoulder upper back after gym,eczema,2,synthetic_llm
dandruff spreading scalp forehead eyebrow keep flaking,seborrheic_dermatitis,8,synthetic_llm
purplish itchy bump forearm,scabies,7,synthetic_llm
burning red swollen skin forearm right after herbal compress neighbour recommended,contact_dermatitis,1,synthetic_llm
irritant contact dermatitis hand all handwashing work,contact_dermatitis,1,synthetic_llm
itchy skin winter summer fine,eczema,2,synthetic_llm
itchy rash anywhere skin touch work uniform mostly collar cuff,contact_dermatitis,1,synthetic_llm
scale everywhere help,psoriasis,4,synthetic_llm
dandruff like patch not shedding evenly one spot hair thin,ringworm,5,synthetic_llm
roommate say back look like whipped scratched bit after showering long raised red line came not hurt itch embarrassing pool,hives,3,synthetic_llm
patch started thigh size penny big palm pink edge kind scaly itch especially after shower,ringworm,5,synthetic_llm
few red bump hand itch badly sister one both sleep room,scabies,7,synthetic_llm
dark brown itchy bump wrist lot scratch mark,scabies,7,synthetic_llm
sore lump cheek jaw no itch,acne,0,synthetic_llm
scaly spot lower leg,psoriasis,4,synthetic_llm
skin breaking red scaly spot whenever drink heavily get sick 33 mostly torso want go strong med over-the-counter cortisone work few day,psoriasis,4,synthetic_llm
beard area crusty red patch hair loose doctor mentioned fungal infection animal,ringworm,5,synthetic_llm
persistent blushing nose apple cheek plus tiny bump like rash,rosacea,6,synthetic_llm
facial skin feel tight stingy after washing ongoing redness over cheekbone,rosacea,6,synthetic_llm
flaking eyebrow hairline,seborrheic_dermatitis,8,synthetic_llm
red rough patch baby ankle,eczema,2,synthetic_llm
red flushed face warm burning feeling last hour,rosacea,6,synthetic_seed
redness flaking crease beside nose,seborrheic_dermatitis,8,synthetic_seed
swollen red nose bumpy texture broken blood vessel,rosacea,6,synthetic_seed
red patch scale lower back since weather got cold,psoriasis,4,synthetic_llm
dark purple tint cheek flushing,rosacea,6,synthetic_llm
foot smell peel between toe raw,ringworm,5,synthetic_llm
scalp itchy flaky few year hairstylist told might fungus thing not dandruff,seborrheic_dermatitis,8,synthetic_llm
break hive whenever exercise get hot,hives,3,synthetic_seed
get raised itchy welt every time take hot shower,hives,3,synthetic_llm
get red bumpy rash wrist anytime wear costume jewelry,contact_dermatitis,1,synthetic_llm
not really painful itchy flaky skin chest get oily looking afternoon,seborrheic_dermatitis,8,synthetic_llm
red patch near armpit not itchy all ring little scale,ringworm,5,synthetic_llm
ring belly spreading,ringworm,5,synthetic_llm
notice tiny red vein appearing cheek side nose,rosacea,6,synthetic_seed
thick plaque back look black purple not red skin color scaly gray surface elbow,psoriasis,4,synthetic_llm
itchy raised patch leg come go all day long,hives,3,synthetic_seed
itchy bump scalp neck after dye,hives,3,synthetic_llm
last sunday spent day lake since face mess red burning small bump cheek tends flare after sun every time,rosacea,6,synthetic_llm
itchy blistery rash face after touching face plant sap hand,contact_dermatitis,1,synthetic_llm
lip chapped swollen burning since tried cinnamon flavored lip gloss,contact_dermatitis,1,synthetic_llm
over year skin gone few spot mostly white torso arm no itch no pain colour gone,vitiligo,9,synthetic_llm
redness both cheek nose few pimple started around 38th birthday,rosacea,6,synthetic_llm
get worse drink alcohol eat hot soup redness both cheek nose small pu bump appear day later going year,rosacea,6,synthetic_llm
bald round patch son head,ringworm,5,synthetic_llm
itchy wheal right after workout,hives,3,synthetic_llm
long allergic skin rash new bracelet usually last,contact_dermatitis,1,synthetic_llm
small bump wrist thin curved line next hand itch night,scabies,7,synthetic_llm
got back trip abroad two week ago itching started around small bump finger waist inner thigh no fever rash not painful all itch terribly after dark,scabies,7,synthetic_llm
circular red patch both arm slightly raised scaly,ringworm,5,synthetic_seed
pale patch lower leg sunburn never tan,vitiligo,9,synthetic_llm
whenever stress work chin break swollen red pimple,acne,0,synthetic_llm
red inflamed bump cheek pu,acne,0,synthetic_seed
red scaly patch behind both ear get oily flaky,seborrheic_dermatitis,8,synthetic_seed
roommate both developed intense itching time,scabies,7,synthetic_seed
skin get bumpy break after wearing face mask all day,acne,0,synthetic_seed
elderly parent thick crusted patch intense itch all over body,scabies,7,synthetic_seed
possible really itchy red plaque back head get scaly thick,psoriasis,4,synthetic_llm
welt after taking ibuprofen,hives,3,synthetic_llm
skin patch bleed tiny dot scale get scraped,psoriasis,4,synthetic_llm
inner thigh itchy red bump worse night,scabies,7,synthetic_llm
white patch neck not itchy,vitiligo,9,synthetic_llm
flaky hair line eyebrow redness not painfull,seborrheic_dermatitis,8,synthetic_llm
lately fingertip dry red peeling since started working hair salon,contact_dermatitis,1,synthetic_llm
could stress cause big itchy blotch chest neck before exam,hives,3,synthetic_llm
scalp extremely itchy yellow waxy buildup along hairline,seborrheic_dermatitis,8,synthetic_seed
red irritated rash fold baby neck arm,eczema,2,synthetic_seed
painful lump chin before period,acne,0,synthetic_llm
teenage son flake eyebrow along hairline never seem go away,seborrheic_dermatitis,8,synthetic_llm
itchy area body really blister ooze small bump scab scratching mainly around waist,scabies,7,synthetic_llm
got zit under skin hurt dont come,acne,0,synthetic_llm
skin tone very dark white patch stand lot started foot moved leg no symptom besides look,vitiligo,9,synthetic_llm
bumpy red patch chin flare temperature change,rosacea,6,synthetic_seed
patch no pigment thumb,vitiligo,9,synthetic_llm
normal round rash itchy edge not middle,ringworm,5,synthetic_llm
unbearable itch hand foot night visible tiny burrow,scabies,7,synthetic_seed
red cheek since pregnancy wont go away lol,rosacea,6,synthetic_llm
30 week pregnant two week hand itchy found little bump near armpit under belly told could pregnancy rash husband also,scabies,7,synthetic_llm
red rash spread armpit onto chest,ringworm,5,synthetic_llm
kid all scratching night,scabies,7,synthetic_llm
red rash behind knee,eczema,2,synthetic_llm
get small hive hand whenever handle raw flour,hives,3,synthetic_seed
got huge painful lump jawline two week,acne,0,synthetic_llm
red scaly spot chest nd back oily little itchy,seborrheic_dermatitis,8,synthetic_llm
red bump back hard painful ten day another smaller one showed beside no itch no fever,acne,0,synthetic_llm
skin back angry red bump pu hurt shirt,acne,0,synthetic_llm
45 year old truck driver long hour boot foot peeling cracked itchy arch groin itchy think spread foot put underwear,ringworm,5,synthetic_llm
white patch back hand few elbow cousin condition,vitiligo,9,synthetic_llm
bumpy dry itchy skin upper arm,eczema,2,synthetic_llm
red patch oily looking flake face,seborrheic_dermatitis,8,synthetic_seed
itch killing hand wrist butt cheek omg,scabies,7,synthetic_llm
rash face itchy red mostly around eye mouth,contact_dermatitis,1,synthetic_llm
something skin raised kinda itchy not sure,hives,3,synthetic_llm
six week itching get worse every night thought dry skin used heavy moisturizer allergy pill neither one made difference scratch scab all over belly thigh,scabies,7,synthetic_llm
itchy rash around waist between finger started right after stayed hotel,scabies,7,synthetic_llm
palm right hand dry scaly itchy left hand fine foot peel,ringworm,5,synthetic_llm
grandmother 82 get red scaly patch under breast elbow look shiny fold flaky elbow,psoriasis,4,synthetic_llm
puffy eyelid itchy bump,hives,3,synthetic_llm
red patch around nose flake make makeup look cakey,seborrheic_dermatitis,8,synthetic_llm
neck turned red bumpy after wearing new wool sweater,contact_dermatitis,1,synthetic_seed
dark patch fine white one hand bother no itch no dryness white tried moisturizer herbal paste friend two month nothing changed,vitiligo,9,synthetic_llm
large painful lump under skin cheek come head,acne,0,synthetic_seed
weird rash around belly button earlobe both place wear metal clear stay jewelry,contact_dermatitis,1,synthetic_llm
white spot nothing else wrong,vitiligo,9,synthetic_llm
white patch wont go away nothing help,vitiligo,9,synthetic_llm
redness middle face year never really fade,rosacea,6,synthetic_llm
bump neck chest every time get mad stressed,hives,3,synthetic_llm
weird rash leg itchy not sure allergy,hives,3,synthetic_llm
get really itchy skin fold elbow knee everytime pollen season start doctor said asthma go together,eczema,2,synthetic_llm
skin breaking small red bump since started new sunscreen,acne,0,synthetic_llm
one thick red scaly circle left knee sharply outlined cm wide no symptom,psoriasis,4,synthetic_llm
lately forehead nose cheek look reddish all time feel warm started after turned 50 think alcohol hot coffee trigger,rosacea,6,synthetic_llm
raised itchy patch first appear chest spread arm,hives,3,synthetic_seed
swollen red patch popped buttock back thigh itch intensely,hives,3,synthetic_llm
almost no itching burning lot red pimple spread over cheek forehead,acne,0,synthetic_llm
circle shoulder getting bigger clearing center,ringworm,5,synthetic_llm
red patch around waist belt sits spreading outward,ringworm,5,synthetic_llm
rash moved arm leg overnight,hives,3,synthetic_llm
depigmented spot shin spreading calf,vitiligo,9,synthetic_seed
eyebrow area get crusty yellowish greasy flake periodically,seborrheic_dermatitis,8,synthetic_seed
face turn beet red warm environment stressed,rosacea,6,synthetic_seed
itchy raised patch upper arm move around body during day,hives,3,synthetic_seed
developed small itchy water blister palm sol,eczema,2,synthetic_seed
rash chest pink silver flake started after sunburn,psoriasis,4,synthetic_llm
look like covered coin shaped patch deep violet dark skin gray flaky top mostly thigh back,psoriasis,4,synthetic_llm
seborrhoeic dermatitis scalp after lockdown stress,seborrheic_dermatitis,8,synthetic_llm
blister like bump peeling instep foot itchy,ringworm,5,synthetic_llm
eyebrow white flaky patch embarrassing,seborrheic_dermatitis,8,synthetic_seed
dishwashing glove made finger worse red flaky,eczema,2,synthetic_llm
jock itch circular red patch inner thigh,ringworm,5,synthetic_seed
red scaly rash around eye since started using new night cream sting bit put makeup stopped cream four day ago barely improved far,contact_dermatitis,1,synthetic_llm
get red flaking skin beside nose every winter,seborrheic_dermatitis,8,synthetic_llm
thick patch,psoriasis,4,synthetic_llm
19 got new puppy arm covered raised itchy welt after playing fade after wash come right back no rash skin between,hives,3,synthetic_llm
round red rash baby tummy parent cat,ringworm,5,synthetic_llm
two night ago itching started palm hand spread morning huge raised patch torso ankle puffy cetirizine took edge still feel itchy,hives,3,synthetic_llm
dealing scalp flaking year month got lot worse red itchy patch sting use shampoo stressful project sleeping badly tried tea tree oil burned bit,seborrheic_dermatitis,8,synthetic_llm
honestly dandruff get bad winter avoid wearing dark clothes,seborrheic_dermatitis,8,synthetic_llm
white spot arm dont hurt itch,vitiligo,9,synthetic_llm
redness spreading nose across both cheek like mask kind burning,rosacea,6,synthetic_llm
mild itch round rough patch near ankle started two week ago,ringworm,5,synthetic_llm
worry itchy raised rash lasted over six week,hives,3,synthetic_llm
lately forehead full little bump feel more see,acne,0,synthetic_llm
pink red flush across cheek forehead sister also get,rosacea,6,synthetic_llm
skin around belt buckle red itchy no idea,contact_dermatitis,1,synthetic_llm
bump cheek chin red skin,rosacea,6,synthetic_llm
itchy rash both elbow wrist,scabies,7,synthetic_llm
spot arm look like ring middle clear contagious,ringworm,5,synthetic_llm
white flake red skin underneath all along part line,psoriasis,4,synthetic_llm
itching worst part start around 2am scratch bleed mostly inside knee ankle moisturizing twice day help bit patch still dark rough,eczema,2,synthetic_llm
skin lost color point hand look like two different people hand,vitiligo,9,synthetic_llm
got used couch marketplace two week after started itching evening rash buttock back thigh wrist tried antifungal cream nothing,scabies,7,synthetic_llm
nothing hurt scaly reddish patch chest sort petal shape,seborrheic_dermatitis,8,synthetic_llm
face swollen bump body happening,hives,3,synthetic_llm
rash come go elbow,psoriasis,4,synthetic_llm
doctor said seborrheic dermatitis face flake nothing helping,seborrheic_dermatitis,8,synthetic_llm
whenever eat certain food get anxious skin wrist hand get inflamed itchy use fragrance free lotion still flare around month annoying more anything,eczema,2,synthetic_llm
not sure toddler red scratchy rash torso come go every cold,eczema,2,synthetic_llm
light skinned patch bright red clear edge silver flake top size palm thigh,psoriasis,4,synthetic_llm
baby got red spot hand foot wont stop rubbing,scabies,7,synthetic_llm
white flake everywhere hair ear itching,seborrheic_dermatitis,8,synthetic_llm
large flat raised welt stomach blanch white center,hives,3,synthetic_seed
skin dry feel tight itchy after shower,eczema,2,synthetic_llm
skin red bumpy middle face,rosacea,6,synthetic_llm
brown skin darker raised welt shoulder itch like crazy gone next day,hives,3,synthetic_llm
allergic welt covering torso after taking antibiotic,hives,3,synthetic_seed
pimple came back after stopping pill,acne,0,synthetic_llm
large area white skin abdomen without pigment,vitiligo,9,synthetic_seed
okay rash inner elbow wrist red little itchy started day after tried new body wash stopped using used plain petroleum jelly two day later much better,contact_dermatitis,1,synthetic_llm
flaky patch armpit groin look pink bit greasy not painful,seborrheic_dermatitis,8,synthetic_llm
look like diaper rash toddler patch elbow scalp diaper cream make no difference,psoriasis,4,synthetic_llm
11 week old baby thick yellow crust scalp pick rubbed coconut oil overnight flake came loose come back few day not bothered worried look bad,seborrheic_dermatitis,8,synthetic_llm
inner thigh got sharp-edged red rash after wore new legging,contact_dermatitis,1,synthetic_llm
several firm lump under skin cheek hurt no itching,acne,0,synthetic_llm
both foot white patch perfectly mirror image each seems weird,vitiligo,9,synthetic_llm
red blistering rash finger after sumac,contact_dermatitis,1,synthetic_llm
itchy patch inner thigh keep coming back every summer,ringworm,5,synthetic_llm
baby rough red cheek keep rubbing sheet,eczema,2,synthetic_llm
small bump blister heel palm itch worse under blanket,scabies,7,synthetic_seed
prescribed new antibiotic five day ago last night broke raised itchy welt chest back took benadryl eased morning came back lunch bit scared take next pill,hives,3,synthetic_llm
itchy skin rash look like rough red coin wont stop spreading,psoriasis,4,synthetic_llm
doc said maybe rosacea not acne cheek red bump,rosacea,6,synthetic_llm
right elbow patch big hand scale build layer left side smaller patch itch except get hot shower,psoriasis,4,synthetic_llm
white patch under armpit gradually expanding outward,vitiligo,9,synthetic_seed
red blotchy hive neck appeared after wearing wool scarf,hives,3,synthetic_seed
constant breakout chest area whitehead red bump,acne,0,synthetic_seed
itchy bump hand after cold weather,eczema,2,synthetic_llm
extremely itchy rash crease knee elbow night,eczema,2,synthetic_seed
itchy skin hand get worse light,scabies,7,synthetic_llm
rash little tunnel skin,scabies,7,synthetic_llm
hair thin scale built scalp husband say smell nothing look gross,psoriasis,4,synthetic_llm
yellow oily crust baby soft spot area top head,seborrheic_dermatitis,8,synthetic_seed
bump forehead look like tiny skin colored dot bit rough ton started after using heavy oil based hair serum 22,acne,0,synthetic_llm
notice face get bright red whenever enter heated room,rosacea,6,synthetic_seed
white depigmented patch shin appeared after sunburn,vitiligo,9,synthetic_seed
white patch appearing forearm contrast tan,vitiligo,9,synthetic_seed
baby red scaly circle cheek,ringworm,5,synthetic_llm
after shaving beard area red bump pu deep sore lump,acne,0,synthetic_llm
pimple showing hairline temple since started using pomade,acne,0,synthetic_llm
white scaly patch scalp dark skin,seborrheic_dermatitis,8,synthetic_llm
bump skin dark little raised itching constant forearm waist,scabies,7,synthetic_llm
skin thickening darkening inner elbow constant scratching,eczema,2,synthetic_seed
groin bright red clear edged patch isnt scaly doesnt itch much antifungal powder didnt work,psoriasis,4,synthetic_llm
flat scaly patch raised pink border calf no pain no oozing,ringworm,5,synthetic_llm
light brown rough itchy mark cheek kid still get dry spot,eczema,2,synthetic_llm
painful red cyst face month skin scarring,acne,0,synthetic_llm
breaking face first time age thirty mostly jaw chin,acne,0,synthetic_llm
skin extremely dry week patch forearm started weep crust changed anything except new laundry detergent stopped rash still going,eczema,2,synthetic_llm
redness center face making self conscious work meeting,rosacea,6,synthetic_llm
groin irritated red sharp edge dont burning constant itch,ringworm,5,synthetic_llm
rash inner thigh painful very itchy clear red edge fine flake,ringworm,5,synthetic_llm
17 dandruff-looking crust along hairline spread onto forehead shampoo dandruff nothing people school keep staring wear hat all time,psoriasis,4,synthetic_llm
spot face leave purplish mark dark skin after heal,acne,0,synthetic_llm
skin nose forehead flaking shiny time,seborrheic_dermatitis,8,synthetic_llm
skin nose red bumpy shiny pore look huge,rosacea,6,synthetic_llm
everything put hand make burn dry red cracked after month wet work,contact_dermatitis,1,synthetic_llm
face get painful pimple notice flare week before period,acne,0,synthetic_llm
little girl wake blood pillow scratching face,eczema,2,synthetic_llm
red raised patch forearm silvery coating,psoriasis,4,synthetic_seed
red weepy skin arm,eczema,2,synthetic_llm
flushing face triggered spicy food sun exposure,rosacea,6,synthetic_seed
foot cracked peeling skin between toe red patch,ringworm,5,synthetic_seed
palm hurt red after cleaning garage solvent all sunday,contact_dermatitis,1,synthetic_llm
cant stop scratching hand burning after,eczema,2,synthetic_llm
dandruff itch all flake large oily fall collar day scalp slightly pink along part line enough concern normal dandruff,seborrheic_dermatitis,8,synthetic_llm
few raised bump arm little itchy nothing else going,hives,3,synthetic_llm
raised itchy rash belly pregnant,hives,3,synthetic_llm
tiny whitehead along hairline notice pull hair back,acne,0,synthetic_seed
noticing blotchy pink skin over both cheek bridge nose look irritated,rosacea,6,synthetic_llm
normal itch bad certain spot like finger waist genitals,scabies,7,synthetic_llm
spot redness not itchy all kind sore skin cast edge rub,contact_dermatitis,1,synthetic_llm
red dry itchy skin upper eyelid since teenager wearing makeup make worse feel tight,eczema,2,synthetic_llm
red patch clear edge back wore lidocaine patch,contact_dermatitis,1,synthetic_llm
back elbow look like skin lizard thick silvery,psoriasis,4,synthetic_llm
white spot leg not itchy started small,vitiligo,9,synthetic_llm
red itchy skin leg flaking month,psoriasis,4,synthetic_llm
facial skin sting turn red after applying kind cream,rosacea,6,synthetic_seed
something making hand itch bad night end sitting stop scratching,scabies,7,synthetic_llm
help skin foot itchy peeling between toe no smell,eczema,2,synthetic_llm
started occasional blushing few tiny vein central part face red every day occasional pustule 52 nothing pharmacy worked,rosacea,6,synthetic_llm
red burning skin chest new body lotion tried yesterday,contact_dermatitis,1,synthetic_seed
itchy burning sensation red patch shin,psoriasis,4,synthetic_seed
burning itchy patch back neck thick scale,psoriasis,4,synthetic_seed
itchy rash after eating shrimp,hives,3,synthetic_llm
rash cheap hoop ear crusty,contact_dermatitis,1,synthetic_llm
baby covered red blotch after new food,hives,3,synthetic_llm
look like someone bleached part forearm skin feel totally normal,vitiligo,9,synthetic_llm
scratching spot under chest week rash shaped like half circle outer edge red rough tried zinc cream no effect,ringworm,5,synthetic_llm
started small white mark lower lip 20 since grew onto chin use lip makeup,vitiligo,9,synthetic_llm
bump penis itch night,scabies,7,synthetic_llm
face feel tight flaky itchy around nose eyebrow area,eczema,2,synthetic_llm
get scaly red spot got cut scraped,psoriasis,4,synthetic_llm
pimple pustule upper chest get worse summer heat,acne,0,synthetic_seed
flushed face menopause hot flash red bump,rosacea,6,synthetic_llm
loss skin colour around both eye,vitiligo,9,synthetic_llm
face covered red bump nodule,acne,0,synthetic_llm
rash popped hand forearm day after sanding painting fence red blotchy burn more itch washed soap lot maybe made worse,contact_dermatitis,1,synthetic_llm
watery irritated eye crusty eyelid red flushed cheek,rosacea,6,synthetic_seed
raised patch look salmon pink silvery flake forearm,psoriasis,4,synthetic_llm
scaly circle thigh clearing middle,ringworm,5,synthetic_llm
red flaky skin inner thigh not painful annoying itch,ringworm,5,synthetic_llm
finger right hand blistered weepy after handling cleaning chemical job all week,contact_dermatitis,1,synthetic_llm
hair loss patch gray scaly top head little brother,ringworm,5,synthetic_llm
rash back knee itchy red showed after new gym short,contact_dermatitis,1,synthetic_llm
itchy rash since hostel trip,scabies,7,synthetic_llm
patch losing pigment both elbow,vitiligo,9,synthetic_llm
rash itch mostly night spare face mine hand wrist belly,scabies,7,synthetic_llm
depigmented patch genital area,vitiligo,9,synthetic_llm
face feel like fire after using most skincare product,rosacea,6,synthetic_seed
dr said might eczema cream best itch,eczema,2,synthetic_llm
lost pigment sol palm,vitiligo,9,synthetic_llm
skin along nose scaly red almost year getting worse winter better summer tried hydrocortisone pharmacy clear bit flare not itch much more look dirty flaky,seborrheic_dermatitis,8,synthetic_llm
scaly patch knee,psoriasis,4,synthetic_llm
nose look swollen red,rosacea,6,synthetic_llm
new job long hour under bright light hot office within week cheek nose stayed red all day small bump coffee seems make worse,rosacea,6,synthetic_llm
elderly mother red weepy skin lower leg under compression stocking started using new skin cream week ago itch keep scratching night,contact_dermatitis,1,synthetic_llm
itchy scaly ring lower belly doctor friend said look fungal,ringworm,5,synthetic_llm
flaky skin beside nose,seborrheic_dermatitis,8,synthetic_llm
whitehead cheek chin,acne,0,synthetic_llm
red bumpy rash armpit fold itch badly get warm,scabies,7,synthetic_seed
hive after eating strawberry lip feel fat,hives,3,synthetic_llm
after long hospital stay father came home very itchy rash across back hand 78 scratch bleeds tried baby oil oatmeal lotion no luck worry rest family catch,scabies,7,synthetic_llm
boyfriend say look like rash actually lot tiny red bump along cheek forehead skin oily think stress,acne,0,synthetic_llm
red nose cheek stinging sensation whenever wind hit face,rosacea,6,synthetic_seed
flaky scalp patch hair breaking surface,ringworm,5,synthetic_llm
circular red ring shaped rash arm,ringworm,5,synthetic_seed
pimple butt cheek,acne,0,synthetic_llm
got blistery rash hand after handling new brand cement,contact_dermatitis,1,synthetic_seed
skin white patch hair growing white,vitiligo,9,synthetic_llm
peeling dry skin side foot no itch forever,ringworm,5,synthetic_llm
flaky red skin beard area get worse stress,seborrheic_dermatitis,8,synthetic_seed
jock itch wont go away,ringworm,5,synthetic_llm
scratched hand raw last night tiny bump everywhere between finger,scabies,7,synthetic_llm
40 scalp become flaky itchy since hormone went haywire eyebrow also peeling tried olive oil massage baking soda made scalp feel irritated,seborrheic_dermatitis,8,synthetic_llm
intense itching wrist between finger keep awake night,scabies,7,synthetic_seed
whole body break hive get cold,hives,3,synthetic_seed
11 year old red itchy patch wrist neck got slime kit new play jewelry birthday last week look worse each time wear fade skip day,contact_dermatitis,1,synthetic_llm
every time get stressed work skin next nose turn red start flaking,seborrheic_dermatitis,8,synthetic_llm
scalp lump soft swollen hair loss kid fever scaly patch two week earlier,ringworm,5,synthetic_llm
ruddy face stinging,rosacea,6,synthetic_llm
noticed chest red itchy patch shaped exactly like pendant,contact_dermatitis,1,synthetic_llm
raised itchy circle thigh,hives,3,synthetic_llm
few sore pimple keep coming spot left cheek,acne,0,synthetic_llm
sensitive red face everything sting,rosacea,6,synthetic_llm
six year old dandruff plus scaly patch behind ear pediatrician said kid dandruff,seborrheic_dermatitis,8,synthetic_llm
itch started finger spread elbow waist over two week no hive,scabies,7,synthetic_llm
red bump chin forehead visible spider vein,rosacea,6,synthetic_seed
red swelling face neck after using new detergent pillowcase,hives,3,synthetic_seed
patch thinning hair side head grey scale,ringworm,5,synthetic_llm
patch skin under bra band red dry itchy,contact_dermatitis,1,synthetic_llm
face patch one side red scaly defined edge get worse sun,ringworm,5,synthetic_llm
raised red scaly border around patch normal looking skin upper arm get bigger daily,ringworm,5,synthetic_llm
flushing episode come suddenly warmth cheek last maybe fifteen minute,rosacea,6,synthetic_llm
hand cracked flaky palm symmetrical not blistery dry thick,psoriasis,4,synthetic_llm
look like skin no colour finger toe getting more white each month im 28 year old nurse hand visible all day patient make uneasy,vitiligo,9,synthetic_llm
patchy flaking temple hairline 35 nothing dandruff worked,psoriasis,4,synthetic_llm
welt thigh appeared shortly after sitting cold bench,hives,3,synthetic_seed
light patch chest spreading,vitiligo,9,synthetic_llm
rash scalp line forehead after shampoo,contact_dermatitis,1,synthetic_llm
itching all over body start exactly get bed night,scabies,7,synthetic_seed
white wet peeling skin between 4th 5th toe crack smell,ringworm,5,synthetic_llm
red bump face upper chest sting little touched,acne,0,synthetic_llm
teenage son itchy lump arm leg after football practice look like big mosquito bite fade after shower three time month getting embarrassed,hives,3,synthetic_llm
finger going white knuckle doesnt hurt all,vitiligo,9,synthetic_llm
weird hand waist itch badly night small raised line near thumb,scabies,7,synthetic_llm
annular rash central clearing,ringworm,5,synthetic_llm
pimple keep popping forehead between eyebrow small really annoying,acne,0,synthetic_llm
light skin cheek near nose turn pink scaly whenever weather change,seborrheic_dermatitis,8,synthetic_llm
mother 82 life care home red greasy flaking skin eyebrow nose crease center chest staff say dry skin lotion not helped week,seborrheic_dermatitis,8,synthetic_llm
red itchy patch necklace sits neck,contact_dermatitis,1,synthetic_seed
scalp scale extends past hairline onto forehead something worry,psoriasis,4,synthetic_llm
nurse working long shift hot hospital ward face constantly flush red lately bump cheek stinging feeling wash face,rosacea,6,synthetic_llm
possible rash itch much almost nothing visible skin,scabies,7,synthetic_llm
scale stuck hair like glue shed everywhere no oil,psoriasis,4,synthetic_llm
lot tiny scale bald spot hair snapped skin like black dot,ringworm,5,synthetic_llm
itchy welt thigh after wearing tight legging all day,hives,3,synthetic_llm
eyelid scaly red day nothing seems new though switch contact lens solution,contact_dermatitis,1,synthetic_llm
thick scaly red patch tailbone between buttock burn sweat,psoriasis,4,synthetic_llm
doctor said breakout hormonal get big tender bump lower face come cycle period using spot patch want something stronger,acne,0,synthetic_llm
skin tone dark bump finger deeper brown color itch like mad especially bedtime,scabies,7,synthetic_llm
scalp patch oily yellow scale kid stare,seborrheic_dermatitis,8,synthetic_llm
flaky patch elbow,eczema,2,synthetic_llm
every time start clear new batch pimple show cheek,acne,0,synthetic_llm
thin wavy line wrist itchy,scabies,7,synthetic_llm
hey 19 skin fingertip gone totally white not itch peel look like color switched started around exam season stressed,vitiligo,9,synthetic_llm
itching all around groin inner thigh skin brown thickened scratching edge darker,ringworm,5,synthetic_llm
patchy swelling hand itchy,hives,3,synthetic_llm
tiny red itchy bump forearm after hot day outside,hives,3,synthetic_llm
stayed cheap motel last month since husband itching around waist wrist son rash palm washed all bedding twice though itch persists,scabies,7,synthetic_llm
hard painful bump under skin near ear week,acne,0,synthetic_seed
allergy rash itchy red welt arm,hives,3,synthetic_llm
dozen itchy raised dot torso appeared after hot yoga class,hives,3,synthetic_llm
face get super red eat spicy food drink anythng hot,rosacea,6,synthetic_llm
raised welt both arm not hurt itch badly started yesterday,hives,3,synthetic_llm
get little itchy sore around belt crease butt get scabby scratching,scabies,7,synthetic_llm
itchy bump along bra line under arm no pain no weeping awful itch,scabies,7,synthetic_llm
itchy round red patch appeared daughter arm after swimming class,ringworm,5,synthetic_seed
white area foot hand spreading fast year 38,vitiligo,9,synthetic_llm
itchy blister sol foot between toe night,scabies,7,synthetic_seed
white patch both hand since last winter,vitiligo,9,synthetic_llm
started new job dental assistant wear latex glove all day afternoon hand red itchy skin between finger cracking washing make burn,contact_dermatitis,1,synthetic_llm
round coin shaped itchy patch lower leg,eczema,2,synthetic_seed
crusty scalp itchy,seborrheic_dermatitis,8,synthetic_llm
daughter eleven started getting blackhead few red spot nose,acne,0,synthetic_llm
normal skin get dark itchy right bracelet touch,contact_dermatitis,1,synthetic_llm
scalp flake bigger normal dandruff,psoriasis,4,synthetic_llm
eye feel dry irritated along facial redness,rosacea,6,synthetic_seed
scalp mess thick layer scale stick hair pull try comb,psoriasis,4,synthetic_llm
dry scaly patch lower back worse winter,psoriasis,4,synthetic_llm
pet guinea pig bald spot itchy round patch arm,ringworm,5,synthetic_llm
woke lip one eyelid swollen bunch itchy bump stomach,hives,3,synthetic_llm
dark skinned cheek ashy purple warm patch burn flush,rosacea,6,synthetic_llm
red itchy rash armpit after new deodorant,contact_dermatitis,1,synthetic_llm
large itchy wheal arm appeared after wasp sting nearby,hives,3,synthetic_seed
shoulder little red bump few blackhead friend said maybe clogged pore,acne,0,synthetic_llm
depigmented spot around hairline,vitiligo,9,synthetic_llm
small pimple like bump armpit waist area severe itch,scabies,7,synthetic_seed
two month old crusty yellow patch top head look greasy,seborrheic_dermatitis,8,synthetic_llm
newborn tiny dry itchy looking bump cheek chin normal,eczema,2,synthetic_llm
both cheek fine network red line skin look permanently pink,rosacea,6,synthetic_llm
tiny closed comedo covering cheek make skin look bumpy,acne,0,synthetic_seed
deep under skin pimple forehead very painful touch,acne,0,synthetic_seed
ring scale around edge scalp behind both ear scalp feel hot itchy,seborrheic_dermatitis,8,synthetic_llm
flare ups come every few week last day cheek red bumpy hot fewer hot drink mineral sunscreen help bit still frustrating,rosacea,6,synthetic_llm
dry rough patch cheek wont heal,eczema,2,synthetic_llm
red scaly circle elbow thought dry skin grew,ringworm,5,synthetic_llm
started new job cold warehouse hand forearm puff itchy welt whenever handle chilled good not painful itchy swollen go away warm,hives,3,synthetic_llm
red expanding circle arm dry flaky skin center,ringworm,5,synthetic_seed
after chemo hair growing back white skin patch scalp face never before,vitiligo,9,synthetic_llm
flare neck near hairline,acne,0,synthetic_llm
yeasty smelling itchy foot flaking skin between toe,ringworm,5,synthetic_llm
new mom hormone all over place since baby came get red raised patch chest back whenever feed night itchy not sore fade dawn,hives,3,synthetic_llm
dry skin face heal lotion,seborrheic_dermatitis,8,synthetic_llm
puffy red skin around eye allergic reaction eye cream,contact_dermatitis,1,synthetic_seed
noticed red patch forming along hairline silvery flake,psoriasis,4,synthetic_seed
pimple everywhere face chest back large hard under skin 19 affecting confidence avoid photo,acne,0,synthetic_llm
two week antibiotic different problem still bump forehead skin shiny itch all look like constant little pimple,acne,0,synthetic_llm
pimple chin pop ooze bit come back place,acne,0,synthetic_llm
athlete foot,ringworm,5,synthetic_llm
nurse wash hand constantly back hand well-edged red scaly plaque look like normal dryness moisturizer glove done much affecting grip thing,psoriasis,4,synthetic_llm
facial redness get worse eat spicy food drink wine,rosacea,6,synthetic_seed
cheek chin covered small red bump tiny pustule no whitehead though,rosacea,6,synthetic_llm
big itchy welt all over after dinner,hives,3,synthetic_llm
scalp neck dry itchy weepy spot,eczema,2,synthetic_llm
spicy ramen sends face deep red flush take forever calm,rosacea,6,synthetic_llm
round bald spot scalp year old stub hair white flake not scratching much spot grows each week,ringworm,5,synthetic_llm
bump all over itching worse bed,scabies,7,synthetic_llm
scaly patch sol look like moccasin shape dry bit itchy,ringworm,5,synthetic_llm
teen daughter pale patch knee finger quiet tell bother school,vitiligo,9,synthetic_llm
patch white skin chest,vitiligo,9,synthetic_llm
whole house itchy rash,scabies,7,synthetic_llm
getting random itchy bump arm leg month never last long,hives,3,synthetic_llm
mid forty always blamed hormonal acne bump cheek nose red background nothing helped including birth control spot treatment friend said might rosacea,rosacea,6,synthetic_llm
pimple cheek left dark brown mark take month fade skin,acne,0,synthetic_llm
scalp patch swollen oozing hair coming clump kid swollen gland neck,ringworm,5,synthetic_llm
skin discoloration lighter normal skin,vitiligo,9,synthetic_llm
teen face disaster rn,acne,0,synthetic_llm
60 year old mom persistent facial redness age tiny broken vein recently started getting acne looking bump chin cheek maybe rosacea tried few cream without luck,rosacea,6,synthetic_llm
cracking skin under earlobe earring think dry itchy,eczema,2,synthetic_llm
itching rib side start around midnight see small red bump line,scabies,7,synthetic_llm
around eye skin scaly red not swollen thicker plaque elbow,psoriasis,4,synthetic_llm
itchy scalp silvery build near crown,psoriasis,4,synthetic_llm
boyfriend noticed face gotten really spotty jawline over last month,acne,0,synthetic_llm
stubborn patch behind ear red crusty crack doctor said fungal,psoriasis,4,synthetic_llm
facial redness come go flare ups lasting few week time,rosacea,6,synthetic_llm
everyone house itching time,scabies,7,synthetic_llm
itchy rash after sunscreen new brand,contact_dermatitis,1,synthetic_llm
face flare stress,rosacea,6,synthetic_llm
could scabies itching mostly night see small line finger,scabies,7,synthetic_llm
inside wrist got red blistered area right after trying perfume sample,contact_dermatitis,1,synthetic_llm
dermatologist friend said maybe vitiligo immune system attack pigment cell want know next white hand,vitiligo,9,synthetic_llm
scalp itch worse winter,seborrheic_dermatitis,8,synthetic_llm
rash neck after perfume,contact_dermatitis,1,synthetic_llm
skin oily pimple everywhere since college,acne,0,synthetic_llm
eyelid became puffy red after trying new mascara brand,contact_dermatitis,1,synthetic_seed
itchy ring shaped patch arm,ringworm,5,synthetic_llm
itchy rash no cream worked week,scabies,7,synthetic_llm
red itchy patch chest shape yellowish scale,seborrheic_dermatitis,8,synthetic_seed
itchy ring kid leg chicken home,ringworm,5,synthetic_llm
small greasy scaly patch sternum itch slightly after sweat gym,seborrheic_dermatitis,8,synthetic_llm
bump arm get bigger scratch itch worse night,hives,3,synthetic_llm
look like target hip,ringworm,5,synthetic_llm
whiteness spreading face eye cheek 50,vitiligo,9,synthetic_llm
arm itch like crazy hardly anything see dryness,eczema,2,synthetic_llm
red bump bra clasp touch,contact_dermatitis,1,synthetic_llm
scabies finger wrist sleep,scabies,7,synthetic_llm
face red hot swollen after sauna,rosacea,6,synthetic_llm
face burn sting apply skincare product,rosacea,6,synthetic_seed
grandmother foot very dry scaly all over sol scratch constantly 82 diabetic careful skin also cracking heel,ringworm,5,synthetic_llm
chronic redness chin jawline occasional pustule,rosacea,6,synthetic_seed
redness appears every afternoon cheek evening feel hot sore,rosacea,6,synthetic_llm
multiple ring shaped red spot appeared back after wrestling practice,ringworm,5,synthetic_seed
skin both palm dark cracked itching not painful,contact_dermatitis,1,synthetic_llm
husband woke big raised pink welt back say burn scratch took new supplement yesterday no symptom,hives,3,synthetic_llm
month old red scaly diaper area sharp border improve diaper cream redness extends fold,psoriasis,4,synthetic_llm
white flake shoulder black shirt,seborrheic_dermatitis,8,synthetic_llm
ever since kid get itchy rash crease arm lately spread neck red weepy night hydrocortisone cream calm few day come back,eczema,2,synthetic_llm
skin itching very much night time small small pimple hand stomach,scabies,7,synthetic_llm
two month ago started new job very long hour since skin not chin full bump red mark over cheek,acne,0,synthetic_llm
spider vein cheek since 40,rosacea,6,synthetic_llm
beard area get red flaky waxy looking scale especially cold weather,seborrheic_dermatitis,8,synthetic_seed
ugh itchy fresh welt leg today,hives,3,synthetic_llm
get acne buttock red painful bump,acne,0,synthetic_seed
white flaky stuff eyebrow red patch near hairline not oily,psoriasis,4,synthetic_llm
hand itch like crazy night no relief,scabies,7,synthetic_llm
nipple armpit itch much night little red bump,scabies,7,synthetic_llm
round ring shaped itchy lesion leg gym shower floor,ringworm,5,synthetic_seed
little bump forehead pimple something else,acne,0,synthetic_llm
red bump shoulder chest,acne,0,synthetic_llm
red bumpy rash arm itchy,hives,3,synthetic_llm
got rash arm after touching poison ivy garden,contact_dermatitis,1,synthetic_seed
past year cheek rosy red even rest get hot flushing episode evening cold weather wind sting 56,rosacea,6,synthetic_llm
purple-ish itchy swollen area leg showed after long flight smooth raised not hurt vanished shower,hives,3,synthetic_llm
spot keep moving around body,hives,3,synthetic_llm
scale along hairline thick greasy leave pink skin fall,seborrheic_dermatitis,8,synthetic_llm
patch white skin forehead near hairline,vitiligo,9,synthetic_seed
acne clogged pore cheek,acne,0,synthetic_llm
red patch armpit smooth shiny not scaly respond deodorant change,psoriasis,4,synthetic_llm
facial flushing together gritty eye related skin problem,rosacea,6,synthetic_llm
acne scarring new breakout appearing time cheek,acne,0,synthetic_seed
many scratch mark leg itching sleep,eczema,2,synthetic_llm
bumpy red border patch arm after farm work,ringworm,5,synthetic_llm
scalp burning slightly flaking month tried tar shampoo twice week helped little flake keep returning embarrassing new job everyone see shoulder,seborrheic_dermatitis,8,synthetic_llm
help everyone house itchy bump wrist,scabies,7,synthetic_llm
peeling between brow every morning,seborrheic_dermatitis,8,synthetic_llm
red irritated rash chin upper lip after shaving new cream,contact_dermatitis,1,synthetic_llm
tiny red dot scaly trunk after flu,psoriasis,4,synthetic_llm
keep getting deep tender bump chin never form white head,acne,0,synthetic_llm
scaly irritated skin ear canal behind ear,seborrheic_dermatitis,8,synthetic_seed
skin crack weeps dry like since little,eczema,2,synthetic_llm
dry flaky patch fingertip handling paper all day work,contact_dermatitis,1,synthetic_seed
chronic itchy rash ankle leaf dark mark,eczema,2,synthetic_seed
scratching make itching worse new bump keep appearing torso,scabies,7,synthetic_seed
red itchy rash around eye make eyelid swollen,eczema,2,synthetic_seed
white spot dont hurt keep growing slowly join together,vitiligo,9,synthetic_llm
face red sensitive everything even water,rosacea,6,synthetic_llm
look like tiny bite line wrist web finger no bug house find itch worst bed 10 day,scabies,7,synthetic_llm
face look like permanent flush plus handful inflamed little bump,rosacea,6,synthetic_llm
rash waist like stripe following pant line,contact_dermatitis,1,synthetic_llm
month old red rough rash cheek patch leg started solid last week,eczema,2,synthetic_llm
itchy patch inside elbow look round red edge,ringworm,5,synthetic_llm
daughter hand covered scratch mark little red bump cry bedtime itch,scabies,7,synthetic_llm
two chalky white patch showed shin year ago since more appeared ankle sunburn instantly use sunscreen hasnt changed anything,vitiligo,9,synthetic_llm
getting zit thirty skin clear teen,acne,0,synthetic_llm
honestly rash look like little ring red outside kind normal skin inside two week,ringworm,5,synthetic_llm
rash elbow wont go away,psoriasis,4,synthetic_llm
rash face itchy bit scaly circle shape,ringworm,5,synthetic_llm
sore cracked heel thick red scaling tiny yellow pustule sol both foot always symmetrical,psoriasis,4,synthetic_llm
flake eyebrow every morning wtf,seborrheic_dermatitis,8,synthetic_llm
zit around mouth chin,acne,0,synthetic_llm
honestly want know skin scalp elbow turn thick silvery whenever sick anxious,psoriasis,4,synthetic_llm
small itchy vesicle side finger warm weather,eczema,2,synthetic_seed
month pregnant hand belly covered itchy little bump worry use safely mostly night slept properly day,scabies,7,synthetic_llm
night itching bump buttock,scabies,7,synthetic_llm
inflamed patch cheek forehead scratch till crust 12 year old,eczema,2,synthetic_llm
get red patch white scale scalp part line above ear hair feel greasy lunchtime itching all day desk selsun help few day flare,seborrheic_dermatitis,8,synthetic_llm
baby head yellow scab idk,seborrheic_dermatitis,8,synthetic_llm
patchy redness flaking corner ear inside ear canal opening,psoriasis,4,synthetic_llm
started new hair product two week ago forehead hairline lot tiny bump not itchy stopped product still,acne,0,synthetic_llm
since last month get scaly red patch nose use hat scarf scalp itchy,seborrheic_dermatitis,8,synthetic_llm
hormonal breakout along jawline deep cyst,acne,0,synthetic_seed
skin peeling hand after bleach,contact_dermatitis,1,synthetic_llm
crusty baby scalp oil help bit,seborrheic_dermatitis,8,synthetic_llm
using tea tree oil apple cider vinegar ten day nothing bump wrist between finger buttock student making miss sleep class,scabies,7,synthetic_llm
bro skin turning white elbow lip happening,vitiligo,9,synthetic_llm
lately white spot showing hand mechanic hand always rubbing thing not itch hurt read friction make worse not know switch job,vitiligo,9,synthetic_llm
blister palm after handling certain plant garden,contact_dermatitis,1,synthetic_seed
cheek stay flushed tingly after hot shower heated room lately red thread appear near nose 31 fair skinned,rosacea,6,synthetic_llm
itchy rash inside elbow since last night never before,eczema,2,synthetic_llm
face redness worse winter wind,rosacea,6,synthetic_llm
starting few week ago middle face got scaly kind oily 24 always normal skin confused changed fragrance free cleanser helped,seborrheic_dermatitis,8,synthetic_llm
bad dry rash hand cleaning product,eczema,2,synthetic_llm
itchy red spot hand clear middle bumpy raised edge,ringworm,5,synthetic_seed
red rash top hand wrist after using strong cleaner,contact_dermatitis,1,synthetic_llm
rash leg,contact_dermatitis,1,synthetic_llm
skin cheek look permanently sunburned even though stay sun,rosacea,6,synthetic_llm
buttock back thigh covered itchy little bump worse warm bed,scabies,7,synthetic_llm
itchy bump joined together huge raised patch across back within twenty minute,hives,3,synthetic_llm
pu bump scattered over red cheek skin not itch all,rosacea,6,synthetic_llm
puffy purple-brown patch arm really itchy disappear return elsewhere,hives,3,synthetic_llm
raised ring shaped welt chest each lasting less day very itchy,hives,3,synthetic_llm
patch white hair white skin eyebrow,vitiligo,9,synthetic_llm
pale rash hand,vitiligo,9,synthetic_llm
plaque shin dark brown scale wont fade black mom say look like skin thing,psoriasis,4,synthetic_llm
red bump dry skin baby thigh,eczema,2,synthetic_llm
skin dark brown noticed lighter ashy looking scaly patch around hairline beside nose mildly itchy surrounding skin look bit darker normal tried shea butter greasy flake return,seborrheic_dermatitis,8,synthetic_llm
discolored patch lighter no texture change,vitiligo,9,synthetic_llm
red patch scalp ear flaky not greasy all dandruff shampoo burned,psoriasis,4,synthetic_llm
face reddens within minute eating anything hot whether temperature spicy,rosacea,6,synthetic_llm
developed hive hand forearm after touching cat,hives,3,synthetic_seed
white spot hand after covid cause,vitiligo,9,synthetic_llm
blush very easily face stay red long after trigger gone,rosacea,6,synthetic_seed
dark thickened skin neck year scratching itch,eczema,2,synthetic_seed
ankle dotted itchy dark spot keep scratching open especially night,scabies,7,synthetic_llm
scalp produce thick white flake stick hair fall clothes,seborrheic_dermatitis,8,synthetic_seed
skin losing color patch,vitiligo,9,synthetic_llm
itchy spot armpit groin since last week,scabies,7,synthetic_llm
itchy red bump buttock thigh,scabies,7,synthetic_llm
symmetric red scaly patch both knee elbow,psoriasis,4,synthetic_seed
doctor mentioned hive last time today back shoulder hip,hives,3,synthetic_llm
swollen itchy hand after wearing nitrile glove all day,eczema,2,synthetic_llm
new circular patch neck cat,ringworm,5,synthetic_llm
night itch little scab finger,scabies,7,synthetic_llm
cracked bleeding skin heel thick scaly patch,psoriasis,4,synthetic_seed
cream bring pigment back white patch face,vitiligo,9,synthetic_llm
red rash face not itchy warm bit sore,rosacea,6,synthetic_llm
pu filled spot back,acne,0,synthetic_llm
moved somewhere hotter last year face flushed ever since rough red patch both cheek few bump nothing itchy mostly warm tingly feeling,rosacea,6,synthetic_llm
eyelid margin crusty morning skin around eyebrow flaking no pain vision fine tried warm washcloth help bit flake brow keep coming back,seborrheic_dermatitis,8,synthetic_llm
using steroid cream year elbow plaque stopped week patch returned bigger spreading forearm back skin dry thick silvery,psoriasis,4,synthetic_llm
moved dry climate skin gone crazy itchy cracked all over,eczema,2,synthetic_llm
dry cracked skin both palm,eczema,2,synthetic_llm
see tiny dark dot end thin line wrist itch like mad,scabies,7,synthetic_llm
lately nose cheek stay pink all day little red bump keep popping,rosacea,6,synthetic_llm
bump face come go bigger one last week small one few day,acne,0,synthetic_llm
red scaly spot genitals smooth not itchy,psoriasis,4,synthetic_llm
son head round patch hair gone scale stuck school nurse sent note,ringworm,5,synthetic_llm
white patch lip,vitiligo,9,synthetic_llm
daughter bald scaly spot scalp broken hair kitten adopted shelter doctor visit next week worried spread brother,ringworm,5,synthetic_llm
loss colour skin everywhere got hurt,vitiligo,9,synthetic_llm
knuckle thick scaly red bump skin crack make fist joint also ache bit,psoriasis,4,synthetic_llm
face flush bright red drink type alcohol,rosacea,6,synthetic_seed
think dry itchy hand rash got infected oozing yellow crust,eczema,2,synthetic_llm
dry red scaly patch wrist back neck flare run,psoriasis,4,synthetic_llm
rash under earring,contact_dermatitis,1,synthetic_llm
skin upper lip went brown pink white,vitiligo,9,synthetic_llm
dont sleep since monday itching armpit groin much,scabies,7,synthetic_llm
hand rough red week moisturizer barely help,contact_dermatitis,1,synthetic_llm
think scabies sister got diagnosed hand waist itch every night,scabies,7,synthetic_llm
top foot red itchy swollen after wearing new sandal all day,contact_dermatitis,1,synthetic_llm
itching finger start hour after go sleep more wrist used new product,scabies,7,synthetic_llm
started new job last month lot pressure round red scaly plaque popping arm leg never before calamine lotion nothing embarrassed wear short sleeve,psoriasis,4,synthetic_llm
greasy dandruff eyebrow starting flake,seborrheic_dermatitis,8,synthetic_llm
dry patch ear crack weeps clear fluid,eczema,2,synthetic_llm
dry flaky eyelid itch,eczema,2,synthetic_llm
eyebrow peeling like crazy skin red,seborrheic_dermatitis,8,synthetic_llm
scabies small itchy bump between finger wrist worse night,scabies,7,synthetic_llm
wife hand half skin white slowly increasing something slow,vitiligo,9,synthetic_llm
husband say mosquito dont mosquito house itching hand belly,scabies,7,synthetic_llm
hive all over back since last night,hives,3,synthetic_llm
hive appear foot ankle after standing long period,hives,3,synthetic_seed
patch genital skin turned white partner asked,vitiligo,9,synthetic_llm
skin scalp itching burning flaking tried tea tree oil anti dandruff shampoo month,psoriasis,4,synthetic_llm
swollen red patch kid leg,hives,3,synthetic_llm
teen girl face okay shoulder upper arm chest lot small red pimple look worse bra strap backpack feel sore not itchy,acne,0,synthetic_llm
skin feel hot itchy raw fold arm,eczema,2,synthetic_llm
yellow greasy crust forming fold around nose every morning,seborrheic_dermatitis,8,synthetic_seed
skin dark brown never noticed redness cheek feel hot look darker purplish small bump doctor keep saying acne burn instead oily,rosacea,6,synthetic_llm
pink raised patch clear edge across chest burn itch after eat spicy food,hives,3,synthetic_llm
got itchy rash ankle elastic band sock,contact_dermatitis,1,synthetic_seed
few week stress after move since scalp itchy big greasy flake thought might louse doctor friend said no washing daily seems calm bit,seborrheic_dermatitis,8,synthetic_llm
itching get much worse bedtime all over body,scabies,7,synthetic_seed
whiter patch near groin inner thigh,vitiligo,9,synthetic_llm
athlete foot make whole sole peel between toe,ringworm,5,synthetic_llm
stress elbow thick red scale nail pitted,psoriasis,4,synthetic_llm
red itchy bump wrist new leather watch band gone leave day,contact_dermatitis,1,synthetic_llm
inflamed red pimple jawline leave purple mark,acne,0,synthetic_seed
white scaly plaque dark skin leg,psoriasis,4,synthetic_llm
redness itch both ankle skin look dark thickened,eczema,2,synthetic_llm
normal get deep painful pimple jawline 30,acne,0,synthetic_llm
rash all over body today itchy,hives,3,synthetic_llm
noticed ivory coloured spot wrist,vitiligo,9,synthetic_llm
skin hand got red puffy hand sanitizer splashed,contact_dermatitis,1,synthetic_llm
hairline itching flaking tried moisturizer,seborrheic_dermatitis,8,synthetic_llm
skin around mouth breaking small red pimple after started new lip balm,acne,0,synthetic_llm
began small dry patch forearm month ago bigger red really itchy asthma brother skin problem kid connected,eczema,2,synthetic_llm
face red bump flush heat hydrocortisone helped made worse,rosacea,6,synthetic_llm
white scar not scar,vitiligo,9,synthetic_llm
rash itch night,scabies,7,synthetic_llm
sudden bump all over itching like crazy,hives,3,synthetic_llm
face flush lot eye feel dry sandy time,rosacea,6,synthetic_llm
dark skinned cheek bump turn dark brown after heal few filled pu mark last month cause stress,acne,0,synthetic_llm
last night after sushi felt itchy everywhere time looked mirror chest covered raised pink patch lasted four hour nothing like ever happened before,hives,3,synthetic_llm
stress make itchy rash worse mine flare before work deadline,eczema,2,synthetic_llm
bumpy red irritated skin chin flaking tightness,rosacea,6,synthetic_seed
pimple leave dark mark skin,acne,0,synthetic_llm
dont know dry itchy circle arm not raised,eczema,2,synthetic_llm
normal both cheek went red itchy after using cousin makeup brush,contact_dermatitis,1,synthetic_llm
red itchy patch,contact_dermatitis,1,synthetic_llm
white spot eyelid,vitiligo,9,synthetic_llm
dealing jock itch month powder isnt helping all spread thigh half moon edge red scaly embarrassing gym,ringworm,5,synthetic_llm
grandmother shin scaly red itchy 82,eczema,2,synthetic_llm
mild itchy bump both ankle after wearing tight sock all day,hives,3,synthetic_llm
red patch cheek toddler get worse drool,eczema,2,synthetic_llm
nail pit flaking skin knuckle,psoriasis,4,synthetic_llm
white thick toenail itchy foot,ringworm,5,synthetic_llm
small pimple like bump forehead not regular acne,rosacea,6,synthetic_seed
pretty sure baby cradle cap long last,seborrheic_dermatitis,8,synthetic_llm
itchy dry skin crease elbow,eczema,2,synthetic_seed
red face after workout last hour,rosacea,6,synthetic_llm
scratchy skin foot peel sheet,ringworm,5,synthetic_llm
brown red patch cheek darker skin burning,rosacea,6,synthetic_llm
baby itchy blister palm,scabies,7,synthetic_llm
infant rash hand foot scratching nonstop,scabies,7,synthetic_llm
peeling skin between toe redness burning sensation,ringworm,5,synthetic_seed
dark brown itchy patch inner elbow no bump rough,eczema,2,synthetic_llm
child daycare all intensely itchy rash,scabies,7,synthetic_seed
rash disappears few hour,hives,3,synthetic_llm
much sweat groin itchy red defined border,ringworm,5,synthetic_llm
inner thigh groin skin dry itchy no ring shape,eczema,2,synthetic_llm
skin very sensitive cold weather winter get dry itchy flaky plaque elbow knee lower back 28 using regular body lotion wondering see dermatologist,psoriasis,4,synthetic_llm
pimple arm back after workout not many keep coming,acne,0,synthetic_llm
flushing face spicy food,rosacea,6,synthetic_llm
red patch arm look more purplish brown skin itch whenever wear one wool sweater,contact_dermatitis,1,synthetic_llm
help hand all red sore after oven cleaner got idk,contact_dermatitis,1,synthetic_llm
pale mark around wrist ankle,vitiligo,9,synthetic_llm
flaky white patch chin underlying redness,psoriasis,4,synthetic_seed
small flesh colored bump forehead go away,acne,0,synthetic_seed
skin private area gone pale patch no pain no itch,vitiligo,9,synthetic_llm
mother 78 raised itchy blotch back side week started new heart medication ten day ago skin not dry flaky puffy welt move,hives,3,synthetic_llm
got rash forearm exact shape bandage wore yesterday,contact_dermatitis,1,synthetic_llm
both cheek red warm small bump six week tried zinc oxide cream antihistamine nothing happened not itch burn hot,rosacea,6,synthetic_llm
rash after poison ivy,contact_dermatitis,1,synthetic_llm
white spot near belly button after tight jean,vitiligo,9,synthetic_llm
face red like tomato after hot bath everytime,rosacea,6,synthetic_llm
red itchy bump skin,hives,3,synthetic_llm
dry silver scale outer part arm edge patch very clear normal skin,psoriasis,4,synthetic_llm
loss skin color patch around mouth eye,vitiligo,9,synthetic_seed
bumpy red rash across jawline neck scarf touch,contact_dermatitis,1,synthetic_llm
greasy yellowish scale behind both ear skin underneath look pink,seborrheic_dermatitis,8,synthetic_llm
keep getting pimple cheek never blackhead,rosacea,6,synthetic_llm
raised itchy blotch rib underarms after stressful week not scaly fade within hour,hives,3,synthetic_llm
pink raised wheal arm scratched mosquito bite spread big itchy patch,hives,3,synthetic_llm
ever since came back trip skin super itchy bunch small bump stomach,scabies,7,synthetic_llm
ring shaped itchy skin lesion,ringworm,5,synthetic_llm
pale patch ear,vitiligo,9,synthetic_llm
symmetrical loss skin color both hand wrist over past year,vitiligo,9,synthetic_seed
inside belly button dry rough red skin flake also few patch back,psoriasis,4,synthetic_llm
ever since switched laundry soap arm torso get itchy red bump evening,contact_dermatitis,1,synthetic_llm
skin crack bleeds palm dry scaly plaque,psoriasis,4,synthetic_seed
red patch covering back burn itch desperate sleep night,psoriasis,4,synthetic_llm
vitiligo white patch elbow,vitiligo,9,synthetic_llm
yellowish flake stuck baby head six week old,seborrheic_dermatitis,8,synthetic_llm
red swollen patch showed all over body after wasp sting last weekend,hives,3,synthetic_llm
sore pimple face month after giving birth mostly chin,acne,0,synthetic_llm
little scabbed spot ankle between toe itch badly after take sock,scabies,7,synthetic_llm
arm hand covered white patch long battle confidence wear long sleeve even summer,vitiligo,9,synthetic_llm
foot skin peeling itchy side small blister not athlete foot tried cream nothing changed both foot,eczema,2,synthetic_llm
tiny blister side finger after washing dish,contact_dermatitis,1,synthetic_llm
could stress reason eyebrow flaking dandruff got worse,seborrheic_dermatitis,8,synthetic_llm
tight itchy swelling hand after cold water,hives,3,synthetic_llm
rough scaly red patch painful crack mostly leg lower back quite lot,psoriasis,4,synthetic_llm
hand extremely dry cracked itchy especially winter,eczema,2,synthetic_seed
colour left skin around right eye look like pale ring,vitiligo,9,synthetic_llm
itchy red pimple hand wrist,scabies,7,synthetic_llm
30 year old guy got dry itchy red patch both side neck tried antifungal cream nothing happened,eczema,2,synthetic_llm
skin patch keep coming back itchy,eczema,2,synthetic_llm
forehead hairline flaky greasy scale keep returning,seborrheic_dermatitis,8,synthetic_seed
eczema flare hand,eczema,2,synthetic_llm
red itchy rash around edge eye since using lash glue salon,contact_dermatitis,1,synthetic_llm
red spot face,rosacea,6,synthetic_llm
itchy red ring upper arm started small keep growing,ringworm,5,synthetic_seed
ear got red crusty after trying hair dye home,contact_dermatitis,1,synthetic_llm
skin cheek look sunburnt all time,rosacea,6,synthetic_llm
white patch hand also hashimoto related,vitiligo,9,synthetic_llm
skin neck chest turning white no itching,vitiligo,9,synthetic_llm
redness lower leg itchy after long day standing skin dry little scaly ankle swell,eczema,2,synthetic_llm
culture people say heat rash month skin arm dry dark itchy tried neem oil coconut oil not go away,eczema,2,synthetic_llm
weird patch skin elbow thick rough year hasnt hurt,psoriasis,4,synthetic_llm
rash spare face neck cover hand torso leg itch like crazy night,scabies,7,synthetic_llm
eyelid swollen dry flaky redness come go,eczema,2,synthetic_seed
redness pimple across nose both cheek,rosacea,6,synthetic_llm
greasy shiny skin face constant new pimple forming daily,acne,0,synthetic_seed
year old patch white hair pale skin front head pediatrician didnt say much spreading bit,vitiligo,9,synthetic_llm
itchy flaky greasy patch scalp form thick white clump,seborrheic_dermatitis,8,synthetic_seed
face got bumpy red after used new cream,acne,0,synthetic_llm
swollen eye itchy skin after cat visit,hives,3,synthetic_llm
flaky ear behind ear,psoriasis,4,synthetic_llm
red irritated skin patch around navel silvery scaling,psoriasis,4,synthetic_seed
wake new pimple every morning mostly cheek,acne,0,synthetic_seed
after week travel bad sleep side nose flaking look greasy pink,seborrheic_dermatitis,8,synthetic_llm
finger red itchy one touch new phone case,contact_dermatitis,1,synthetic_llm
skin feel tight burn apply moisturizer affected area,eczema,2,synthetic_seed
scabbed hand scratching all night,scabies,7,synthetic_llm
29 pregnant face went red flushed during second trimester few bump cheek everything sting scared use anything strong,rosacea,6,synthetic_llm
blistering rash hand after using new cleaning product,contact_dermatitis,1,synthetic_seed
dandruff shampoo stopped working,seborrheic_dermatitis,8,synthetic_llm
unexplained pale mark back,vitiligo,9,synthetic_llm
could tiny bump line wrist burrow something,scabies,7,synthetic_llm
itchy hand after gardening,contact_dermatitis,1,synthetic_llm
red coin-sized plaque all over calf pearly flake itch mild look really bothering,psoriasis,4,synthetic_llm
strange puffy rash knee elbow itch not look like dry skin all,hives,3,synthetic_llm
small crusty patch hand elbow itch terribly mom care home,scabies,7,synthetic_llm
visible burrow track side finger intense nighttime itch,scabies,7,synthetic_seed
scalp very thick white buildup come big flake,psoriasis,4,synthetic_seed
started foot spread leg raised blotch within couple hour,hives,3,synthetic_llm
small itchy sore finger webbing,scabies,7,synthetic_llm
flakey red skin next nose annoying,seborrheic_dermatitis,8,synthetic_llm
partner both itchy rash area body,scabies,7,synthetic_seed
eye red gritty month thought allergy noticed cheek flush lot get small bump nose eye drop help slightly,rosacea,6,synthetic_llm
painted nursery touched wood stain bare hand evening hand red skin palm peeling pregnant trying not use strong cream,contact_dermatitis,1,synthetic_llm
dry patchy skin wrist well defined red border,psoriasis,4,synthetic_seed
itching between toe better after antifungal back stopped,ringworm,5,synthetic_llm
skin patch turning white after friction watch strap,vitiligo,9,synthetic_llm
burning cheek nose,rosacea,6,synthetic_llm
got white spot knee ever since fell pavement last year keep growing scar like not scar,vitiligo,9,synthetic_llm
spot chest upper back,acne,0,synthetic_llm
white scaly patch arm,vitiligo,9,synthetic_llm
husband say plaque back look like silver scale hurt clothes catch,psoriasis,4,synthetic_llm
itchy flaky bit right edge hair forehead look like dandruff got onto face,seborrheic_dermatitis,8,synthetic_llm
tiny red vein nose,rosacea,6,synthetic_llm
hv blackhead nose really bad,acne,0,synthetic_llm
cheek redness get bad summer avoid beach trip altogether,rosacea,6,synthetic_llm
skin both elbow thick red covered dry white scale started small like pimple spread lotion help using urea cream month smooth surface,psoriasis,4,synthetic_llm
husband pinkish scaly skin eyebrow beside nose behind both ear year get worse under pressure us hydrocortisone cream occasionally help,seborrheic_dermatitis,8,synthetic_llm
weird itchy bump wrist ankle started couple week after roommate began scratching,scabies,7,synthetic_llm
see thin gray line skin between finger,scabies,7,synthetic_seed
skin look whitish patch maybe after sun,vitiligo,9,synthetic_llm
white spot thigh slowly growing,vitiligo,9,synthetic_llm
skin look like lot tiny pimple wrist itch instead hurting,scabies,7,synthetic_llm
white spot around mole mole still,vitiligo,9,synthetic_llm
skin around lip turned white 15,vitiligo,9,synthetic_llm
im itchy omg hand belly covered small red bump sister,scabies,7,synthetic_llm
dark brown raised itchy patch fade night,hives,3,synthetic_llm
dry cracked patch knuckle sting wash,contact_dermatitis,1,synthetic_llm
large red itchy patch appeared stomach within hour eating egg,hives,3,synthetic_seed
skin get red patch cheek plus bump feeling like sunburn few week no new product stumped,rosacea,6,synthetic_llm
look like got stung whole bunch bee no sting mark bump huge itchy joined together arm fading new one show leg,hives,3,synthetic_llm
waking flake all over pillow very itchy scalp lately no hair pulling though,seborrheic_dermatitis,8,synthetic_llm
nobody told skin could get scaly knee look like dried paint,psoriasis,4,synthetic_llm
bro keep scratching waist night there red dot all over,scabies,7,synthetic_llm
developed rash new watch band touch wrist,contact_dermatitis,1,synthetic_seed
pimple along jawline every month,acne,0,synthetic_llm
skin hand turned thick dark brown itchy constantly wearing rubber glove work never fully clear even not painful uncomfortable ugly,contact_dermatitis,1,synthetic_llm
swimmer family all itchy peeling foot,ringworm,5,synthetic_llm
patch knee peel thick flake come back thicker tried coconut oil aloe,psoriasis,4,synthetic_llm
little pimple side finger sore scratching plus itchy rash elbow,scabies,7,synthetic_llm
scalp flaking one round spot rest head fine,ringworm,5,synthetic_llm
there weird red mark arm really sharp edge itch,contact_dermatitis,1,synthetic_llm
allergic reaction think big raised itchy patch both leg,hives,3,synthetic_llm
small itchy scaly spot back hand,ringworm,5,synthetic_llm
discolouration face lighter patch not red,vitiligo,9,synthetic_llm
crack fingertip sting itch work salon shampoo all day look red shiny tried barrier cream keep coming back,eczema,2,synthetic_llm
redness chin cheek no blackhead,rosacea,6,synthetic_llm
circular itchy mark skin since summer camp,ringworm,5,synthetic_llm
red scaly bit face near nose eyebrow not greasy darker skin look brownish,psoriasis,4,synthetic_llm
large itchy welt chest neck after tomato soup,hives,3,synthetic_llm
skin itchy cant concentrate work,eczema,2,synthetic_llm
white lip fingertip,vitiligo,9,synthetic_llm
patchy loss skin color top foot spreading ankle,vitiligo,9,synthetic_seed
pregnant noticing new red scaly patch elbow never before mother,psoriasis,4,synthetic_llm
thigh got rash sitting chair nickel stud,contact_dermatitis,1,synthetic_seed
tried salicylic acid bump cheek made redness burning worse,rosacea,6,synthetic_llm
large swollen blotch thigh last few hour fade,hives,3,synthetic_seed
after got tattoo skin around grew red scaly patch spread outward line,psoriasis,4,synthetic_llm
32 week pregnant started getting very itchy raised patch belly thigh last week calamine lotion help little welt keep moving around not sleep night,hives,3,synthetic_llm
spot scalp like dandruff bald area,ringworm,5,synthetic_llm
rash across midsection upper thigh no pain all itching intense evening morning,scabies,7,synthetic_llm
athlete foot itchy peeling skin cracking between toe,ringworm,5,synthetic_seed
blister hand after cleaning,contact_dermatitis,1,synthetic_llm
strong itching stinging red plaque spread across lower back under buttock clothes rubbing make worse,psoriasis,4,synthetic_llm
intense itch red patch scratching skin weeps both arm,eczema,2,synthetic_llm
got oily patch lot tiny bump nose chin since turned fourteen,acne,0,synthetic_llm
patch around ankle bone lost all color,vitiligo,9,synthetic_llm
cracked bleeding fingertip working solvent without protection,contact_dermatitis,1,synthetic_seed
red irritated skin scale around navel between toe antifungal nothing,psoriasis,4,synthetic_llm
red bumpy rash forehead new hat sweatband sits,contact_dermatitis,1,synthetic_llm
white scaly bump belly chest no itch dry,psoriasis,4,synthetic_llm
entire body got covered welt after taking new supplement,hives,3,synthetic_seed
lost pigment big area body more half skin white burn badly outside,vitiligo,9,synthetic_llm
recurring facial flushing small raised bump never fully clear,rosacea,6,synthetic_seed
baby crusty yellow patch scalp behind ear,eczema,2,synthetic_seed
painful cracking skin between finger red scaly patch,psoriasis,4,synthetic_seed
skin tone look uneven white patch near eye knuckle knee nothing hurt type diabetes wonder connected,vitiligo,9,synthetic_llm
rosacea flare after sun,rosacea,6,synthetic_llm
scalp month old covered thick brownish scale starting spread forehead washing head daily baby shampoo brushing gently okay leave,seborrheic_dermatitis,8,synthetic_llm
toddler flaking scalp behind ear stuck around since baby using oil soft brush before bath time yellowish greasy not scratching,seborrheic_dermatitis,8,synthetic_llm
blistering forearm contact wild plant during hiking,eczema,2,synthetic_seed
coin shaped red plaque arm leg silver scale,psoriasis,4,synthetic_seed
raised dry itchy plaque inner ankle,eczema,2,synthetic_llm
itchy finger web space peeling,ringworm,5,synthetic_llm
dry sore patch hand new mom wash bottle all day knuckle crack skin around thumb red itchy,eczema,2,synthetic_llm
noticed pale smooth patch beside left eye mom say nobody family worry not itch flake,vitiligo,9,synthetic_llm
visible blood vessel cheek nose,rosacea,6,synthetic_seed
flaky beard skin under hair,seborrheic_dermatitis,8,synthetic_llm
dark itchy patch leg scratching since high school,eczema,2,synthetic_llm
popped pimple left dark mark,acne,0,synthetic_llm
red itchy bump hand after using new dish soap,contact_dermatitis,1,synthetic_seed
old dry rough mark forearm look darker rest skin itching,eczema,2,synthetic_llm
ever since bad cold three week ago keep getting itchy welt leg mostly last few hour used hydrocortisone cream barely touch itch,hives,3,synthetic_llm
rash watch sits,contact_dermatitis,1,synthetic_llm
feel like nettle brushed entire torso burning itchy raised streak,hives,3,synthetic_llm
rash stomach itch night,scabies,7,synthetic_llm
rash around mouth new toothpaste,contact_dermatitis,1,synthetic_llm
red patch skin very itch since eat prawn yesterday,hives,3,synthetic_llm
get intense itch first welt rise under fingernail scratching,hives,3,synthetic_llm
swelling around mouth itchy skin after lunch no idea,hives,3,synthetic_llm
scalp peeling big piece like dry paint itch not bad,seborrheic_dermatitis,8,synthetic_llm
bump circle knee itch,ringworm,5,synthetic_llm
depigmented patch forearm growing,vitiligo,9,synthetic_llm
persistent dandruff like flaking eyebrow return within day treatment,seborrheic_dermatitis,8,synthetic_seed
red bump around nose cheek,rosacea,6,synthetic_llm
super oily t-zone clogged pore tiny pimple wont clear,acne,0,synthetic_llm
tight itchy skin after soap look pink,eczema,2,synthetic_llm
got diagnosed psoriasis last week want know calm itching night,psoriasis,4,synthetic_llm
red circular lesion neck expanding outward,ringworm,5,synthetic_seed
small red bump back neck,acne,0,synthetic_llm
raised red ring belly keep growing fade without leaving mark,hives,3,synthetic_llm
red circular spot shoulder appeared after using shared gym equipment,ringworm,5,synthetic_seed
large patchy welt hip since ate mango yesterday very itchy,hives,3,synthetic_llm
skin get raised red whenever get nervous before presentation mostly neck chest,hives,3,synthetic_llm
hive red raised bump itch around waist,hives,3,synthetic_llm
white spot foot ankle,vitiligo,9,synthetic_llm
flaky patch nose side redness,seborrheic_dermatitis,8,synthetic_llm
beard hair went white skin under pale,vitiligo,9,synthetic_llm
doctor mentioned contact dermatitis rash wrist not sure triggered,contact_dermatitis,1,synthetic_llm
itchy red spot back thigh after long day new vinyl car seat,contact_dermatitis,1,synthetic_llm
scalp itch silvery stuck scale bleeding scratch lost clump hair,psoriasis,4,synthetic_llm
expanding red ring torso skin brown ring look darker rest,ringworm,5,synthetic_llm
got diagnosed contact dermatitis hand latex get heal faster,contact_dermatitis,1,synthetic_llm
dad parkinson really greasy flaky face red patch eyebrow nose caregiver say get better gentle wash keep coming back sometimes itchy,seborrheic_dermatitis,8,synthetic_llm
eyelid keep getting puffy scaly itchy not painful,eczema,2,synthetic_llm
not itchy not painful not scaly growing white spot side neck few around collar,vitiligo,9,synthetic_llm
hand get red itchy day wear rubber glove work,contact_dermatitis,1,synthetic_llm
clogged pore forehead rough texture,acne,0,synthetic_llm
hairline scale thick yellow brown crust tinged red kind itchy shampoo not working,psoriasis,4,synthetic_llm
rough patch hand sting use sanitizer,eczema,2,synthetic_llm
underarms developed burning rash after switching deodorant brand,contact_dermatitis,1,synthetic_seed
welt thigh gone lunch new batch popped back,hives,3,synthetic_llm
tbh itchy skin everywhere get worse night,eczema,2,synthetic_llm
seventy year old grandmother red nose cheek tiny vein little puffiness say not itch burn sun tried few lotion,rosacea,6,synthetic_llm
rash chest neck red bit oozing started morning after tried new essential oil blend skin,contact_dermatitis,1,synthetic_llm
kid itchy scaly rash scalp face hand,eczema,2,synthetic_llm
one itchy red patch arm bit raised,ringworm,5,synthetic_llm
hand swell itch after touching ice cold drink,hives,3,synthetic_llm
skin back hand got red rough itchy since started wearing glove nursing job not painful constantly itchy bit scaly,eczema,2,synthetic_llm
foot itchy between toe skin white soggy,ringworm,5,synthetic_llm
teenage boy back chest covered zit hate taking shirt,acne,0,synthetic_llm
small scratchy bump ankle foot,scabies,7,synthetic_llm
behind ear skin cracked flaky smell little bit,seborrheic_dermatitis,8,synthetic_llm
skin around both eye become noticeably lighter rest face,vitiligo,9,synthetic_seed
husband both athlete foot got gym pool deck,ringworm,5,synthetic_llm
started six month ago chin spreading cheek tried benzoyl peroxide pharmacy dried feeling self conscious new job,acne,0,synthetic_llm
nothing face neck body itchy all over night hand worst,scabies,7,synthetic_llm
patch raised red skin thigh white dry flake,psoriasis,4,synthetic_seed
large raised bump cover leg after long day hiking heat,hives,3,synthetic_llm
red dot line wrist itchy af,scabies,7,synthetic_llm
weird red plaque gum area lip also corner scaly,psoriasis,4,synthetic_llm
palm itchy tiny bump look like sago grain,eczema,2,synthetic_llm
woke three new pimple chin one really swollen tender,acne,0,synthetic_llm
scratching back knee ooze sleep,eczema,2,synthetic_llm
patch skin turned white like wiped,vitiligo,9,synthetic_llm
rash doesnt itch silver scale knee something serious,psoriasis,4,synthetic_llm
skin broke chin around mouth after protein shake many tender bump,acne,0,synthetic_llm
cheek always red flushed,rosacea,6,synthetic_llm
elbow get red itchy inside,eczema,2,synthetic_llm
itchy rash flare im stressed exam,eczema,2,synthetic_llm
moved new apartment started cleaning strong disinfectant wipe without glove within week knuckle split palm red scaly tender 27 use hand typing all day really bother,contact_dermatitis,1,synthetic_llm
flaky itchy skin scalp age patch face,seborrheic_dermatitis,8,synthetic_llm
face rash red flake eyebrow side nose pls,seborrheic_dermatitis,8,synthetic_llm
hand peeling cracking after using bleach without glove,contact_dermatitis,1,synthetic_seed
rash butt cheek itchy red edge,ringworm,5,synthetic_llm
dry flaky skin bleeds scratched,eczema,2,synthetic_llm
scale all over scalp thick like cement hair loss patch grows back clear,psoriasis,4,synthetic_llm
white spot dark skin hand,vitiligo,9,synthetic_llm
forehead cheek turn red whenever embarrassed stay pink even calm,rosacea,6,synthetic_llm
dormmates all got itchy rash,scabies,7,synthetic_llm
completely white patch ankle year,vitiligo,9,synthetic_seed
eczema control week whole back itchy,eczema,2,synthetic_llm
swollen face eyelid after hair dye allergy,contact_dermatitis,1,synthetic_llm
think scaly patch shin could stress showed during exam,psoriasis,4,synthetic_llm
skin around ear peeled itch since got glass new frame,contact_dermatitis,1,synthetic_llm
red scaly patch cheek came day after tried new foundation,contact_dermatitis,1,synthetic_llm
scaly plaque scalp few elbow started after divorce stopped,psoriasis,4,synthetic_llm
round lesion chest raised border clearing center,ringworm,5,synthetic_seed
scaly red rash under breast fold sharper edge,ringworm,5,synthetic_llm
son lip white patch corner,vitiligo,9,synthetic_llm
after started new night shift face got red patch next nose across eyebrow greasy flake figured dry skin put heavy moisturizer made more shiny flaky somehow please advise,seborrheic_dermatitis,8,synthetic_llm
rash face,acne,0,synthetic_llm
three week ago started getting itchy girlfriend scratching both bump hand stomach tried hydrocortisone cream nothing itching getting worse night,scabies,7,synthetic_llm
blackhead along side nose enlarged pore,acne,0,synthetic_seed
elbow rough raised red patch bleed scratch,psoriasis,4,synthetic_seed
pregnant itchy dry red patch stomach arm never before moisturizer barely help itch worse evening,eczema,2,synthetic_llm
scalp very flaky yellowish greasy scale,seborrheic_dermatitis,8,synthetic_seed
acne flare ups around period deep bump chin jaw,acne,0,synthetic_seed
common get sore scaly plaque fold hip groin look raw shiny,psoriasis,4,synthetic_llm
inner thigh rash very red raw scratching border raised scaly,ringworm,5,synthetic_llm
persistent central face redness look like butterfly pattern,rosacea,6,synthetic_seed
24 knee elbow chalk white patch slowly spreading nothing itchy tired explaining people gym,vitiligo,9,synthetic_llm
skin inner elbow wrist covered small bump itch fiercely bed,scabies,7,synthetic_llm
idk hive back full red itchy bump disappear come,hives,3,synthetic_llm
dandruff go away no matter shampoo use,seborrheic_dermatitis,8,synthetic_seed
white area inside wrist,vitiligo,9,synthetic_llm
pimple all over face back,acne,0,synthetic_llm
look like rash not sure kind leg belly itch bad night,scabies,7,synthetic_llm
elbow knee scalp all dry white scaly crusty patch,psoriasis,4,synthetic_llm
swollen itchy lip after using new lipstick,contact_dermatitis,1,synthetic_seed
dry scaly patch wrist intense itching,eczema,2,synthetic_seed
premature graying hair along white skin patch face,vitiligo,9,synthetic_seed
belly thigh patch raised edge papery silver scale peel sheet leaf pink skin behind,psoriasis,4,synthetic_llm
flare red raw itchy skin hand neck,eczema,2,synthetic_llm
way tell rash nickel allergy mine belly jean button sits,contact_dermatitis,1,synthetic_llm
raised red bump inner thigh groin itch unbearably after dark,scabies,7,synthetic_seed
couple white blotch ankle one wrist,vitiligo,9,synthetic_llm
red inflamed skin white flaky buildup arm,psoriasis,4,synthetic_seed
six week face especially around eye keep swelling morning along itchy bump body doctor booked week over counter allergy pill help bit not fully,hives,3,synthetic_llm
itchy rash across eyelid under eye after got tinted brow dye done,contact_dermatitis,1,synthetic_llm
almost 40 never skin problem before intensely itchy bump genitals wrist between finger embarrassed tell anyone want stop sleep,scabies,7,synthetic_llm
red bump pu tip covering cheek no relief regular face wash,acne,0,synthetic_llm
itchy red patch elbow knee keep coming back,psoriasis,4,synthetic_seed
light patch skin not red raised,vitiligo,9,synthetic_llm
red flushing forehead cheek triggered hot shower,rosacea,6,synthetic_seed
area around belly button red greasy scaly not think piercing,seborrheic_dermatitis,8,synthetic_llm
daughter got big pink blotch cheek trunk after trying egg first time,hives,3,synthetic_llm
dry red patch scalp flake fall like snow,psoriasis,4,synthetic_llm
baby tiny red bump palm sol make very fussy,scabies,7,synthetic_seed
red scaly bump all across chest not really itchy,psoriasis,4,synthetic_llm
itchy swollen patch skin come go within hour,hives,3,synthetic_seed
skin feel like sandpaper itch driving nut,eczema,2,synthetic_llm
greasy yellow flake eyebrow,seborrheic_dermatitis,8,synthetic_llm
crease between nose cheek red scaly edge get better after use steroid cream sparingly,seborrheic_dermatitis,8,synthetic_llm
skin face burnning red all time,rosacea,6,synthetic_llm
last six month chest circular scaly patch pale pinkish color slightly oily hurt barely itch tried antifungal cream thinking ringworm no effect,seborrheic_dermatitis,8,synthetic_llm
persistent redness center face,rosacea,6,synthetic_llm
toe foot red cracking see tiny pu bump under skin dry brown spot not contagious according doc,psoriasis,4,synthetic_llm
raised blotch arm leg itchy,hives,3,synthetic_llm
brown skin cheek look darker almost purplish feel warm prickly,rosacea,6,synthetic_llm
welt warm touch blanch press itch all day,hives,3,synthetic_llm
welt stomach no pain itch,hives,3,synthetic_llm
leg covered thick red patch look purplish brown skin feel tight get inflamed anxious,psoriasis,4,synthetic_llm
scalp itchy grey scaly bit hair broken short,ringworm,5,synthetic_llm
thickening skin nose enlarged pore redness,rosacea,6,synthetic_seed
raised bump showed leg after long hot day itchy want scratch skin,hives,3,synthetic_llm
since yesterday evening red itchy raised spot neck ear chest,hives,3,synthetic_llm
whats itchy rash between finger wrist itch night,scabies,7,synthetic_llm
weird rash neck ear since tried different shampoo red flaky tried antihistamine not much,contact_dermatitis,1,synthetic_llm
couldnt stop scratching hand after new dish glove red bumpy,contact_dermatitis,1,synthetic_llm
idk bump come night gone morning,hives,3,synthetic_llm
teen tender boggy lump scalp pu hair falling spot started scaly patch,ringworm,5,synthetic_llm
dont know whats wrong red patch flaky sometimes sore showed after covid,psoriasis,4,synthetic_llm
spot back mostly blackhead big red one middle,acne,0,synthetic_llm
used steroid cream face couple week friend advice redness got better flared worse bump all over cheek nose not sure going skin,rosacea,6,synthetic_llm
white blotch shoulder,vitiligo,9,synthetic_llm
nothing itchy elbow look rough crusty white scale return within day scrubbing,psoriasis,4,synthetic_llm
black woman 40 face feel hot burning darker reddish brown patch over cheek bump look like pimple no itch shea butter make sting,rosacea,6,synthetic_llm
red irritated patch neck fold get worse sweat,eczema,2,synthetic_seed
tiny pimple between finger no pain,scabies,7,synthetic_llm
itchy rash wont go away,hives,3,synthetic_llm
new white spot keep appearing every few week,vitiligo,9,synthetic_llm
skin raise welt scratch lightly,hives,3,synthetic_llm
teenager came home blistery rash leg after school trip wood say started itching day later put anti itch cream keep spreading little,contact_dermatitis,1,synthetic_llm
white scale red plaque middle back year growing,psoriasis,4,synthetic_llm
pimple between eyebrow,acne,0,synthetic_llm
white patch shin old scratch,vitiligo,9,synthetic_llm
scalp itchy nd flakey tried everything,seborrheic_dermatitis,8,synthetic_llm
pale patch dont tan summer,vitiligo,9,synthetic_llm
red scaly patch under arm crease neck,psoriasis,4,synthetic_llm
pimple like bump along waistband drive crazy itching night,scabies,7,synthetic_seed
patch leg skin no pigment,vitiligo,9,synthetic_llm
pimple under skin never come head,acne,0,synthetic_llm
bump face look like pimple wont pop hurt,acne,0,synthetic_llm
greasy scaly patch sternum very mild itch year,seborrheic_dermatitis,8,synthetic_llm
using clay mask face twice week pimple seem getting angrier tender college student afford dermatologist trying stuff online,acne,0,synthetic_llm
normal one white patch year doesnt change,vitiligo,9,synthetic_llm
cant tell eczema something else round patch arm edge sharper middle,ringworm,5,synthetic_llm
nurse working night shift forearm break itchy welt after put latex glove half hour skin not cracked dry swollen raised bump settle hour,hives,3,synthetic_llm
white patch hand getting bigger,vitiligo,9,synthetic_llm
white pu bump forehead along oily shiny skin,acne,0,synthetic_seed
dry cracked patch breast itch im breastfeeding,eczema,2,synthetic_llm
stress cause red tender bump face,acne,0,synthetic_llm
cracked peeling skin between little toe burning take sock,ringworm,5,synthetic_llm
got circle thing arm dog think itchy,ringworm,5,synthetic_llm
12 year old daughter scaly red patch scalp spread behind ear elbow rough silvery tried kid dandruff shampoo no improvement getting teased school,psoriasis,4,synthetic_llm
six month cheek pink red coloring small red bump not itchy anything fragrance trigger flush,rosacea,6,synthetic_llm
little red bump showed around waist belt line itch way worse lie,scabies,7,synthetic_llm
itching all over skin dry,eczema,2,synthetic_llm
woke 3am scratching raised hot welt hip thigh,hives,3,synthetic_llm
dog bald crusty patch small itchy ring wrist wonder share problem,ringworm,5,synthetic_llm
hey got scaly patch belly button look like thick red coin no idea,psoriasis,4,synthetic_llm
toenail thick yellow crumbly skin around foot peeling like month 68 thought age,ringworm,5,synthetic_llm
small itchy blister side finger dry peel,eczema,2,synthetic_llm
white patch leg after got sunburned,vitiligo,9,synthetic_llm
little greasy scale cover skin between breast under mild itch get irritated sweat,seborrheic_dermatitis,8,synthetic_llm
three year dandruff come go usually worse after stop using medicated shampoo lately spread side face ear pink flaky use ketoconazole shampoo sometimes calm within week,seborrheic_dermatitis,8,synthetic_llm
ever since started new job under bright office heating face stay red,rosacea,6,synthetic_llm
itchy wheal leg pop after walking cold weather,hives,3,synthetic_seed
itchy red blister palm after summer,eczema,2,synthetic_llm
scalp itch most right after take hot shower ton flake come dry hair,seborrheic_dermatitis,8,synthetic_llm
skin raised red plaque shiny silver scale spreading stomach,psoriasis,4,synthetic_llm
dull red scaly plaque arm chest scrape top scale shiny red layer show underneath,psoriasis,4,synthetic_llm
child got circular red patch cheek after hugging friend,ringworm,5,synthetic_seed
red patch armpit itch,ringworm,5,synthetic_llm
bumpy red skin forehead visible vein,rosacea,6,synthetic_seed
red scaly patch lower leg itchy 68,eczema,2,synthetic_llm
itchy ring groin area spread sweat,ringworm,5,synthetic_seed
round spot arm look like ringed target itchy,ringworm,5,synthetic_llm
white patch both side mouth look symmetrical,vitiligo,9,synthetic_llm
circular dry patch cheek feel rough scaly,eczema,2,synthetic_seed
itchy red rash patchy hand arm after weekend yard work,contact_dermatitis,1,synthetic_llm
eye water constantly feel gritty along red cheek,rosacea,6,synthetic_seed
almost whole body covered red patch scale spread fast since last month feel feverish chilly,psoriasis,4,synthetic_llm
greasy skin spot,acne,0,synthetic_llm
red flushing face neck every time drink red wine bump day later,rosacea,6,synthetic_llm
shoulder break small pu filled pimple summer,acne,0,synthetic_seed
skin colour fading back round patch clear edge,vitiligo,9,synthetic_llm
omg another giant zit nose rn,acne,0,synthetic_llm
get really bad flare each winter scalp covered thick greasy scale itch much scratch bleeds over counter coal tar shampoo give partial relief 34 feel self conscious going outside without hat,seborrheic_dermatitis,8,synthetic_llm
took naproxen headache hour later got big itchy welt shoulder arm second time kind pill think link not painful itch,hives,3,synthetic_llm
widespread silvery scale covering large part leg arm,psoriasis,4,synthetic_seed
greasy yellowish crust buildup scalp near ear,seborrheic_dermatitis,8,synthetic_seed
itchy skin ring shape back no one see wife say three,ringworm,5,synthetic_llm
greasy scale chest slight redness underneath,seborrheic_dermatitis,8,synthetic_seed
spot back chest itch after wearing new polyester shirt,contact_dermatitis,1,synthetic_llm
scabies symptom leg ankle itching night,scabies,7,synthetic_llm
skin feel dry itchy all time dont even visible rash,eczema,2,synthetic_llm
skin around mouth turned pale very visible,vitiligo,9,synthetic_llm
itchy skin get worse dry air heating,eczema,2,synthetic_llm
scaly itchy skin look lighter after healing dark skin,eczema,2,synthetic_llm
multiple circular red patch stomach flaky border,ringworm,5,synthetic_seed
newborn dry greasy scaling scalp few spot face neck fold feed sleep fine,seborrheic_dermatitis,8,synthetic_llm
itchy bump flake scalp edge,seborrheic_dermatitis,8,synthetic_llm
scratching raised red spot elbow week keep getting bigger whiter top,psoriasis,4,synthetic_llm
hair fall patch scalp scaly cousin,ringworm,5,synthetic_llm
went birth control few month ago jawline covered painful cyst,acne,0,synthetic_llm
silvery white plaque upper arm raised rough,psoriasis,4,synthetic_seed
chin keep getting sore red bump right before period start every single month,acne,0,synthetic_llm
red patch thumb index finger itch after peeling orange,contact_dermatitis,1,synthetic_llm
white patch scalp white hair,vitiligo,9,synthetic_llm
face rash around hairline scaly flaky clean edge,psoriasis,4,synthetic_llm
pitting ridge fingernail white spot under no skin symptom yet,psoriasis,4,synthetic_llm
itchy rash back,scabies,7,synthetic_llm
itchy rash skin fold wont clear antibiotic ointment,ringworm,5,synthetic_llm
red spot phone rest cheek,contact_dermatitis,1,synthetic_llm
fungus rash ring cream steroid made look less red bigger,ringworm,5,synthetic_llm
hand peeling itching week crack knuckle split open bend finger tried petroleum jelly steroid cream aunt help little hard type hold thing,eczema,2,synthetic_llm
itchy scaly patch behind ear hairline,seborrheic_dermatitis,8,synthetic_seed
toe peeled much skin look raw get stinging shower walk barefoot pool all time,ringworm,5,synthetic_llm
itchy bump wrist grew scab idk,scabies,7,synthetic_llm
dark spot scar left behind after pimple heal face,acne,0,synthetic_seed
got swollen itchy patch all over after eating something restaurant,hives,3,synthetic_seed
itchy ring shaped rash near groin get worse hot weather,ringworm,5,synthetic_seed
white mark near eye spreading forehead,vitiligo,9,synthetic_llm
inflamed painful red plaque pustule beard hair come easily began scaly circle after visited cattle farm doctor said maybe fungal thing,ringworm,5,synthetic_llm
ring lower leg after gardening,ringworm,5,synthetic_llm
red irritated skin nape neck,eczema,2,synthetic_llm
red scaly circle upper arm doctor said look like tinea,ringworm,5,synthetic_seed
after cousin stayed over rash all started itching see tiny bump fold wrist,scabies,7,synthetic_llm
itching week family member started itching,scabies,7,synthetic_seed
constant night itch foot ankle little bump few track along sole,scabies,7,synthetic_llm
nail became thick discolored yellowish crumbly texture,ringworm,5,synthetic_seed
red irritated skin hand rubber glove touch wrist,contact_dermatitis,1,synthetic_seed
red scaly ring face near beard area,ringworm,5,synthetic_seed
oozing rash leg elderly dad itchy crusty,eczema,2,synthetic_llm
red scaly itchy patch exactly earbuds sit look like contact dermatitis,contact_dermatitis,1,synthetic_llm
skin neck look blotchy bit raised whenever anxious,hives,3,synthetic_llm
month old got red rash bottom thigh after switched wipe no fever seems fine otherwise clear use water not sure worry,contact_dermatitis,1,synthetic_llm
skin eyelid near lash flaky little red not hurt,seborrheic_dermatitis,8,synthetic_llm
year old small round red scaly spot tummy leg appeared after sore throat,psoriasis,4,synthetic_llm
hand got dry cracked winter bleed open finger use thick cream still wake scratching think washing much,eczema,2,synthetic_llm
mostly itchy rash torso few bump near ankle strange night time itch nothing seems calm,scabies,7,synthetic_llm
best friend pointed knuckle look like bleached never noticed see little white patch both hand few forehead definitely not start year,vitiligo,9,synthetic_llm
rough bumpy cheek teen,acne,0,synthetic_llm
every time scratch scalp white flake come like snow globe,psoriasis,4,synthetic_llm
rash all over thigh overlapping ring very itchy cant sleep,ringworm,5,synthetic_llm
scaly patch lower leg keep getting thicker,psoriasis,4,synthetic_llm
swollen itchy eyelid after new mascara,contact_dermatitis,1,synthetic_llm
skin near nose red peeling use cream come back every week,seborrheic_dermatitis,8,synthetic_llm
tiny red dot between toe itchy,scabies,7,synthetic_llm
light colored spot dont know fungus tried antifungal cream week nothing changed,vitiligo,9,synthetic_llm
red patch elbow knee fold usually flare cold weather,eczema,2,synthetic_llm
vitiligo hand spreading,vitiligo,9,synthetic_llm
patch back hand dry rough reddish tone decade,psoriasis,4,synthetic_llm
gp mentioned rosacea not sure bump look like pimple,rosacea,6,synthetic_llm
light spot face since few month not red not itchy,vitiligo,9,synthetic_llm
noticed round itchy lesion neck after sharing towel,ringworm,5,synthetic_seed
pale patch bend elbow,vitiligo,9,synthetic_llm
rash chest pinkish greasy scale no itch really,seborrheic_dermatitis,8,synthetic_llm
white patch toe,vitiligo,9,synthetic_llm
patchy loss pigment dark skin arm leg look like irregular white map shape,vitiligo,9,synthetic_llm
fold beside nose between brow flaking little red mostly morning,seborrheic_dermatitis,8,synthetic_llm
husband noticed redness cover middle face not near hairline burn heat tried honey mask made flush more,rosacea,6,synthetic_llm
sore itchy rash hand washing all day nurse,contact_dermatitis,1,synthetic_llm
wearing mask all day gave bunch pimple around mouth cheek,acne,0,synthetic_llm
help spread scratch circle keep growing,ringworm,5,synthetic_llm
wind make cheek flare red bumpy day afterward,rosacea,6,synthetic_llm
help scalp scaly bald circle little black dot hair snapped,ringworm,5,synthetic_llm
month redness cheek chin get worse heat use basic fragrance free moisturizer flushing bump continue,rosacea,6,synthetic_llm
red cheek wont go away,rosacea,6,synthetic_llm
forhead got many bump idk,acne,0,synthetic_llm
itchy round patch raised edge clear center thigh,ringworm,5,synthetic_seed
not sleep due itchy rash leg scratched till bleeding,eczema,2,synthetic_llm
back pimple after gym,acne,0,synthetic_llm
dark red lump along jaw take month go away leave mark,acne,0,synthetic_llm
scaly red skin between eyebrow,seborrheic_dermatitis,8,synthetic_llm
white spot back appeared after sunburn peeled,vitiligo,9,synthetic_llm
cant stop itching arm night,eczema,2,synthetic_llm
rash chest raised smooth no scaling itch wave,hives,3,synthetic_llm
face feel hot tight red,rosacea,6,synthetic_llm
thick dark leathery patch neck scratching year,eczema,2,synthetic_llm
dry peeling irritated skin hand latex glove use work,contact_dermatitis,1,synthetic_seed
scalp hairline dry red itchy skin also show elbow,eczema,2,synthetic_llm
sore red rash between toe after wearing wet sneaker all week festival,ringworm,5,synthetic_llm
13 year old son suddenly lot pimple nose forehead,acne,0,synthetic_llm
itchy rash stomach arm,scabies,7,synthetic_llm
white freckle hand,vitiligo,9,synthetic_llm
scalp scale stuck hair very thick,seborrheic_dermatitis,8,synthetic_llm
tiny bump itching night,scabies,7,synthetic_llm
red streaky rash arm after gardening without glove,contact_dermatitis,1,synthetic_seed
white patch foot,vitiligo,9,synthetic_llm
yellow crusty patch scalp smell unpleasant,seborrheic_dermatitis,8,synthetic_seed
loss color skin around nostril corner mouth,vitiligo,9,synthetic_seed
weepy yellowish crust baby cheek after scratching,eczema,2,synthetic_llm
yellow crust baby eyebrow,seborrheic_dermatitis,8,synthetic_llm
intense itch barely rash see,scabies,7,synthetic_llm
stiff sore joint along red scaly skin patch knee,psoriasis,4,synthetic_seed
skin ankle thick cant stop scratching,eczema,2,synthetic_llm
central face redness papule pustule cheek,rosacea,6,synthetic_seed
rash hand wrist red cracked,contact_dermatitis,1,synthetic_llm
nowhere puffy red bump showed arm itch way more bug bite,hives,3,synthetic_llm
white section skin foot make summer sandal embarrassing,vitiligo,9,synthetic_llm
rash after using new face wash,contact_dermatitis,1,synthetic_llm
belly button rash jean button,contact_dermatitis,1,synthetic_llm
skin reacted badly new laundry detergent red bump everywhere,contact_dermatitis,1,synthetic_seed
swollen itchy bump hand last few hour disappear,hives,3,synthetic_seed
giant red welt hip,hives,3,synthetic_llm
neck get red itchy rash every time wear one necklace,contact_dermatitis,1,synthetic_llm
sensitive facial skin reacts wind cold alcohol,rosacea,6,synthetic_seed
noticed few week ago skin hand looked kind red rough spreading wrist hairdresser often forget glove sting shower,contact_dermatitis,1,synthetic_llm
keep getting yellowish flake eyebrow after wash face look like little oily bran,seborrheic_dermatitis,8,synthetic_llm
noticed pale white spot face very visible,vitiligo,9,synthetic_seed
unusual itchy round patch face neck skin dark brown look lighter scaly,ringworm,5,synthetic_llm
teenage son play rugby itchy rash around armpit waist assumed sweat rash spreading hand scratch night itchy forearm,scabies,7,synthetic_llm
oily scaly patch behind both ear crack wipe after shower,seborrheic_dermatitis,8,synthetic_llm
cant stop scratching night red speck everywhere,scabies,7,synthetic_llm
elbow skin crack bleeds itch peel flake,psoriasis,4,synthetic_llm
cause red bumpy nose cheek 50 year old no history acne,rosacea,6,synthetic_llm
random itchy bump appearing disappearing different part body,hives,3,synthetic_seed
lower lip white patch pigment completely disappeared,vitiligo,9,synthetic_seed
nurse wear mask 12 hour skin along jawline cheek red bump pustule moisturizer seems make worse plain water better,acne,0,synthetic_llm
seborrheic dermatitis men beard flake,seborrheic_dermatitis,8,synthetic_llm
pink cheek bump over 30,rosacea,6,synthetic_llm
crusty sore scratching intensely itchy bump between finger,scabies,7,synthetic_seed
comedo nose chin,acne,0,synthetic_llm
small drop shaped red spot appeared suddenly torso after throat infection,psoriasis,4,synthetic_seed
pimple all along neck line collar rub red few pu,acne,0,synthetic_llm
welt four month arm trunk itch mostly night never stay more day one place tried cutting dairy nothing,hives,3,synthetic_llm
armpit hair turned white pale spot,vitiligo,9,synthetic_llm
greasy peeling skin center face,seborrheic_dermatitis,8,synthetic_llm
tiny vein cheek getting worse look like thin red thread,rosacea,6,synthetic_llm
red irritated patch inner thigh skin rub together,eczema,2,synthetic_seed
sir son red patch body itching after medicine,hives,3,synthetic_llm
red scaly patch behind ear,seborrheic_dermatitis,8,synthetic_llm
skin getting scaly red plaque every winter clearing bit summer sun,psoriasis,4,synthetic_llm
underarms developed pale white patch both side,vitiligo,9,synthetic_seed
spot butt crease red smooth cant treat anything,psoriasis,4,synthetic_llm
skin red scaly spot wrist nothing help itch,eczema,2,synthetic_llm
think seborrheic dermatitis scalp treat antifungal shampoo,seborrheic_dermatitis,8,synthetic_llm
white patch right knee left knee,vitiligo,9,synthetic_llm
itch crazy barely anything see few little red dot wrist three week mostly night partner begun scratching well,scabies,7,synthetic_llm
teenage son hairline lined flaky crusty red skin spill over forehead neck say bit itchy mostly look bad,psoriasis,4,synthetic_llm
red itchy rash around stoma site adhesive bag,contact_dermatitis,1,synthetic_llm
skin raised bump turn white press,hives,3,synthetic_seed
skin look purple grey thick forearm itchy,eczema,2,synthetic_llm
dry itch,eczema,2,synthetic_llm
cheek always look sunburned even though sun,rosacea,6,synthetic_seed
fingernail tiny dent turning yellowish,psoriasis,4,synthetic_seed
baby thick yellow crust head,seborrheic_dermatitis,8,synthetic_llm
face red across cheek nose eight month cheap drugstore acne wash make burn red wine guaranteed flare 42 honestly feel embarrassed photo,rosacea,6,synthetic_llm
dry rough patch hand appeared after cleaning ammonia,contact_dermatitis,1,synthetic_seed
painful red spot face,acne,0,synthetic_llm
small pale patch neck line necklace rub,vitiligo,9,synthetic_llm
patch swelling hand foot itch fade within hour,hives,3,synthetic_llm
burning sensation redness scalp after using hair dye,contact_dermatitis,1,synthetic_seed
nothing flaky oozing raised swollen itchy spot pop anywhere,hives,3,synthetic_llm
partner keep waking night scratch little red bump wrist around waistband,scabies,7,synthetic_llm
hive leg torso get worse scratch,hives,3,synthetic_seed
red scaly patch eyebrow around nose,seborrheic_dermatitis,8,synthetic_seed
pale spot neck slowly getting larger over year,vitiligo,9,synthetic_seed
itchy red patch finger after cleaning fish tank,contact_dermatitis,1,synthetic_llm
toddler red raised bump tummy arm appeared after new antibiotic,hives,3,synthetic_llm
skin going patchy white hand foot neither parent indian india people look differently hide hand,vitiligo,9,synthetic_llm
get sore pimple side chin stay week leave dark spot,acne,0,synthetic_llm
rash forearm line,contact_dermatitis,1,synthetic_llm
rash stomach square shape taped glucose sensor,contact_dermatitis,1,synthetic_llm
red angry pimple around mouth swollen tender,acne,0,synthetic_seed
scalp flake bad after shower ok evening oily itchy,seborrheic_dermatitis,8,synthetic_llm
seborrheic dermatitis flaky greasy patch chest scalp,seborrheic_dermatitis,8,synthetic_llm
red scaly patch ankle shin look worse winter 31 family history,psoriasis,4,synthetic_llm
tiny blister palm itch more anything felt before get bad night,scabies,7,synthetic_llm
intense itching between finger especially night,scabies,7,synthetic_seed
all over rash scaly red really bad since two week cant sleep,psoriasis,4,synthetic_llm
thick silvery scale elbow,psoriasis,4,synthetic_llm
winter come skin forearm back hand turn dry look like cracked dry mud itch use lotion constantly winter started october,eczema,2,synthetic_llm
think patch getting worse cant even bend finger skin split,psoriasis,4,synthetic_llm
started three day after dyed hair home scalp ear back neck red itchy oozing bit tried hydrocortisone cream pharmacy help little,contact_dermatitis,1,synthetic_llm
get painful cracked skin hand during winter red plaque,psoriasis,4,synthetic_seed
blistered red skin finger after handled mango peel,contact_dermatitis,1,synthetic_llm
newborn scaly patch scalp eyebrow seems perfectly comfortable,seborrheic_dermatitis,8,synthetic_llm
redness spread cheek chin forehead last few month hot bit bumpy feel dry scrub make way worse,rosacea,6,synthetic_llm
eye feel gritty eyelid red plus cheek flushed most day,rosacea,6,synthetic_llm
face feel hot prickly especially afternoon sun,rosacea,6,synthetic_seed
rash chest look like shape sport bra band,contact_dermatitis,1,synthetic_llm
red scale rash since baby born all over elbow scalp tired itchy,psoriasis,4,synthetic_llm
every winter scalp get scaly itchy spring fade without much,seborrheic_dermatitis,8,synthetic_llm
hand itchy night cant sleep there little bump between finger,scabies,7,synthetic_llm
redness tender pimple cheek get worse around period,acne,0,synthetic_llm
acne-like bump 50 year old cheek,rosacea,6,synthetic_llm
red itchy skin around nose flaking worse cold,eczema,2,synthetic_llm
could tiny red vein nose rosacea age,rosacea,6,synthetic_llm
cheek red itchy after facial spa yesterday,contact_dermatitis,1,synthetic_llm
swollen red raised welt back after eating mango,hives,3,synthetic_seed
visible network small blood vessel across entire nose,rosacea,6,synthetic_seed
normal 70 year old mother dry itchy scaly shin get red crusty scratch,eczema,2,synthetic_llm
extremely itchy rash belly inner thigh worse night,scabies,7,synthetic_seed
hand itchy blister foot,eczema,2,synthetic_llm
dry cracked skin lip peel sting,eczema,2,synthetic_seed
thickened skin back hand chronic scratching,eczema,2,synthetic_seed
both kid scratching night found tiny bump between finger,scabies,7,synthetic_llm
face hot red sun,rosacea,6,synthetic_llm
raw looking rash all over area used new waxing strip,contact_dermatitis,1,synthetic_llm
dry itchy hand since baby came washing all time,eczema,2,synthetic_llm
flaky skin eyelid slight redness mild itching,seborrheic_dermatitis,8,synthetic_seed
skin cheek feel hot touch look flushed though nothing itchy,rosacea,6,synthetic_llm
burning itchy rash armpit after applying new antiperspirant,contact_dermatitis,1,synthetic_seed
skin pigment gone streak arm,vitiligo,9,synthetic_llm
swollen red ear after hair dye,contact_dermatitis,1,synthetic_llm
jaw red lump rise each month tried over counter retinol cream made face peel lump still,acne,0,synthetic_llm
light spot growing cheek,vitiligo,9,synthetic_llm
15 flaky bald patch behind ear barber noticed first,ringworm,5,synthetic_llm
lip swell along welt face eat certain fruit,hives,3,synthetic_seed
three four swollen itchy bump armpit look like regular pimple,scabies,7,synthetic_llm
skin crawling itchy after swim class red dry,eczema,2,synthetic_llm
tiny red bump line hand itch terribly night,scabies,7,synthetic_seed
sore cracked red spot behind left ear covered yellow flaky crust,seborrheic_dermatitis,8,synthetic_llm
nobody house sleep all scratching bump mostly wrist finger,scabies,7,synthetic_llm
spot forehead helmet,acne,0,synthetic_llm
white patch appeared genitals inner thigh,vitiligo,9,synthetic_seed
thin pencil mark like line inner wrist severe itching,scabies,7,synthetic_seed
nose red swell getting worse every year,rosacea,6,synthetic_llm
rash scalp forehead look like red border scale,psoriasis,4,synthetic_llm
child developed circular bald spot scalp after touching puppy,ringworm,5,synthetic_seed
white patch chest back growing over month,vitiligo,9,synthetic_seed
multiple whitehead chin area keep coming back,acne,0,synthetic_seed
tiny fluid filled bump hand burst scratched,eczema,2,synthetic_llm
red patch knee sting put lotion surface look like frosted glass,psoriasis,4,synthetic_llm
itchy bump back knee ankle,scabies,7,synthetic_llm
red bumpy skin back thats itchy,eczema,2,synthetic_llm
ive coin shaped itchy patch shin week crusty ooze bit,eczema,2,synthetic_llm
rash cheek burn not itch,rosacea,6,synthetic_llm
crack fingertip bleed dry scaly patch palm never fully heals,psoriasis,4,synthetic_llm
hip lower back sharply bordered red plaque fine flaky scale nothing like eczema weepy,psoriasis,4,synthetic_llm
breakout face week before exam,acne,0,synthetic_llm
strange red patch look smooth polished skin fold under belly no scale no smell not itchy,psoriasis,4,synthetic_llm
got bump jawline since monday hurt,acne,0,synthetic_llm
red raised bump all over body appeared right after bee sting,hives,3,synthetic_seed
tiny itchy bump covering forearm after direct sunlight,hives,3,synthetic_seed
psoriatic patch knuckle crack bleed dry air,psoriasis,4,synthetic_seed
after morning run cold leg covered raised welt itched badly,hives,3,synthetic_llm
rash after sunscreen raised itchy,hives,3,synthetic_llm
cheek flush easily skin feel hypersensitive like even water sting sometimes visible red line near nostril 33 skin never fragile before,rosacea,6,synthetic_llm
skin welt whenever get stressed,hives,3,synthetic_llm
itchy blister palm after using new hand sanitizer daily,contact_dermatitis,1,synthetic_seed
skin white spot normal brown everywhere else month,vitiligo,9,synthetic_llm
noticed first hand whiteish patch went face over year father thing want know cream bring back color,vitiligo,9,synthetic_llm
dry scaly ring upper back slowly expanding over week,ringworm,5,synthetic_seed
ring like rash elbow appeared after contact infected pet,ringworm,5,synthetic_seed
small hard bump under skin chin feel not see,acne,0,synthetic_seed
67 live assisted living month hand elbow back itchy scabby area tried moisturizer anti-itch spray nothing help embarrasses around resident,scabies,7,synthetic_llm
eczema itchy no rash day,eczema,2,synthetic_llm
slightly raised ring shaped plaque torso mostly clear middle,ringworm,5,synthetic_llm
pimple scar mark face very dark idk,acne,0,synthetic_llm
itchy patch neck chest after wearing wool sweater,eczema,2,synthetic_llm
daughter cheek red chapped around mouth every time us strawberry flavored kid toothpaste,contact_dermatitis,1,synthetic_llm
round itchy patch between toe peeling skin,ringworm,5,synthetic_seed
pregnant second trimester face suddenly broke lot red bump along chin scared use anything strong making feel awful,acne,0,synthetic_llm
bro back covered zit,acne,0,synthetic_llm
skin dark brown pimple leave dark spot last longer pimple using vitamin serum spot bother more breakout,acne,0,synthetic_llm
skin look red swollen spot,hives,3,synthetic_llm
not really painful skin wrist red itchy exactly fitness tracker band sits,contact_dermatitis,1,synthetic_llm
small milky white dot shoulder multiplying slowly,vitiligo,9,synthetic_seed
moved hot humid country 15 year old pimple forehead temple wear cap all day bought salicylic wash bit better,acne,0,synthetic_llm
dry itchy patch shin leave ashy white mark,eczema,2,synthetic_seed
rash look kind like bug bite no bug find itch non stop night around waist,scabies,7,synthetic_llm
whole family developed itchy rash past two week,scabies,7,synthetic_seed
got red rash face peel not sure,seborrheic_dermatitis,8,synthetic_llm
yellowish oily flake fold nose itchy,seborrheic_dermatitis,8,synthetic_seed
nose red shiny slightly lumpy tip 61 slowly changing year tiny red vein crawl across,rosacea,6,synthetic_llm
little hot welt wrist watch strap sits itchy raised,hives,3,synthetic_llm
itchy red rash neck chest get better vacation,eczema,2,synthetic_llm
skin under glass side nose look greasy flaky purplish redness since darker skin tried drugstore acne wash got drier peeled more,seborrheic_dermatitis,8,synthetic_llm
sudden itchy rash swollen lip,hives,3,synthetic_llm
see shaped track under skin inner wrist,scabies,7,synthetic_seed
little kid daycare getting dry itchy patch year old thigh crease arm pediatrician said keep moisturized want know flare much,eczema,2,synthetic_llm
scalp flaky itchy scratch sleep wake flake pillow,seborrheic_dermatitis,8,synthetic_llm
white patch spreading since turned 12 16 face,vitiligo,9,synthetic_llm
white patch skin hand no pigment,vitiligo,9,synthetic_seed
red swollen itchy patch moved arm leg,hives,3,synthetic_llm
bumpy forehead temple,acne,0,synthetic_llm
skin hand foot losing color symmetrically both side,vitiligo,9,synthetic_seed
scalp itchy stingy since using new shampoo skin along hairline ear red,contact_dermatitis,1,synthetic_llm
big itchy dark patch appearing chest brown skin look raised swollen last few hour,hives,3,synthetic_llm
streaky red line arm little blister,contact_dermatitis,1,synthetic_llm
itchy hive hand wrist flare anxious,hives,3,synthetic_seed
dry patch knuckle keep getting worse,eczema,2,synthetic_llm
dad 68 thick red scaly patch knee lower leg crack decade cream drugstore stopped helping finger also stiff morning lately,psoriasis,4,synthetic_llm
baby skin dry scaly tummy,eczema,2,synthetic_llm
oily skin lot spot,acne,0,synthetic_llm
tiny itchy bump sweat,hives,3,synthetic_llm
cheek breaking red bump dont know pimple something else,acne,0,synthetic_llm
contact dermatitis around belly button belt itch nonstop,contact_dermatitis,1,synthetic_llm
look like dandruff also red scaly spot upper back between shoulder blade,seborrheic_dermatitis,8,synthetic_llm
rough bumpy texture nose enlarged pore permanent redness,rosacea,6,synthetic_seed
toddler whole torso dry scaly rash scratch raw tried changing detergent bathing less otherwise healthy happy,eczema,2,synthetic_llm
swollen red lip chin after eating mango itchy no trouble breathing,contact_dermatitis,1,synthetic_llm
scratchy patch inner thigh new swim trunk,contact_dermatitis,1,synthetic_llm
rash similar ring around ankle slightly raised,ringworm,5,synthetic_llm
old pimple left pitted mark cheek new one keep coming,acne,0,synthetic_llm
red scaly rash buttock cleft not diaper rash sharp edge,psoriasis,4,synthetic_llm
tiny bump finger spreading waist no pain itchy,scabies,7,synthetic_llm
round white spot upper arm not tan summer,vitiligo,9,synthetic_seed
gradual loss skin color elbow creating pale smooth patch,vitiligo,9,synthetic_seed
tiny red spot between finger wrist relentless itch,scabies,7,synthetic_seed
baby face covered red raised patch after first taste yogurt,hives,3,synthetic_llm
raised itchy welt across back started two hour after taking aspirin,hives,3,synthetic_llm
dad 78 red greasy flaking skin eyebrow crease next nose,seborrheic_dermatitis,8,synthetic_llm
normal bump show two hour disappear 24 itch lot,hives,3,synthetic_llm
hand got super red cracked after cleaning bleach all weekend sting wash,contact_dermatitis,1,synthetic_llm
rough bumpy patch back arm feel like sandpaper,eczema,2,synthetic_seed
swimmer always dry scalp thick flake red itchy band along hairline chlorine seems trigger wash clarifying shampoo flake come right back,seborrheic_dermatitis,8,synthetic_llm
dont know rash face white spot near nose chin,vitiligo,9,synthetic_llm
swollen red patch ankle new ankle bracelet,contact_dermatitis,1,synthetic_seed
face burning red month after trying new vitamin serum peel before mild flushing bump showed across cheek worried permanent,rosacea,6,synthetic_llm
child red itchy patch face scalp since infancy,eczema,2,synthetic_seed
flake brow look like dandruff face,seborrheic_dermatitis,8,synthetic_llm
scalp dry itchy rash go behind ear onto neck,eczema,2,synthetic_llm
chest get flaky pink patch sweating lot,seborrheic_dermatitis,8,synthetic_llm
red rashy patch baby cheek ooze sometimes,eczema,2,synthetic_seed
bump blister crease body itch especially under warm cover,scabies,7,synthetic_seed
sudden rash tiny red scaly bump torso 19 recovered strep,psoriasis,4,synthetic_llm
back lot pimple scarring old breakout,acne,0,synthetic_seed
face full pimple ugh,acne,0,synthetic_llm
skin get rashy itchy spot over over mostly arm neck,eczema,2,synthetic_llm
very dry skin all over body patch flare periodically,eczema,2,synthetic_seed
allergic looking rash all over,hives,3,synthetic_llm
skin upper lip under nose scaly chapped lip balm nothing look greasy,seborrheic_dermatitis,8,synthetic_llm
since starting new antidepressant face gotten oily red flaky patch near nose brow,seborrheic_dermatitis,8,synthetic_llm
face butterfly shaped flaky red area across nose cheek not sting,seborrheic_dermatitis,8,synthetic_llm
grandma nursing home itchy crusty rash hand,scabies,7,synthetic_llm
circular rash forearm small blister along edge,ringworm,5,synthetic_seed
itchy irritated skin around nostril visible flake,seborrheic_dermatitis,8,synthetic_seed
red irritated eye swollen lid along red facial skin,rosacea,6,synthetic_seed
itchy dry patch inside elbow,eczema,2,synthetic_llm
skin oily wear heavy sunscreen getting small clogged bump over nose cheek hurt itch rough make skin look uneven,acne,0,synthetic_llm
face rash itchy flaky red cheek,eczema,2,synthetic_llm
white patch scalp hair greying early spot,vitiligo,9,synthetic_llm
pimple red face everytime go sun,rosacea,6,synthetic_llm
im 24 elbow look like thick dry armor silver rough no pain all ugly,psoriasis,4,synthetic_llm
pretty sure scabies burrow line wrist look like picture itch unbearable,scabies,7,synthetic_llm
eye red eyelid edge swollen cheek flushed eye doctor said eyelid problem could linked skin 44 keep recurring,rosacea,6,synthetic_llm
bump forehead small skin coloured hundred no itch,acne,0,synthetic_llm
skin itch big bump within minute,hives,3,synthetic_llm
could caught scabies gym towel night time itch bump arm waist,scabies,7,synthetic_llm
peeling skin ear canal behind earlobe,seborrheic_dermatitis,8,synthetic_llm
sunscreen stop white patch spreading burn fast,vitiligo,9,synthetic_llm
started noticing little pimple flushing late thirty seemed odd since never acne come wave mostly after stress spicy takeout tried tea tree oil friend stung badly,rosacea,6,synthetic_llm
red wheal across shoulder appeared after heavy backpack use,hives,3,synthetic_seed
itchy raised spot arm almost gone new one back,hives,3,synthetic_llm
burning lip after lip balm,contact_dermatitis,1,synthetic_llm
pimple like bump ring forearm after petting stray cat,ringworm,5,synthetic_llm
skin hand raw between finger since baby came washing sanitizing constantly,contact_dermatitis,1,synthetic_llm
doctor told rash look like psoriasis want know show face patch near nose red flake,psoriasis,4,synthetic_llm
red itchy bump front wrist side hand,scabies,7,synthetic_seed
34 thought would done year ago deep tender bump along jawline keep appearing every month drugstore cream touch,acne,0,synthetic_llm
three week ago husband got athlete foot got peeling itchy skin between toe share bathroom mat using lotion make soggy,ringworm,5,synthetic_llm
eyelid feel scratchy face go red every time nervous,rosacea,6,synthetic_llm
skin jaw neck keep erupting sore bump last week,acne,0,synthetic_llm
cracked heel scaly sole sometimes side blister,ringworm,5,synthetic_llm
skin patch melanin seems completely gone,vitiligo,9,synthetic_seed
squeeze blackhead inflamed red spot nose,acne,0,synthetic_seed
toenail thick discolored crumbling psoriasis,psoriasis,4,synthetic_seed
red bumpy rash eyelid make feel dry irritated,eczema,2,synthetic_seed
small tunnel-like mark near finger skin itch most after midnight,scabies,7,synthetic_llm
red expanding ring forearm tiny blister outer border,ringworm,5,synthetic_seed
white spot nipple chest,vitiligo,9,synthetic_llm
pimple like bump cheek no blackhead,rosacea,6,synthetic_llm
stepped hot bath covered itchy raised pink bump,hives,3,synthetic_llm
white patch neck become more obvious after sun exposure,vitiligo,9,synthetic_seed
itchy bump knee after kneeling new yoga mat,contact_dermatitis,1,synthetic_llm
scalp feel hot itchy bump neck came after used new shampoo yesterday evening,hives,3,synthetic_llm
bright red cracked patch hand sanitizer doctor said stop using much,contact_dermatitis,1,synthetic_llm
say chronic urticaria nobody tell skin keep swelling,hives,3,synthetic_llm
milky white patch behind ear expanding,vitiligo,9,synthetic_seed
itchy between finger worse night,scabies,7,synthetic_llm
small raised bump tunnel visible under skin palm,scabies,7,synthetic_seed
cant stop scratching toe skin cracked peeling since started wearing safety boot new job boot always sweaty foot powder help one day,ringworm,5,synthetic_llm
itchy red rash neck new perfume started wearing,contact_dermatitis,1,synthetic_seed
