text,disease,symptoms,body_location,severity,source
"The itching on my lower belly and inner thighs is driving me nuts, and I get red dots there that look like bites.",scabies,,lower abdomen and thighs,moderate,synthetic_llm
is it normal for a round rash to be itchy at the edge but not in the middle,ringworm,,various,mild,synthetic_llm
itchy skin on hands that gets worse once the lights are off,scabies,,hands,moderate,synthetic_llm
"The skin of my hands has turned thick, dark brown and itchy from constantly wearing rubber gloves at work. It never fully clears even when I am off. It is not painful, just uncomfortable and ugly.",contact_dermatitis,,hands,mild,synthetic_llm
Circular red patches on both arms that are slightly raised and scaly,ringworm,"circular, bilateral, raised, scaly",both arms,moderate,synthetic_seed
welts under bra strap line,hives,,chest and back,mild,synthetic_llm
My face feels like it is on fire after using most skincare products,rosacea,"burning sensation, product sensitivity",face,moderate,synthetic_seed
Dandruff that gets much worse during winter months with thick flakes,seborrheic_dermatitis,"dandruff, winter worse, thick flakes",scalp,moderate,synthetic_seed
"Pale areas around my belly button and waistband where my jeans rub, they have been growing for about a year with no itching at all.",vitiligo,,waist and belly,mild,synthetic_llm
comedones on nose and chin,acne,,nose and chin,mild,synthetic_llm
There are dozens of itchy raised dots on my torso that appeared after a hot yoga class.,hives,,torso,mild,synthetic_llm
itchy red pimples on hands and wrists,scabies,,hands and wrists,moderate,synthetic_llm
My eight year old came home from a sleepover and started scratching. Now there are tiny red bumps between his fingers and on his wrists. I put on lotion and oatmeal baths but he still wakes up crying every night.,scabies,,fingers and wrists,moderate,synthetic_llm
pimples at my chest and back too its so embarrasing,acne,,chest and back,moderate,synthetic_llm
I get this scaly red rash on my eyelids and upper cheeks every time I use perfumed products.,contact_dermatitis,,eyelids and cheeks,moderate,synthetic_llm
"After my cousin stayed over with a rash, we all started itching, and I now see tiny bumps in the folds of my wrists.",scabies,,wrist folds,moderate,synthetic_llm
Pimples and pustules on my upper chest that get worse in summer heat,acne,"pustules, heat trigger",upper chest,moderate,synthetic_seed
"My dad, who has Parkinson's, has a really greasy flaky face with red patches on his eyebrows and nose. His caregiver says it gets better with a gentle wash. It keeps coming back and he is sometimes itchy.",seborrheic_dermatitis,,eyebrows and nose,moderate,synthetic_llm
I have depigmented spots on my shins that are spreading to my calves,vitiligo,"depigmented spots, spreading",shins and calves,moderate,synthetic_seed
Fresh welts keep appearing on my shoulders and the itch is driving me nuts.,hives,,shoulders,moderate,synthetic_llm
couple of white blotches on my ankles and one on my wrist,vitiligo,,ankles and wrist,mild,synthetic_llm
Red blotchy patches all over my legs that appeared overnight,hives,"red blotchy, overnight onset",legs,moderate,synthetic_seed
"rash on hands and wrists, red and cracked",contact_dermatitis,,hands and wrists,moderate,synthetic_llm
Weird rash on my neck and ears since I tried a different shampoo. It is red and flaky and I tried an antihistamine but it did not do much.,contact_dermatitis,,neck and ears,moderate,synthetic_llm
"cant tell if its eczema or something else, round patch on arm with edges that are sharper than the middle",ringworm,,arm,mild,synthetic_llm
Itchy rash across my eyelids and under my eyes after I got tinted brow dye done.,contact_dermatitis,,eyelids and under eyes,moderate,synthetic_llm
"my toenail is thick yellowish crumbly and has little dents, and nail fungus treatment did nothing",psoriasis,,toenails,mild,synthetic_llm
"My hands crack and bleed whenever I wash dishes a lot, and the skin between my fingers has tiny blisters that itch like crazy. Hand cream helps for an hour at most. Started after I changed jobs to work in a restaurant kitchen.",eczema,,hands and fingers,severe,synthetic_llm
"I keep getting yellowish flakes on my eyebrows after I wash my face, it looks like little oily bran.",seborrheic_dermatitis,,eyebrows,mild,synthetic_llm
I'm a 16 year old with a very flaky scalp and my hairline is red and scaly. My friends noticed the flakes on my hoodie and it made me really self conscious. I tried apple cider vinegar rinse but it just stung.,seborrheic_dermatitis,,scalp and hairline,moderate,synthetic_llm
"My skin on the inner arms has little burrows you can almost see, and the itch is strongest right before sleep.",scabies,,inner arms,moderate,synthetic_llm
ankles itchy and rashy,eczema,,ankles,moderate,synthetic_llm
cheeks are red and itchy after the facial the spa did yesterday,contact_dermatitis,,cheeks,moderate,synthetic_llm
I have athletes foot with itchy peeling skin and cracking between toes,ringworm,"athletes foot, itchy, peeling, cracking",toes,moderate,synthetic_seed
Two days ago I went hiking and now my forearms and ankles have blistered streaks that ooze. It itches so badly I can't sleep. Calamine lotion helps for maybe an hour.,contact_dermatitis,,forearms and ankles,severe,synthetic_llm
white patches on both sides of my mouth that look symmetrical,vitiligo,,both sides of mouth,mild,synthetic_llm
raised itchy circles on thighs,hives,,thighs,mild,synthetic_llm
flaky ears and behind ears,psoriasis,,ears,mild,synthetic_llm
why do my pimples leave dark marks on my skin?,acne,,face,mild,synthetic_llm
My cheeks stay flushed and tingly after a hot shower or when I am in a heated room. Lately red threads appear near my nose. I am 31 and fair skinned.,rosacea,,cheeks and nose,mild,synthetic_llm
Constant redness on the bridge of my nose and inner cheeks,rosacea,"constant redness, nose bridge",nose and cheeks,moderate,synthetic_seed
Thick scaly patches on my feet soles that crack and hurt when walking,psoriasis,"thick scaly, cracking, painful",feet soles,severe,synthetic_seed
There's a round red patch on my forearm with a scaly border and it keeps getting a little bigger every week.,ringworm,,forearm,moderate,synthetic_llm
My boyfriend says it looks like a rash but it's actually just lots of tiny red bumps along my cheeks and forehead. Skin is oily and he thinks it's from stress.,acne,,cheeks and forehead,mild,synthetic_llm
skin around my lips turned white and i am only 15,vitiligo,,lips,moderate,synthetic_llm
"It looks like I'm covered in coin shaped patches, deep violet on my dark skin with gray flaky tops, mostly on my thighs and back.",psoriasis,,thighs and back,moderate,synthetic_llm
For about three weeks there have been a bunch of painful bumps on my back and shoulders. They started after I began lifting weights in tight clothes. Salicylic acid wash helped slightly.,acne,,back and shoulders,moderate,synthetic_llm
dry flaky skin that bleeds when scratched,eczema,,various,moderate,synthetic_llm
red scaly circle on elbow that I thought was dry skin until it grew,ringworm,,elbow,mild,synthetic_llm
dry flaky feet that itch a lot at night,ringworm,,feet,mild,synthetic_llm
"my husband say it is mosquito but we dont have mosquito in house, the itching is on hands and belly",scabies,,hands and belly,moderate,synthetic_llm
itchy lumps where seatbelt rubbed,hives,,chest and hip,mild,synthetic_llm
deep sore bump on cheek no head,acne,,cheek,moderate,synthetic_llm
patches on my hands that look dry but turn red when I go outside in the cold,eczema,,hands,mild,synthetic_llm
greasy scales on center of chest,seborrheic_dermatitis,,chest,moderate,synthetic_llm
The back of my neck broke out in a rash right after the salon colored my hair.,contact_dermatitis,,neck,moderate,synthetic_llm
skin ring but not itchy at all,ringworm,,various,mild,synthetic_llm
Painful red patches in my armpit folds that crack when I move,psoriasis,"painful, cracking, red",armpits,severe,synthetic_seed
What are these itchy scaly spots on my legs? They keep coming back,eczema,,legs,moderate,synthetic_llm
"white flaky stuff on my eyebrows and red patches near my hairline, not oily",psoriasis,,eyebrows and hairline,mild,synthetic_llm
"My 11 week old baby has a thick yellow crust on her scalp that I can't pick off. I rubbed coconut oil on it overnight and the flakes came loose, but they come back in a few days. She is not bothered by it, I'm just worried it looks bad.",seborrheic_dermatitis,,scalp,mild,synthetic_llm
"I have had these welts for four months now. They are on my arms and trunk, they itch mostly at night, and they never stay more than a day in one place. Tried cutting dairy and it did nothing.",hives,,arms and trunk,moderate,synthetic_llm
my wrestling partner has rash and now i have a ring on my shoulder,ringworm,,shoulder,mild,synthetic_llm
my hands r so itchy at night i cant sleep and theres little bumps between my fingers,scabies,,hands,moderate,synthetic_llm
red scaly ring near my mouth that itches a bit,ringworm,,face near mouth,mild,synthetic_llm
red patches on cheeks of my toddler that get worse with drool,eczema,,cheeks,mild,synthetic_llm
my scalp is itchy nd flakey i tried everything,seborrheic_dermatitis,,scalp,moderate,synthetic_llm
loss of skin colour around both eyes,vitiligo,,around eyes,moderate,synthetic_llm
scalp so itchy flaking since last week plz help,seborrheic_dermatitis,,scalp,moderate,synthetic_llm
My eyelids are swollen dry and flaky with redness that comes and goes,eczema,"swollen, dry, flaky, intermittent",eyelids,moderate,synthetic_seed
white scaly plaques on dark skin legs,psoriasis,,legs,moderate,synthetic_llm
"Fingers swollen, red and itchy after handling raw chili peppers.",contact_dermatitis,,fingers,mild,synthetic_llm
sunscreen makes my face burn,rosacea,,face,mild,synthetic_llm
"Since I started a new job I noticed pale spots on my forearms. They don't itch, burn or flake, they just look washed out compared to the rest. I am worried they will keep spreading.",vitiligo,,forearms,mild,synthetic_llm
"My dad has dementia and lives with us, and over a few weeks he developed thick crusty patches on his hands and feet. He scratches nonstop. Now my wife and I are itching in the evenings, mainly on our wrists.",scabies,,hands and feet,severe,synthetic_llm
swollen itchy lips this morning,hives,,lips,moderate,synthetic_llm
My child is scratching constantly especially at night and has bumps on wrists,scabies,"constant scratching, night, child",wrists,moderate,synthetic_seed
"flaky scalp and also my eyebrows, no oiliness, just dry silvery",psoriasis,,scalp and eyebrows,mild,synthetic_llm
skin dry itchy bumpy since moving to new city,eczema,,various,mild,synthetic_llm
"Since yesterday evening I have had red itchy raised spots on my neck, ears and chest.",hives,,"neck, ears and chest",moderate,synthetic_llm
white spots on my hands that look like paint spilled,vitiligo,,hands,moderate,synthetic_llm
"My skin is combo, dry cheeks but an oily forehead, and I get pimples only on my forehead and nose. Tried changing pillowcases weekly. Still new ones every few days.",acne,,forehead and nose,mild,synthetic_llm
Allergic welts covering my torso after taking antibiotics,hives,"welts, antibiotic trigger",torso,severe,synthetic_seed
palms look thick and red with white peeling edges,psoriasis,,palms,mild,synthetic_llm
Started a new hair product two weeks ago and now my forehead and hairline have lots of tiny bumps. They are not itchy. I stopped the product but they are still there.,acne,,forehead and hairline,mild,synthetic_llm
"strange skin thing: red raised well-defined and covered with flaky white, on my right forearm",psoriasis,,forearm,mild,synthetic_llm
Both my eyebrows have flaky white scale with a slight pink tint and I notice it more after I shave my face.,seborrheic_dermatitis,,eyebrows,mild,synthetic_llm
itchy red rash patchy on my hands and arms after the weekend yard work,contact_dermatitis,,hands and arms,moderate,synthetic_llm
skin patches keep coming back and its so itchy,eczema,,various,moderate,synthetic_llm
"It's mainly around my mouth and chin, small red bumps, some with white tops. I use a lot of makeup for work and don't always remove it at night. Skin feels tight and oily.",acne,,mouth and chin,mild,synthetic_llm
"Pregnant and noticing new red scaly patches on my elbows. Never had them before, but my mother has them.",psoriasis,,elbows,mild,synthetic_llm
my scalp feels hot and itchy and bumps on my neck came up after I used a new shampoo yesterday evening,hives,,scalp and neck,moderate,synthetic_llm
why my cheeks always have red and bumps i m 40 yrs,rosacea,,cheeks,moderate,synthetic_llm
"after the pregnancy i see pale patches on my hands and tummy, maybe hormones? no itch at all",vitiligo,,hands and abdomen,mild,synthetic_llm
Red inflamed skin with white flaky buildup on my arms,psoriasis,"red, inflamed, white flakes",arms,moderate,synthetic_seed
Small hard bumps under the skin on my chin that you can only feel not see,acne,"hard bumps, subclinical",chin,mild,synthetic_seed
Rash under my ring finger where my wedding ring sits,contact_dermatitis,"rash, ring trigger",ring finger,mild,synthetic_seed
face swollen and bumps on body what is happening,hives,,face and body,severe,synthetic_llm
welts after taking ibuprofen,hives,,torso and arms,moderate,synthetic_llm
Every few days I get puffy itchy lumps on my hands and feet and I cannot find a reason.,hives,,hands and feet,moderate,synthetic_llm
Blistering rash on my hands after using new cleaning products,contact_dermatitis,"blistering, rash, chemical trigger",hands,severe,synthetic_seed
my lips and the skin around them have lost color and I'm a bit embarrassed because it is so noticeable on my dark skin,vitiligo,,lips and mouth,moderate,synthetic_llm
Scaly red patches appeared on my chest after a stressful period,psoriasis,"scaly, red, stress triggered",chest,moderate,synthetic_seed
dandruff plus red patches near hair line pls help me,seborrheic_dermatitis,,scalp and hairline,moderate,synthetic_llm
depigmentation around eyes and mouth,vitiligo,,face,moderate,synthetic_llm
"My skin is very sensitive to cold weather. In winter I get dry itchy flaky plaques on my elbows, knees and lower back. I'm 28 and using only regular body lotion. Wondering if I should see a dermatologist.",psoriasis,,elbows knees and lower back,mild,synthetic_llm
My eyelids feel scratchy and my face goes red every time I am nervous.,rosacea,,eyes and face,mild,synthetic_llm
"My scalp is itchy and stingy since using a new shampoo, and the skin along my hairline and ears is red.",contact_dermatitis,,scalp and hairline,moderate,synthetic_llm
Wearing a mask all day gave me a bunch of pimples around my mouth and cheeks.,acne,,mouth and cheeks,mild,synthetic_llm
my grandmother's feet are very dry and scaly all over the soles and she scratches them constantly. She is 82 and diabetic so we are careful. The skin is also cracking at the heels.,ringworm,,soles,moderate,synthetic_llm
"face feels tight and burning after trying my friends serum, red blotchy and no bumps",contact_dermatitis,,face,moderate,synthetic_llm
red patch with clear edges on my back where i wore a lidocaine patch,contact_dermatitis,,back,moderate,synthetic_llm
Rash shaped exactly like the adhesive bandage I wore on my arm,contact_dermatitis,"rash, bandage shaped, adhesive trigger",arm,mild,synthetic_seed
My skin feels tight and burns when I apply moisturizer on affected areas,eczema,"tight skin, burning",various,moderate,synthetic_seed
I developed a rash where my new watch band touches my wrist,contact_dermatitis,"rash, triggered by watch band",wrist,mild,synthetic_seed
"Persistent blushing on my nose and the apples of my cheeks, plus tiny bumps like a rash.",rosacea,,cheeks and nose,mild,synthetic_llm
bumps on cheeks and chin red skin,rosacea,,cheeks and chin,moderate,synthetic_llm
"just moved to a dry climate and my skin has gone crazy, itchy and cracked all over",eczema,,various,moderate,synthetic_llm
Red swelling on my face and neck after using a new detergent on pillowcases,hives,"red swelling, detergent trigger",face and neck,moderate,synthetic_seed
"my head feels like it has a crust, I can lift whole scabs of white and it leaves red raw skin with tiny bleeding points",psoriasis,,scalp,severe,synthetic_llm
"Contact dermatitis around my belly button from my belt, itches nonstop.",contact_dermatitis,,abdomen,moderate,synthetic_llm
dry red scaly patches on my wrists and the back of my neck that flare when I'm run down,psoriasis,,wrists and neck,mild,synthetic_llm
"seb derm on nose and ears, tips?",seborrheic_dermatitis,,nose and ears,mild,synthetic_llm
"scabies symptoms on legs and ankles, itching at night",scabies,,legs and ankles,moderate,synthetic_llm
The skin on my neck looks blotchy and a bit raised whenever I am anxious,hives,,neck,mild,synthetic_llm
My feet have cracked peeling skin between the toes with red patches,ringworm,"cracked, peeling, red patches",feet,moderate,synthetic_seed
red patch near my armpit not itchy at all but it has a ring with a little scale,ringworm,,armpit,mild,synthetic_llm
"My elderly mother has red, weepy skin on her lower legs under the compression stockings. She started using a new skin cream a week ago too. It itches and she keeps scratching at night.",contact_dermatitis,,lower legs,moderate,synthetic_llm
Flaky red skin in my beard area that gets worse with stress,seborrheic_dermatitis,"flaky, red, stress trigger",beard area,moderate,synthetic_seed
Very dry rough skin on the backs of my knees with constant urge to scratch,eczema,"dry, rough, constant itch",backs of knees,moderate,synthetic_seed
patches of thinning hair on the side of my head with grey scales,ringworm,,scalp,moderate,synthetic_llm
Spots on my face are brown and raised on my dark skin and some have pus.,acne,,face,moderate,synthetic_llm
Tried salicylic acid for these bumps on my cheeks and it only made the redness and burning worse.,rosacea,,cheeks,moderate,synthetic_llm
"my dark skin has patches that look ashy and scaly in circles, itchy",ringworm,,trunk,mild,synthetic_llm
"I noticed a few weeks ago that the skin on my hands looked kind of red and rough, and now it is spreading up my wrists. I am a hairdresser and I often forget gloves. It stings in the shower.",contact_dermatitis,,hands and wrists,moderate,synthetic_llm
Red swollen bumps around my nose that look inflamed and are sore,rosacea,"red, swollen, inflamed, sore",around nose,moderate,synthetic_seed
"I'm 67 and live in assisted living. For a month my hands, elbows, and back have been itchy, and now there are scabby areas. I tried a moisturizer and an anti-itch spray but nothing helps, and it embarrasses me around the other residents.",scabies,,"hands, elbows and back",severe,synthetic_llm
Out in the cold wind my hands puff up and get itchy red welts.,hives,,hands,mild,synthetic_llm
Strange that my dandruff gets better after sun exposure but returns whenever I stay indoors in winter.,seborrheic_dermatitis,,scalp,mild,synthetic_llm
Welts on my thighs that appeared shortly after sitting on a cold bench,hives,"welts, cold trigger, thighs",thighs,moderate,synthetic_seed
"not sure what this rash is, itchy at night, hands and waist",scabies,,hands and waist,moderate,synthetic_llm
"why do I get silvery patches on my scalp, my elbows and my knees but nowhere else?",psoriasis,,scalp elbows and knees,mild,synthetic_llm
pimples all over face and back,acne,,face and back,severe,synthetic_llm
the hair part on my head is crusty and itchy and my hair feels greasy by the next day,seborrheic_dermatitis,,scalp,moderate,synthetic_llm
"just got diagnosed with contact dermatitis on my hands from latex, how do i get it to heal faster",contact_dermatitis,,hands,moderate,synthetic_llm
There are greasy yellowish scales behind both of my ears and the skin underneath looks pink.,seborrheic_dermatitis,,behind ears,moderate,synthetic_llm
small pale patches on neck in a line where my necklace rubs,vitiligo,,neck,mild,synthetic_llm
"3 round patches appearing on my legs after hiking, itching and slightly raised",ringworm,,legs,mild,synthetic_llm
I have dandruff that won't go away no matter what shampoo I use,seborrheic_dermatitis,persistent dandruff,scalp,mild,synthetic_seed
itchy patch inside my elbow that looks round with a red edge,ringworm,,elbow,mild,synthetic_llm
is it vitiligo or fungus? white spots on arms,vitiligo,,arms,mild,synthetic_llm
Noticing blotchy pink skin over both cheeks and the bridge of my nose that looks irritated.,rosacea,,cheeks and nose,mild,synthetic_llm
do you think these scaly patches on my shins could be from stress? they showed up during exams,psoriasis,,shins,mild,synthetic_llm
My scalp produces thick white flakes that stick to my hair and fall on clothes,seborrheic_dermatitis,"thick white flakes, sticky, visible",scalp,moderate,synthetic_seed
Flaky white patches on my chin with underlying redness,psoriasis,"flaky, white, redness underneath",chin,mild,synthetic_seed
"my kids are scratching their hands all day, school sent a note",scabies,,hands,moderate,synthetic_llm
flaking eyebrows and hairline,seborrheic_dermatitis,,eyebrows and hairline,mild,synthetic_llm
Persistent dandruff like flaking on my eyebrows that returns within days of treatment,seborrheic_dermatitis,"persistent flaking, eyebrows, returns quickly",eyebrows,moderate,synthetic_seed
Chronic dandruff with redness and itching on my scalp,seborrheic_dermatitis,"chronic dandruff, redness, itching",scalp,moderate,synthetic_seed
"cracks on my fingertips that sting and itch, I work in a salon with shampoo all day. They look red and shiny. I tried a barrier cream but it keeps coming back.",eczema,,fingertips,moderate,synthetic_llm
"One thick red scaly circle on my left knee that is sharply outlined and about 4 cm wide, no other symptoms.",psoriasis,,left knee,mild,synthetic_llm
My cheeks always look sunburned even though I haven't been in the sun,rosacea,persistent sunburn look,cheeks,moderate,synthetic_seed
Itching and tiny blisters on the palms and fingers since I switched jobs to the car wash.,contact_dermatitis,,palms and fingers,moderate,synthetic_llm
itchy rash between fingers and on wrists,scabies,,fingers and wrists,moderate,synthetic_llm
my armpits are on fire and red after switching deodorant brands not really itchy,contact_dermatitis,,underarms,moderate,synthetic_llm
I'm 17 and I have these dandruff-looking crusts along my hairline that spread onto my forehead. Shampoo for dandruff did nothing. People at school keep staring and I wear a hat all the time now.,psoriasis,,scalp and forehead,moderate,synthetic_llm
bumps on penis that itch at night,scabies,,genitals,moderate,synthetic_llm
hand sanitizer made my hands raw,contact_dermatitis,,hands,moderate,synthetic_llm
red face pimples but no blackheads wat is this,rosacea,,face,moderate,synthetic_llm
Flaky skin on my eyelids with slight redness and mild itching,seborrheic_dermatitis,"flaky eyelids, redness, mild itch",eyelids,mild,synthetic_seed
"Nurse here, working night shifts. My forearms break out in itchy welts after I put on latex gloves for about half an hour. The skin is not cracked or dry, just swollen raised bumps that settle in an hour.",hives,,forearms,mild,synthetic_llm
itchy bumps on hands after cold weather,eczema,,hands,mild,synthetic_llm
flaky skin beside my nose,seborrheic_dermatitis,,nose folds,mild,synthetic_llm
Wind makes my cheeks flare up red and bumpy for days afterward.,rosacea,,cheeks,mild,synthetic_llm
"i think i have seborrheic dermatitis on my scalp, can i treat it with antifungal shampoo",seborrheic_dermatitis,,scalp,moderate,synthetic_llm
white spot on my thigh slowly growing,vitiligo,,thigh,mild,synthetic_llm
"The bumps on my skin are dark and a little raised, and the itching is just constant on my forearms and waist.",scabies,,forearms and waist,moderate,synthetic_llm
"unexplained scaly patches that keep coming back on my elbows, been to two doctors and the cream helps then it returns in about 3 weeks",psoriasis,,elbows,moderate,synthetic_llm
"raised itchy rash on belly, pregnant",hives,,belly,moderate,synthetic_llm
Large thick white flakes keep falling from my scalp even right after I wash my hair.,seborrheic_dermatitis,,scalp,moderate,synthetic_llm
babys skin is dry and scaly on the tummy,eczema,,tummy,mild,synthetic_llm
"My 17 year old nephew has lots of pus-filled spots along his forehead and cheeks, and some scarring. He squeezes them constantly. He is embarrassed to go to school.",acne,,forehead and cheeks,severe,synthetic_llm
itchy patch behind my ear crusting over,eczema,,behind ear,mild,synthetic_llm
behind ear skin cracked and flaky and smell little bit,seborrheic_dermatitis,,behind ears,moderate,synthetic_llm
"My eyelids have been scaly and red for days and nothing seems new, though I did switch my contact lens solution.",contact_dermatitis,,eyelids,moderate,synthetic_llm
"Weird that only my hands and waist itch badly at night, and there are small raised lines near my thumb.",scabies,,hands and waist,moderate,synthetic_llm
all over rash scaly red its really bad since two weeks and i cant sleep,psoriasis,,widespread,severe,synthetic_llm
My face has patches of red spots and I cant tell if its pimples or a rash.,acne,,face,mild,synthetic_llm
spots on butt crease. red. smooth. cant treat it w anything.,psoriasis,,buttock crease,mild,synthetic_llm
"My skin burns and turns red when I put on retinol, and the redness never fully leaves.",rosacea,,face,moderate,synthetic_llm
"Everything I put on my hands makes them burn. They are dry, red and cracked after months of wet work.",contact_dermatitis,,hands,moderate,synthetic_llm
Burning itchy rash on my armpits after applying a new antiperspirant,contact_dermatitis,"burning, itchy, antiperspirant trigger",armpits,moderate,synthetic_seed
"Every time I get stressed at work, the skin next to my nose turns red and starts flaking.",seborrheic_dermatitis,,nose folds,mild,synthetic_llm
Is it contact dermatitis if the rash only appears on my hands after I wash them with this one brand of soap?,contact_dermatitis,,hands,mild,synthetic_llm
Cracked bleeding skin on my heels with thick scaly patches,psoriasis,"cracked, bleeding, scaly",heels,severe,synthetic_seed
rash on hands and arms itchy dry flaky,eczema,,hands and arms,moderate,synthetic_llm
face look sunburn but i stay inside,rosacea,,face,mild,synthetic_llm
"The skin on my upper lip under the nose is scaly and chapped but lip balm did nothing, and it looks greasy.",seborrheic_dermatitis,,upper lip,mild,synthetic_llm
"Big swollen area on my cheek that itches, appeared in about ten minutes and is fading now.",hives,,cheek,moderate,synthetic_llm
tiny red veins on my nose,rosacea,,nose,mild,synthetic_llm
"nothing on my face or neck but body is itchy all over at night, hands worst",scabies,,hands and body,moderate,synthetic_llm
nothing itchy but my elbows look rough and crusty with white scale that returns within days of scrubbing it off,psoriasis,,elbows,mild,synthetic_llm
"coin sized scaly patch on the back of my neck, itchy",ringworm,,neck,mild,synthetic_llm
white spot on forehead,vitiligo,,forehead,mild,synthetic_llm
both of my feet have white patches that are perfectly mirror images of each other which seems weird,vitiligo,,feet,moderate,synthetic_llm
my skin so oily n have pimples all day pls suggest,acne,,face,moderate,synthetic_llm
skin patches turning white after friction from my watch strap,vitiligo,,wrist,mild,synthetic_llm
"Light brown bumps on my skin that itch a lot, mostly hands and stomach, and they seem to be spreading.",scabies,,hands and stomach,moderate,synthetic_llm
My skin reacted badly to a new laundry detergent with red bumps everywhere,contact_dermatitis,"red bumps, detergent trigger",various,moderate,synthetic_seed
"There are these thin grayish lines on the side of my hand and the whole area itches, especially in the evening.",scabies,,side of hand,moderate,synthetic_llm
Depigmented streaks in my hair along with white patches on my scalp,vitiligo,"depigmented hair, white scalp patches",scalp and hair,moderate,synthetic_seed
got these bumps on jawline since monday they hurt,acne,,jawline,moderate,synthetic_llm
white patch under my eye,vitiligo,,under eye,mild,synthetic_llm
Patches of white skin on my forehead near the hairline,vitiligo,"white patches, hairline",forehead,moderate,synthetic_seed
"scalp is a mess, thick layers of scale that stick to the hair and pull when I try to comb them",psoriasis,,scalp,severe,synthetic_llm
"my face has a patch on one side that is red and scaly and has a defined edge, gets worse in sun",ringworm,,face,mild,synthetic_llm
"Three of us in a shared flat are scratching all the time. It began with itchy fingers and now we all have small red bumps on arms and stomach. We took allergy tablets, nothing changed, and nights are the worst.",scabies,,"fingers, arms and stomach",moderate,synthetic_llm
scratchy rash on my legs wont stop itching,eczema,,legs,moderate,synthetic_llm
"itching at night for 2 weeks now, i think i got it from my friends couch",scabies,,various,moderate,synthetic_llm
hands itchy blisters feet too,eczema,,hands and feet,moderate,synthetic_llm
My scalp has patches of thick yellow scale that are hard to remove,seborrheic_dermatitis,"thick yellow scale, hard to remove",scalp,moderate,synthetic_seed
"Allergy rash, itchy red welts on arms",hives,,arms,moderate,synthetic_llm
red scaly patches under my arms and in the crease of my neck,psoriasis,,armpits and neck,mild,synthetic_llm
I have oily scaly patches behind both ears that crack when I wipe them after a shower.,seborrheic_dermatitis,,behind ears,moderate,synthetic_llm
Persistent redness across my nose and cheeks that never goes away,rosacea,persistent redness,nose and cheeks,moderate,synthetic_seed
I am dark skinned so the welts look darker brown than my normal skin rather than red. They started on my back about three days ago and they itch like crazy. Tried coconut oil but it did nothing.,hives,,back,moderate,synthetic_llm
idk if its hives but my back is full of red itchy bumps that disappear and come again,hives,,back,moderate,synthetic_llm
"Started noticing little pimples and flushing in my late thirties, which seemed odd since I never had acne. They come in waves, mostly after stress or spicy takeout. Tried tea tree oil from a friend and it stung badly.",rosacea,,face,moderate,synthetic_llm
scaly patches in my hair that people mistake for dandruff but they are rough and raised,psoriasis,,scalp,mild,synthetic_llm
seborrheic dermatitis flaring on my eyebrows again,seborrheic_dermatitis,,eyebrows,mild,synthetic_llm
My chin keeps getting these sore red bumps right before my period starts every single month.,acne,,chin,moderate,synthetic_llm
"The skin on both my elbows is thick, red, and covered in dry white scales. It started small like a pimple but spread. Lotion doesn't help, I've been using urea cream for a month and it only smooths the surface.",psoriasis,,elbows,moderate,synthetic_llm
I developed small itchy water blisters on my palms and soles,eczema,"water blisters, itchy, palms soles",palms and soles,moderate,synthetic_seed
Large puffy red patches on my back that lasted about four hours,hives,"puffy patches, transient, four hours",back,moderate,synthetic_seed
It started about six months ago on my chin and now it is spreading to my cheeks. I tried benzoyl peroxide from the pharmacy but it just dried me out. Feeling self conscious at my new job.,acne,,chin and cheeks,moderate,synthetic_llm
The raised patches on my skin look pale in the middle with a red edge and they keep changing shape.,hives,,torso,moderate,synthetic_llm
rash on my face that is itchy and a bit scaly in a circle shape,ringworm,,face,mild,synthetic_llm
dark purple tint on cheeks with flushing,rosacea,,cheeks,moderate,synthetic_llm
"I'm pregnant, 6 months, and my scalp and eyebrows have started to flake and get oily and red. I used to just have mild dandruff. Not sure which shampoos are safe so I have only been using baby shampoo.",seborrheic_dermatitis,,scalp and eyebrows,moderate,synthetic_llm
spider veins on cheeks since 40s,rosacea,,cheeks,mild,synthetic_llm
"nose is red and swell, getting worse every year",rosacea,,nose,severe,synthetic_llm
red patches with scale on my lower back since the weather got cold,psoriasis,,lower back,mild,synthetic_llm
Intense itching between my fingers especially at night,scabies,"intense itching, nighttime, between fingers",fingers,moderate,synthetic_seed
"The skin on my wrists has lost its color in two symmetrical patches, and it started after I got a bad scrape there a few months ago.",vitiligo,,wrists,moderate,synthetic_llm
About a month after stopping the pill my chin and jaw exploded with cysts. They are sore and I cannot sleep on my side. Doctor appointment is not until next month.,acne,,chin and jaw,severe,synthetic_llm
Dry flaky patches on my fingertips from handling paper all day at work,contact_dermatitis,"dry, flaky, paper handling trigger",fingertips,mild,synthetic_seed
scaly red rash under my breast fold with a sharper edge,ringworm,,under breast,moderate,synthetic_llm
sensitive red face everything stings,rosacea,,face,moderate,synthetic_llm
Why do I get patches of thick silvery skin that crack and hurt around my joints?,psoriasis,,joints,moderate,synthetic_llm
"Wife says my nose has been getting redder and puffier for about three years. No itching, no pain, just thicker looking skin and some visible veins. I am 58 and drink a few beers on weekends.",rosacea,,nose,severe,synthetic_llm
"In the last month small red bumps have appeared on my face and chest. I thought it was sweat rash but they have pus tips and are tender, not itchy.",acne,,face and chest,moderate,synthetic_llm
Itchy flaky greasy patches on my scalp that form thick white clumps,seborrheic_dermatitis,"itchy, flaky, greasy, thick clumps",scalp,moderate,synthetic_seed
tiny bumps and itching at night,scabies,,various,moderate,synthetic_llm
itchy burrow-like tracks on my hand,scabies,,hand,moderate,synthetic_llm
flaky red skin on my baby's scalp and forehead that he scratches,eczema,,scalp and forehead,mild,synthetic_llm
red scaly spots on my torso after i started a new antidepressant,psoriasis,,torso,moderate,synthetic_llm
"itchy bumps on wrist, boyfriend has the same thing",scabies,,wrist,moderate,synthetic_llm
My teenage son has itchy lumps on his arms and legs after football practice. They look like big mosquito bites and fade after a shower. He has had it three times this month and he is getting embarrassed.,hives,,arms and legs,mild,synthetic_llm
"Almost no itching or burning, just lots of red pimples spread over my cheeks and forehead.",acne,,cheeks and forehead,moderate,synthetic_llm
"slightly raised ring shaped plaque on my torso, mostly clear in the middle",ringworm,,torso,mild,synthetic_llm
"Itchy bumps along my bra line and under my arms, but no pain and no weeping, just that awful itch.",scabies,,chest and armpits,moderate,synthetic_llm
"red patches around nose that flake, makes my makeup look cakey",seborrheic_dermatitis,,nose folds,mild,synthetic_llm
"Little greasy scales cover the skin between my breasts and under them, mild itch but gets irritated with sweat.",seborrheic_dermatitis,,chest and under breasts,moderate,synthetic_llm
Circular scaly patch on my shin that appeared after playing football on grass,ringworm,"circular, scaly, grass contact",shin,moderate,synthetic_seed
my skin around the belt buckle is red and itchy no idea why its only there,contact_dermatitis,,waist,mild,synthetic_llm
itchy bumps in a circle on my wrist,ringworm,,wrist,mild,synthetic_llm
Can stress cause these red tender bumps on my face?,acne,,face,moderate,synthetic_llm
rash that disappears in a few hours,hives,,various,mild,synthetic_llm
"I think I picked this up at the gym or from a borrowed blanket, because now my arms and belly itch all night.",scabies,,arms and belly,moderate,synthetic_llm
"my toes have peeled so much that the skin looks raw and I get stinging in the shower, I walk barefoot at the pool all the time",ringworm,,feet,moderate,synthetic_llm
eyelid flakes with red scaly eyebrows,seborrheic_dermatitis,,eyelids and eyebrows,mild,synthetic_llm
white scaly patches on my arms,vitiligo,,arms,mild,synthetic_llm
Tiny closed comedones covering my cheeks that make skin look bumpy,acne,"closed comedones, bumpy texture",cheeks,mild,synthetic_seed
"I washed my hands in cold water and within minutes my knuckles puffed up with itchy red welts. Same thing happens when I grab frozen vegetables. My sister has it too, she says it runs in the family.",hives,,hands,mild,synthetic_llm
scaly patch on my knee,psoriasis,,knee,mild,synthetic_llm
Two chalky white patches showed up on my shins about a year ago. Since then more have appeared on my ankles and they sunburn instantly. I only use sunscreen now and it hasnt changed anything.,vitiligo,,shins and ankles,moderate,synthetic_llm
my 8 year old has a white spot on her chin that is getting wider but she says it feels totally normal,vitiligo,,chin,mild,synthetic_llm
rash on my skin from stickers,contact_dermatitis,,various,mild,synthetic_llm
"just a thick rough red plaque on my right knee, not itchy, not painful",psoriasis,,right knee,mild,synthetic_llm
Ring like rash on my elbow that appeared after contact with infected pet,ringworm,"ring rash, pet contact",elbow,moderate,synthetic_seed
About three weeks ago I started getting itchy and now my girlfriend is scratching too. We both have bumps on our hands and stomachs. I tried hydrocortisone cream but it did nothing and the itching is getting worse at night.,scabies,,hands and stomach,moderate,synthetic_llm
The inside of my wrist got a red blistered area right after trying a perfume sample.,contact_dermatitis,,wrist,moderate,synthetic_llm
"patch on my knee that peels in thick flakes then comes back thicker, tried coconut oil and aloe",psoriasis,,knee,mild,synthetic_llm
just a red irritated rash on my chin and upper lip after shaving with a new cream,contact_dermatitis,,chin and upper lip,mild,synthetic_llm
The fingers of my right hand are blistered and weepy after handling cleaning chemicals at my job all week.,contact_dermatitis,,fingers,severe,synthetic_llm
my arms itch like crazy but there is hardly anything to see just dryness,eczema,,arms,mild,synthetic_llm
"itchy rash inside my elbows since last night, never had it before",eczema,,inner elbows,mild,synthetic_llm
I have visible blood vessels on my cheeks and nose,rosacea,visible blood vessels,cheeks and nose,moderate,synthetic_seed
I used to have clear skin but after my wedding stress my face is covered in sore red pimples. I've been using honey and turmeric masks. Please tell me what this might be.,acne,,face,moderate,synthetic_llm
Watery irritated eyes with crusty eyelids and red flushed cheeks,rosacea,"watery eyes, crusty lids, red cheeks",eyes and cheeks,moderate,synthetic_seed
Itchy round red patch appeared on my daughter's arm after swimming class,ringworm,"itchy, round, swimming contact, child",arm,moderate,synthetic_seed
"Smooth shiny red patch under my breast and in my groin crease, no scaling but it won't go away with antifungal cream.",psoriasis,,skin folds,moderate,synthetic_llm
new circular patch on neck from my cat?,ringworm,,neck,mild,synthetic_llm
Lately my nose and cheeks stay pink all day and little red bumps keep popping up there.,rosacea,,cheeks and nose,moderate,synthetic_llm
Stubborn dandruff on my scalp with large oily flakes and constant itch,seborrheic_dermatitis,"stubborn dandruff, oily flakes, constant itch",scalp,moderate,synthetic_seed
"Looks like skin has no colour on my fingers and toes, which are getting more white each month. Im a 28 year old nurse and my hands are visible all day to patients, which makes me uneasy.",vitiligo,,fingers and toes,moderate,synthetic_llm
There is a patch of redness across my nose and both cheeks that gets worse with hot drinks.,rosacea,,cheeks and nose,moderate,synthetic_llm
Tiny itchy bumps covering my forearms after being in direct sunlight,hives,"tiny bumps, sunlight trigger",forearms,moderate,synthetic_seed
Doctor said my breakouts are hormonal. I get big tender bumps on my lower face that come in cycles with my period. I've been using spot patches but want something stronger.,acne,,lower face,moderate,synthetic_llm
skin is oily and pimples everywhere since i am in college,acne,,face,moderate,synthetic_llm
"pretty sure its my skin condition again, back of knees is red and itchy",eczema,,behind knees,moderate,synthetic_llm
"Itchy flaky bits right at the edge of my hair on the forehead, looks like dandruff got onto my face.",seborrheic_dermatitis,,forehead hairline,mild,synthetic_llm
Red irritated patches in my neck folds that get worse with sweat,eczema,"red, irritated, worse with sweat",neck folds,moderate,synthetic_seed
Red itchy rash around my eyes that makes my eyelids swollen,eczema,"red, itchy, swollen eyelids",around eyes,moderate,synthetic_seed
"my groin is irritated and red with a sharp edge, and I dont have any burning, just constant itch",ringworm,,groin,moderate,synthetic_llm
warm red cheeks after one glass of wine,rosacea,,cheeks,mild,synthetic_llm
Itching all over body that starts exactly when I get into bed at night,scabies,"whole body itch, bedtime onset",whole body,moderate,synthetic_seed
"As a swimmer I have always had dry scalp, but now I have thick flakes and a red itchy band along my hairline. Chlorine seems to trigger it. I wash with a clarifying shampoo but the flakes come right back.",seborrheic_dermatitis,,scalp and hairline,moderate,synthetic_llm
"Just got a red rash on face that peels, not sure what it is.",seborrheic_dermatitis,,face,mild,synthetic_llm
acne on my face wont clear,acne,,face,moderate,synthetic_llm
red itchy rash on armpits after new deodorant,contact_dermatitis,,underarms,moderate,synthetic_llm
Red patches around my eyes with fine silvery scales,psoriasis,"red patches, fine scales",around eyes,mild,synthetic_seed
"My skin is dark brown and I noticed lighter, ashy looking scaly patches around my hairline and beside my nose. They are mildly itchy and the surrounding skin looks a bit darker than normal. I have tried shea butter but the greasy flakes just return.",seborrheic_dermatitis,,hairline and nose,moderate,synthetic_llm
"my eyelids keep getting puffy and scaly, itchy but not painful",eczema,,eyelids,mild,synthetic_llm
my face have many red spot and little pus i am 20 years,acne,,face,moderate,synthetic_llm
"flaky scalp, tight feeling after washing",seborrheic_dermatitis,,scalp,mild,synthetic_llm
My cheeks burn when I step out into the sun for even ten minutes.,rosacea,,cheeks,moderate,synthetic_llm
"Facial skin feels tight and stingy after washing, with ongoing redness over the cheekbones.",rosacea,,cheeks,mild,synthetic_llm
swollen eyes and itchy skin after cat visit,hives,,eyes and arms,moderate,synthetic_llm
Chronic itchy rash on my ankles that leaves dark marks,eczema,"chronic itch, rash, dark marks",ankles,moderate,synthetic_seed
Red raw skin from scratching between my fingers all night long,scabies,"raw skin, scratching, between fingers, nighttime",between fingers,severe,synthetic_seed
"Our toddler is scratching his hands and feet nonstop and has scabs on his fingers, and now I'm itchy too.",scabies,,hands and feet,severe,synthetic_llm
Started wrestling this season and now there are two itchy red rings on my neck and one on my side. Coach says to stay off the mat. I tried hydrocortisone but it only made the edges spread more.,ringworm,,neck and side,moderate,synthetic_llm
Is it an allergy if my lips swell and I get itchy bumps after eating nuts?,hives,,lips and torso,severe,synthetic_llm
Scaly ring shaped spots appearing on my chest,ringworm,"scaly, ring shaped spots",chest,moderate,synthetic_seed
"Never had skin problems until I turned 55, and now there are thick, red, flaking patches on both elbows and my scalp is shedding. My doctor said to stop picking at it but the itch comes in waves, especially at night.",psoriasis,,elbows and scalp,moderate,synthetic_llm
Red patch on my wrist that appeared within hours of wearing a leather strap,contact_dermatitis,"red patch, leather strap trigger",wrist,mild,synthetic_seed
"There's a stubborn patch behind my ear that is red and crusty with cracks, the doctor said it wasn't fungal.",psoriasis,,behind ear,mild,synthetic_llm
"rash in circles on arms and legs with scaly rim, im a wrestler",ringworm,,arms and legs,moderate,synthetic_llm
white patches on my belly,vitiligo,,abdomen,mild,synthetic_llm
muscle guy at gym had ring on his chest and now I got one too,ringworm,,chest,mild,synthetic_llm
Large itchy welts on my chest and neck after tomato soup,hives,,chest and neck,moderate,synthetic_llm
pustules on red cheeks,rosacea,,cheeks,moderate,synthetic_llm
"I got back from a trip abroad two weeks ago and the itching started around then. Small bumps on my fingers, waist, and inner thighs. No fever, and the rash is not painful at all, it just itches terribly after dark.",scabies,,"fingers, waist and thighs",moderate,synthetic_llm
"scalp itch with silvery stuck on scales and bleeding if I scratch, I've lost clumps of hair too",psoriasis,,scalp,severe,synthetic_llm
"dont know if its a rash, my face has white spots near the nose and chin",vitiligo,,nose and chin,mild,synthetic_llm
Itchy red ring on my upper arm that started small and keeps growing,ringworm,"red ring, growing, itchy",upper arm,moderate,synthetic_seed
My 4 year old got red bumpy blotches all over her body after birthday cake. They were pink with pale centers and she kept scratching. By bedtime most were gone but her eyelids were still puffy.,hives,,body and eyelids,moderate,synthetic_llm
Premature graying of hair along with white skin patches on face,vitiligo,"premature graying, white patches",face and hair,moderate,synthetic_seed
I notice my face gets bright red whenever I enter a heated room,rosacea,"bright red, heat trigger",face,moderate,synthetic_seed
just a scaly bald spot and my hair there is short stubs,ringworm,,scalp,moderate,synthetic_llm
my face turn red when i am nervous and now it stay red,rosacea,,face,mild,synthetic_llm
I developed hives on my face and throat after taking ibuprofen,hives,"hives, ibuprofen trigger, throat",face and throat,severe,synthetic_seed
Red scaly rash on my ears that bleeds easily when irritated,psoriasis,"scaly rash, bleeding easily",ears,moderate,synthetic_seed
itchy red patch fingers after cleaning fish tank,contact_dermatitis,,fingers,mild,synthetic_llm
itchy rash on finger under ring,contact_dermatitis,,finger,mild,synthetic_llm
Painful red cysts on my face for months and my skin is scarring.,acne,,face,severe,synthetic_llm
Skin on my hands and feet losing color symmetrically on both sides,vitiligo,"symmetric depigmentation, hands and feet",hands and feet,moderate,synthetic_seed
Weird that my one palm and both feet are scaly while the other hand is clean. Dermatology appointment is in a month and I'd like to understand what this could be.,ringworm,,hand and feet,mild,synthetic_llm
swollen patches wherever my bag strap sits,hives,,shoulder,mild,synthetic_llm
"My 2 year old has been rubbing his hands and feet on the bedsheets for days and has tiny red bumps and scabs on them. I tried diaper rash cream and moisturizer, nothing helped, and now my arms itch too.",scabies,,hands and feet,moderate,synthetic_llm
Dry cracked patches on my knuckles that sting when I wash them.,contact_dermatitis,,knuckles,mild,synthetic_llm
"Pretty sure it's scabies, the burrow lines on my wrist look just like the pictures and the itch is unbearable.",scabies,,wrist,severe,synthetic_llm
athletes foot,ringworm,,feet,mild,synthetic_llm
My eczema flares up whenever I use scented soap or lotion,eczema,"flare up, fragrance trigger",various,moderate,synthetic_seed
I get painful cracked skin on my hands during winter with red plaques,psoriasis,"cracked skin, red plaques, pain",hands,severe,synthetic_seed
Cheeks have little pus bumps and my skin feels greasy even right after washing.,acne,,cheeks,moderate,synthetic_llm
tbh its just itchy skin everywhere that gets worse at night,eczema,,various,mild,synthetic_llm
"My scalp is itchy and flaky for a few years now, and a hairstylist told me it might be a fungus thing, not just dandruff.",seborrheic_dermatitis,,scalp,moderate,synthetic_llm
it looks like someone bleached part of my forearm and the skin there feels totally normal,vitiligo,,forearm,mild,synthetic_llm
I get hot and itchy at night and my arms look pinkish red with many tiny bumps and scratch marks.,scabies,,arms,moderate,synthetic_llm
patchy redness with flaking at the corners of my ears and inside the ear canal opening,psoriasis,,ears,mild,synthetic_llm
"my skin is white in some spots and normal brown everywhere else, its been 6 months",vitiligo,,various,moderate,synthetic_llm
"My one year old still has patches of thick scale on her scalp and some behind her ears. She was fine in summer but they came back when the heater went on. Pediatrician said no worry, but I want to know if there is anything to speed it up.",seborrheic_dermatitis,,scalp and behind ears,mild,synthetic_llm
"spots of redness, not itchy at all, just kind of sore skin where my cast edge rubs",contact_dermatitis,,arm,mild,synthetic_llm
Greasy shiny skin on my face with constant new pimples forming daily,acne,"greasy, shiny, constant new pimples",face,moderate,synthetic_seed
pimples on butt cheeks,acne,,buttocks,mild,synthetic_llm
White patches on my chest and back that have been growing over months,vitiligo,"white patches, growing",chest and back,moderate,synthetic_seed
"cant stop scratching my toes the skin is cracked and peeling since i started wearing safety boots for my new job, and the boots are always sweaty. Foot powder helps for one day only.",ringworm,,feet,moderate,synthetic_llm
"The skin around my nipples is itchy and has small red bumps, and I also itch between my fingers.",scabies,,breasts and fingers,moderate,synthetic_llm
Deep under the skin pimple on my forehead that is very painful to touch,acne,"deep pimple, painful, under skin",forehead,severe,synthetic_seed
Itchy ring on my groin area that spreads when I sweat,ringworm,"itchy ring, spreading with sweat",groin,moderate,synthetic_seed
After my pregnancy I noticed itchy red patches under my breasts and in my groin folds. It looks scaly on the edges and the sweat makes it worse. Not sure which cream is okay while breastfeeding.,ringworm,,under breasts and groin,moderate,synthetic_llm
Rough bumpy texture on my nose with enlarged pores and permanent redness,rosacea,"rough, bumpy, enlarged pores, redness",nose,moderate,synthetic_seed
Greasy yellowish flakes on my scalp with itching,seborrheic_dermatitis,"greasy flakes, yellowish, itching",scalp,moderate,synthetic_seed
"Several firm lumps under the skin on my cheeks, they hurt but there is no itching.",acne,,cheeks,severe,synthetic_llm
Red irritated eyes with swollen lids along with red facial skin,rosacea,"red eyes, swollen lids, facial redness",eyes and face,moderate,synthetic_seed
big itchy welts all over after dinner,hives,,various,moderate,synthetic_llm
"red scaly ring on dark skin, looks brownish purple at the edge and itches",ringworm,,leg,moderate,synthetic_llm
Red scabby patches on my elbows from scratching the intense itch all night,scabies,"scabby patches, elbows, scratching",elbows,severe,synthetic_seed
"the skin on my hands is dry and itchy but I can tell it isn't from washing, because it happens even on days off",eczema,,hands,mild,synthetic_llm
Dark spots and scars left behind after pimples heal on my face,acne,"dark spots, scarring, post acne",face,moderate,synthetic_seed
"ugh my skin is flaring again, itchy red patches on my chest and the back of my neck",eczema,,chest and neck,moderate,synthetic_llm
Random itchy bumps appearing and disappearing on different parts of body,hives,"random bumps, appearing disappearing",various,moderate,synthetic_seed
"itchy red bumps under my chin and neck, a new beard oil is the only thing I changed",contact_dermatitis,,chin and neck,mild,synthetic_llm
red cheeks wont go away,rosacea,,cheeks,moderate,synthetic_llm
red itchy rash on neck,eczema,,neck,mild,synthetic_llm
cracked peeling skin between my little toes burning when i take my socks off,ringworm,,feet,moderate,synthetic_llm
Ring shaped rash on my chest that has been spreading for two weeks,ringworm,"ring shaped, spreading",chest,moderate,synthetic_seed
"my hands are cracked and flaky but its only on the palms, symmetrical, not blistery just dry and thick",psoriasis,,palms,moderate,synthetic_llm
My hands have been rough and red for weeks and the moisturizer barely helps.,contact_dermatitis,,hands,mild,synthetic_llm
burning cheeks and nose,rosacea,,cheeks and nose,moderate,synthetic_llm
"Weeks of red flaky skin around my mouth corners and nose, I think it started after a stressful month.",seborrheic_dermatitis,,mouth and nose,mild,synthetic_llm
my skin colour is fading on my back in a round patch with clear edges,vitiligo,,back,mild,synthetic_llm
"tiny red dots between toes, itchy",scabies,,between toes,mild,synthetic_llm
Is it possible for a rash to itch this much with almost nothing visible on the skin?,scabies,,various,moderate,synthetic_llm
A red itchy rash around the edges of my eyes since using lash glue at a salon.,contact_dermatitis,,around eyes,moderate,synthetic_llm
bumpy scales on my shin that get worse after i shave,psoriasis,,shin,mild,synthetic_llm
Skin by my nose and cheeks is red and burning whenever I cook near the stove.,rosacea,,cheeks and nose,mild,synthetic_llm
"After a week of travel and bad sleep, the sides of my nose are flaking and look greasy and pink.",seborrheic_dermatitis,,nose folds,mild,synthetic_llm
My face looks like it has a permanent flush plus a handful of inflamed little bumps.,rosacea,,face,moderate,synthetic_llm
Why do I keep getting pimples only on my chin?,acne,,chin,moderate,synthetic_llm
my baby head is like yellow and crusty is it normal,seborrheic_dermatitis,,scalp,mild,synthetic_llm
bumps on face since puberty,acne,,face,moderate,synthetic_llm
I scratch my skin raw at night because the itching is so intense,eczema,"intense itch, nighttime, skin damage",various,severe,synthetic_seed
Could this be scabies? The itching is mostly at night and I see small lines on my fingers.,scabies,,fingers,moderate,synthetic_llm
Is it normal for my newborn's face to be this red and rough at 2 months?,eczema,,face,mild,synthetic_llm
rash on my face,acne,,face,mild,synthetic_llm
what are these white blotches that appeared on my face after stress at work,vitiligo,,face,moderate,synthetic_llm
Just noticed my chest has a red itchy patch shaped exactly like my pendant.,contact_dermatitis,,chest,mild,synthetic_llm
Pale spots on my neck that have been slowly getting larger over a year,vitiligo,"pale spots, slowly enlarging",neck,moderate,synthetic_seed
red bumps around nose and cheeks,rosacea,,cheeks and nose,moderate,synthetic_llm
"For the past year my cheeks have been rosy red even at rest, and I get hot flushing episodes in the evening. Cold weather and wind sting. I am 56.",rosacea,,cheeks,moderate,synthetic_llm
flare up! red raw itchy skin on my hands and neck again,eczema,,hands and neck,severe,synthetic_llm
white patches spreading to my armpits and groin over this year,vitiligo,,armpits and groin,moderate,synthetic_llm
dark spots left after pimples brown skin,acne,,face,mild,synthetic_llm
what are these greasy yellow scales behind my ears that come back after I scrape them?,seborrheic_dermatitis,,behind ears,moderate,synthetic_llm
Raised patches that look salmon pink with silvery flakes on my forearms.,psoriasis,,forearms,moderate,synthetic_llm
My boyfriend noticed my face has gotten really spotty on the jawline over the last month.,acne,,jawline,mild,synthetic_llm
Irregular shaped white patches on my upper back spreading slowly,vitiligo,"irregular, white, slowly spreading",upper back,moderate,synthetic_seed
Yellow crusty patches on my scalp that smell unpleasant,seborrheic_dermatitis,"yellow crusts, odor",scalp,moderate,synthetic_seed
patches around my ankle bones lost all color,vitiligo,,ankles,mild,synthetic_llm
"Teenage boy here, my back and chest are covered in zits and I hate taking my shirt off.",acne,,back and chest,severe,synthetic_llm
"I'm a 45 year old truck driver, long hours in boots. Feet are peeling, cracked and itchy in the arch, and now the groin is itchy too. I think it spread from my feet when I put on my underwear.",ringworm,,feet and groin,moderate,synthetic_llm
hot shower makes me break out in bumps,hives,,chest and back,mild,synthetic_llm
Face has been burning and red for a month after trying a new vitamin C serum and a peel. Before that I only had mild flushing now and then. Now bumps showed up across my cheeks and I am worried it is permanent.,rosacea,,cheeks,severe,synthetic_llm
Patches of raised red skin on my thighs with white dry flakes,psoriasis,"raised red, white flakes",thighs,moderate,synthetic_seed
my skin is getting lighter in spots,vitiligo,,various,mild,synthetic_llm
painful lump on chin before period,acne,,chin,moderate,synthetic_llm
"Even though it itches a lot, the skin doesn't look that bad, just a few red specks on my wrists and waist.",scabies,,wrists and waist,mild,synthetic_llm
it burns and itches around my eyes and I have had hay fever my whole life,eczema,,around eyes,moderate,synthetic_llm
Swollen itchy bumps on my hands that last for a few hours then disappear,hives,"swollen bumps, transient, itchy",hands,mild,synthetic_seed
Itchy red patches appeared on my arms after using a new body wash,contact_dermatitis,"itchy, red, body wash trigger",arms,moderate,synthetic_seed
greasy peeling skin center of face,seborrheic_dermatitis,,central face,mild,synthetic_llm
"cracked heels and scaly sole, sometimes the sides blister",ringworm,,feet,mild,synthetic_llm
ruddy face stinging,rosacea,,face,mild,synthetic_llm
Itchy raised patches on my upper arms that move around my body during the day,hives,"raised patches, migratory",upper arms,moderate,synthetic_seed
"pink patches with silvery coating on my arms, started when I quit smoking and my stress went up",psoriasis,,arms,mild,synthetic_llm
"my nails on the right hand look thick white and flaky under the edge, plus the skin of my palm is dry",ringworm,,nails and hand,mild,synthetic_llm
"I am almost 40 and never had skin problems before. Now I have intensely itchy bumps on my genitals, wrists, and between my fingers, and I'm too embarrassed to tell anyone. I only want it to stop so I can sleep.",scabies,,"genitals, wrists and fingers",severe,synthetic_llm
Puffy red skin around my eyes from an allergic reaction to eye cream,contact_dermatitis,"puffy, red, eye cream trigger",around eyes,moderate,synthetic_seed
"Gets worse when I drink alcohol or eat hot soup. Redness on both cheeks and nose, small pus bumps appear a day later. Been going on for about a year.",rosacea,,cheeks and nose,moderate,synthetic_llm
"purplish gray patches with thick scale on my shins, I have dark skin and they are tight and sore",psoriasis,,shins,moderate,synthetic_llm
Small drop shaped red spots appeared suddenly on my torso after a throat infection,psoriasis,"drop shaped spots, red, sudden onset",torso,moderate,synthetic_seed
pigment loss on my forehead after a skin injury,vitiligo,,forehead,mild,synthetic_llm
Last night after sushi I felt itchy everywhere and by the time I looked in the mirror my chest was covered in raised pink patches. They lasted about four hours. Nothing like this has ever happened to me before.,hives,,chest,moderate,synthetic_llm
gym rash on groin and a ring on my chest,ringworm,,groin and chest,moderate,synthetic_llm
does stress make an itchy rash worse? mine flares up before work deadlines,eczema,,arms and neck,moderate,synthetic_llm
The skin on my forearms has red patches that look like streaks from the plants at my grandmother's farm.,contact_dermatitis,,forearms,moderate,synthetic_llm
"red scaly patches on my lower legs that are itchy, i am 68",eczema,,lower legs,moderate,synthetic_llm
patches of skin turned white like wiped out,vitiligo,,various,moderate,synthetic_llm
depigmented spots around the hairline,vitiligo,,hairline,mild,synthetic_llm
"The itch started on my fingers and spread to my elbows and waist over about two weeks, with no hives.",scabies,,"fingers, elbows and waist",moderate,synthetic_llm
strange white areas on my skin that doesnt tan anymore,vitiligo,,various,moderate,synthetic_llm
Red circular spots on my shoulders that appeared after using shared gym equipment,ringworm,"circular spots, shared equipment",shoulders,moderate,synthetic_seed
red bumps where bra clasp touches,contact_dermatitis,,back,mild,synthetic_llm
I started a new job last month with a lot of pressure and now these round red scaly plaques are popping up on my arms and legs. Never had them before. Calamine lotion did nothing and I'm embarrassed to wear short sleeves.,psoriasis,,arms and legs,moderate,synthetic_llm
cheeks r red nd bumpy since few weeks,rosacea,,cheeks,mild,synthetic_llm
"My skin has been breaking out in these red scaly spots whenever I drink heavily or get sick. I'm 33 and it's mostly on my torso. I don't want to go on strong meds, and over-the-counter cortisone only works for a few days.",psoriasis,,torso,moderate,synthetic_llm
been scratching a spot under my chest for a week. The rash is shaped like a half circle and the outer edge is red and rough. I have tried zinc cream with no effect.,ringworm,,under chest,moderate,synthetic_llm
My face became red and swollen after a facial treatment with new products,contact_dermatitis,"red, swollen, facial treatment trigger",face,moderate,synthetic_seed
"red irritated skin with scale around my navel and between my toes, antifungals did nothing",psoriasis,,navel and toes,mild,synthetic_llm
itchy rash on both elbows and wrists,scabies,,elbows and wrists,moderate,synthetic_llm
swollen red patches on my kid's legs,hives,,legs,moderate,synthetic_llm
loose white patches on the back of my neck,vitiligo,,back of neck,mild,synthetic_llm
My husband woke up with big raised pink welts on his back and says they burn when he scratches. He took a new supplement yesterday and has no other symptoms.,hives,,back,moderate,synthetic_llm
"My skin itches in so many places lately, and the bumps seem to pop up around creases like the elbows, wrists, and under the knees.",scabies,,"elbows, wrists and knees",moderate,synthetic_llm
my face is full of pimples again ugh,acne,,face,moderate,synthetic_llm
raised pale bumps with red halo,hives,,arms,mild,synthetic_llm
Weird itchy bumps on my wrists and ankles that started a couple weeks after my roommate began scratching too.,scabies,,wrists and ankles,moderate,synthetic_llm
swollen itchy hands after wearing nitrile gloves all day,eczema,,hands,moderate,synthetic_llm
rash on my chest that looks like the shape of my sports bra band,contact_dermatitis,,chest,mild,synthetic_llm
Small itchy vesicles on the sides of my fingers in warm weather,eczema,"itchy vesicles, warm weather",finger sides,moderate,synthetic_seed
My nails have become pitted and are separating from the nail bed,psoriasis,"pitted nails, nail separation",nails,moderate,synthetic_seed
Red raised bumps all over my body that appeared right after a bee sting,hives,"raised bumps, bee sting trigger",whole body,severe,synthetic_seed
face covered in red bumps and nodules,acne,,face,severe,synthetic_llm
"white areas on feet and hands spreading fast this year, I'm 38",vitiligo,,hands and feet,severe,synthetic_llm
Itchy redness and flaking in my outer ear canal that never fully clears,seborrheic_dermatitis,"itchy, redness, flaking, ear canal, chronic",ear canal,moderate,synthetic_seed
skin welts whenever I get stressed,hives,,various,mild,synthetic_llm
"My six year old has dandruff plus scaly patches behind his ears, and the pediatrician said it can be kids' dandruff.",seborrheic_dermatitis,,scalp and behind ears,mild,synthetic_llm
Circular patch on my jawline with tiny bumps along the edge,ringworm,"circular, tiny edge bumps",jawline,moderate,synthetic_seed
We just painted the nursery and I touched the wood stain with bare hands. By evening my hands were red and the skin on my palms is now peeling. I am pregnant so I am trying not to use strong creams.,contact_dermatitis,,hands,moderate,synthetic_llm
"I keep getting deep, tender bumps on my chin that never form a white head.",acne,,chin,moderate,synthetic_llm
What are these tiny red bumps on my baby's palms that make her fuss and rub her hands?,scabies,,palms,moderate,synthetic_llm
itchy hands after gardening,contact_dermatitis,,hands,mild,synthetic_llm
My hands get raw and red from washing with harsh industrial soap at work,contact_dermatitis,"raw, red, industrial soap trigger",hands,moderate,synthetic_seed
"pretty sure my baby has cradle cap, how long does it last",seborrheic_dermatitis,,scalp,mild,synthetic_llm
Dry cracked skin on my lips that peels and stings,eczema,"dry, cracked, peeling, stinging",lips,moderate,synthetic_seed
white patch on my hand getting bigger,vitiligo,,hand,mild,synthetic_llm
My baby developed a diaper rash after switching to a new diaper brand,contact_dermatitis,"diaper rash, product switch",diaper area,moderate,synthetic_seed
why does my skin raise up in welts when I scratch it lightly,hives,,arms,mild,synthetic_llm
"Rough red patches on my cheeks with tiny pimples, it feels hot more than itchy.",rosacea,,cheeks,moderate,synthetic_llm
"red itchy skin around my watch strap, nothing else",contact_dermatitis,,wrist,mild,synthetic_llm
What is this red scaly patch on my cheek that came the day after I tried a new foundation?,contact_dermatitis,,cheek,mild,synthetic_llm
"Strange puffy rash on my knees and elbows that itches, does not look like dry skin at all.",hives,,knees and elbows,mild,synthetic_llm
"red bumpy rash on arms, itchy",hives,,arms,mild,synthetic_llm
"My hands are itchy and flaking since I started wearing nitrile gloves for dishwashing. I figured gloves would protect them. Taking them off, the skin looks red and shiny.",contact_dermatitis,,hands,moderate,synthetic_llm
"Small bumps on my wrist with a thin curved line next to them, and my hands itch at night.",scabies,,wrist and hands,moderate,synthetic_llm
does this look contagious? circle shaped red rash with flakes at the edge on my side,ringworm,,side,mild,synthetic_llm
Pink to red flush across my cheeks and forehead which my sister also gets.,rosacea,,forehead and cheeks,mild,synthetic_llm
"my mother in law is 70 and has big white areas on her hands and neck that have slowly merged over a few years, she says nothing hurts",vitiligo,,hands and neck,severe,synthetic_llm
What cream can bring pigment back to white patches on my face?,vitiligo,,face,moderate,synthetic_llm
"inner thighs itchy, red bumps, worse at night",scabies,,inner thighs,moderate,synthetic_llm
Pimples have spread from my chin to my neck over the past two months. Some are tender and deep. I am 28 and this is the worst my skin has ever been.,acne,,chin and neck,severe,synthetic_llm
"Super itchy raised dots on my torso after the sauna, they fade when I cool down",hives,,torso,mild,synthetic_llm
My child developed circular bald spots on scalp after touching a puppy,ringworm,"circular bald spots, animal contact",scalp,moderate,synthetic_seed
babys head has yellow scabs idk what to do,seborrheic_dermatitis,,scalp,mild,synthetic_llm
Swollen red raised welts on my back after eating a mango,hives,"swollen, welts, mango trigger",back,moderate,synthetic_seed
"inner thigh rash is very red and raw from scratching, border is raised and scaly",ringworm,,inner thigh,severe,synthetic_llm
white patch near my ear that sunburns fast,vitiligo,,near ear,mild,synthetic_llm
itchy bumps all over my body since morning pls help,hives,,various,moderate,synthetic_llm
"in my country we call it itch of night, my skin has small bumps on fingers and itch very bad",scabies,,fingers,moderate,synthetic_llm
Itchy blisters on my palms after using a new hand sanitizer daily,contact_dermatitis,"itchy blisters, sanitizer trigger",palms,moderate,synthetic_seed
"After my thyroid diagnosis, I started noticing pale patches on my hands. Doctor said thyroid and skin color problems can go together sometimes. They are not scaly and not sore, they just look bleached. It makes me self conscious wearing short sleeves.",vitiligo,,hands,moderate,synthetic_llm
patches on the genital skin turned white and my partner asked about it,vitiligo,,genitals,mild,synthetic_llm
patch on my back lost color and the hairs in it are white,vitiligo,,back,mild,synthetic_llm
My neck has painful red bumps that sometimes leave dark scars,acne,"painful bumps, dark scars",neck,moderate,synthetic_seed
deep red skin with scale in the groove between my buttocks that burns,psoriasis,,buttock crease,moderate,synthetic_llm
My whole body breaks out in hives when I get cold,hives,"whole body hives, cold trigger",whole body,moderate,synthetic_seed
skin itches the second i take my clothes off at night,eczema,,body,moderate,synthetic_llm
"Raised patches appear when my sleeves rub my skin, even a bit of pressure does it.",hives,,arms,mild,synthetic_llm
My forehead hairline has flaky greasy scales that keep returning,seborrheic_dermatitis,"flaky, greasy, recurring",forehead hairline,moderate,synthetic_seed
red itchy skin on the sides of my groin that heals in the center,ringworm,,groin,moderate,synthetic_llm
Sensitive facial skin that reacts to wind cold and alcohol,rosacea,"sensitive skin, reactive to elements",face,moderate,synthetic_seed
"dry red patch on my scalp, flakes fall off like snow",psoriasis,,scalp,mild,synthetic_llm
My face and shoulders are very oily and I have constant new pimples. I'm 18 and just took exams and it flared. My mom bought me a gentle cleanser which helped slightly.,acne,,face and shoulders,moderate,synthetic_llm
"my teenage daughter has had dry red itchy skin in her elbows since she was little, now it's showing on her neck too and she's embarrassed to wear her hair up",eczema,,elbows and neck,moderate,synthetic_llm
"my toes and feet are red and cracking, I see tiny pus bumps under the skin that dry into brown spots, not contagious according to the doc",psoriasis,,feet,severe,synthetic_llm
itchy red streaks on arms after hiking,contact_dermatitis,,arms,moderate,synthetic_llm
Yellow oily crusts on my baby's soft spot area on top of the head,seborrheic_dermatitis,"yellow oily crusts, baby, fontanelle",top of head,moderate,synthetic_seed
itchy skin that gets worse with dry air and heating,eczema,,various,mild,synthetic_llm
itchy bumps appear then vanish by morning,hives,,various,mild,synthetic_llm
pls help rash wont go away its itchy and dry,eczema,,various,moderate,synthetic_llm
white patch on the foot,vitiligo,,foot,mild,synthetic_llm
Got these red pimples on my cheeks but there are no blackheads or whiteheads at all.,rosacea,,cheeks,moderate,synthetic_llm
itchy red patch scalp,psoriasis,,scalp,mild,synthetic_llm
"The welts are warm to the touch, they blanch when I press them, and they itch all day",hives,,torso,moderate,synthetic_llm
Why is my baby's face covered with red raised patches after her first taste of yogurt?,hives,,face,moderate,synthetic_llm
Intense itching on my wrists and between fingers that keeps me awake at night,scabies,"intense itch, wrists, insomnia",wrists and fingers,moderate,synthetic_seed
Itchy red lesions on my elbows that worsen when I drink alcohol,psoriasis,"itchy, red, alcohol trigger",elbows,moderate,synthetic_seed
help my skin is cracked and oozing all over my arms,eczema,,arms,severe,synthetic_llm
rash on my scalp and forehead that looks like a red border with scale,psoriasis,,scalp and forehead,mild,synthetic_llm
I use a thick sunscreen daily because of my dark skin tone. My forehead and cheeks are now covered with small flesh coloured bumps. I wonder if the products are clogging my skin.,acne,,forehead and cheeks,mild,synthetic_llm
My skin is dark brown and these pimples leave dark spots that last longer than the pimples themselves. I've been using vitamin C serum. The spots bother me more than the breakouts.,acne,,face,moderate,synthetic_llm
"Dry, thick and flaky red patches appeared on my hands after months of dishwashing at the restaurant, and they continue even on days off.",psoriasis,,hands,moderate,synthetic_llm
"skin keeps cracking at my knuckles, dry flaky and red with defined edges, only in winter",psoriasis,,knuckles,mild,synthetic_llm
"hello i got a rash round and red edges at my back and it is itching me much, i use the cream from shop not working",ringworm,,back,mild,synthetic_llm
"Little pimples on the sides of my fingers that are sore from scratching, plus an itchy rash on my elbows.",scabies,,fingers and elbows,moderate,synthetic_llm
dark brown scaly patches along hairline,seborrheic_dermatitis,,hairline,moderate,synthetic_llm
My forehead gets small flesh colored bumps right after I use thick hair oil.,acne,,forehead,mild,synthetic_llm
rash on neck after perfume,contact_dermatitis,,neck,mild,synthetic_llm
"Redness appears every afternoon on my cheeks, and by evening they feel hot and sore.",rosacea,,cheeks,moderate,synthetic_llm
Large swollen blotches on my thighs that last a few hours then fade,hives,"swollen blotches, transient",thighs,moderate,synthetic_seed
"expanding red rings on my torso, my skin is brown and the rings look darker than the rest",ringworm,,torso,moderate,synthetic_llm
Ever since I switched laundry soap my arms and torso get itchy red bumps by evening.,contact_dermatitis,,arms and torso,moderate,synthetic_llm
"Rash popped up on my hands and forearms the day after sanding and painting the fence. It is red, blotchy and burns more than it itches. I washed with soap a lot but maybe I made it worse.",contact_dermatitis,,hands and forearms,moderate,synthetic_llm
Round patch with raised scaly border appeared on my wrist,ringworm,"round, raised border, scaly",wrist,moderate,synthetic_seed
white area on lower back,vitiligo,,lower back,mild,synthetic_llm
"Is there a rash that itches mostly at night and spares my face? Mine is on my hands, wrists, and belly.",scabies,,"hands, wrists and belly",moderate,synthetic_llm
My teenage son has spots all over his back and the pimples on his face are big and red. He refuses to wear short sleeves. We tried an over the counter wash from the store.,acne,,face and back,severe,synthetic_llm
why is my skin red and itchy only where the plaster was?,contact_dermatitis,,arm,mild,synthetic_llm
My scalp keeps shedding white flakes onto my shoulders and it gets really itchy when I'm stressed.,psoriasis,,scalp,moderate,synthetic_llm
got small red veins on my face and its spreading,rosacea,,face,mild,synthetic_llm
There are pus bumps scattered over my red cheeks but the skin does not itch at all.,rosacea,,cheeks,moderate,synthetic_llm
My baby has tiny red bumps on the palms and soles that make them very fussy,scabies,"red bumps, palms soles, baby, fussy",palms and soles,moderate,synthetic_seed
"Ever since I turned 40 I get pimples on my chin and lower cheeks, not like my teenage ones, more deep and tender. Wondering if it's hormones. Have not tried anything yet.",acne,,chin and cheeks,moderate,synthetic_llm
Large raised bumps cover my legs after a long day of hiking in the heat.,hives,,legs,moderate,synthetic_llm
"Mostly an itchy rash on my torso, a few bumps near my ankles, and a strange night time itch. Nothing seems to calm it.",scabies,,torso and ankles,moderate,synthetic_llm
"Eyes feel gritty and my eyelids are red, plus my cheeks are flushed most days.",rosacea,,eyes and cheeks,moderate,synthetic_llm
"cracked weepy skin on my ear canal and outer ear, itchy",eczema,,ear,moderate,synthetic_llm
there is a raised red scaly border around a patch of normal looking skin on my upper arm and it gets bigger daily,ringworm,,upper arm,moderate,synthetic_llm
Started with a few itchy spots on my wrist and now there are bumps in my groin and around my waist. I have not changed any soaps or detergent. It really only bothers me when I'm in bed and the room is warm.,scabies,,"wrist, groin and waist",moderate,synthetic_llm
"ive had this coin shaped itchy patch on my shin for weeks, its crusty and oozes a bit",eczema,,shin,moderate,synthetic_llm
irritant contact dermatitis hands from all the handwashing at work,contact_dermatitis,,hands,moderate,synthetic_llm
"night itch, little scabs on fingers",scabies,,fingers,moderate,synthetic_llm
"my nails look yellow brown under the tip, they lift away from the bed and crumble, and my scalp also flakes",psoriasis,,nails and scalp,moderate,synthetic_llm
My hair is turning white in a small patch on my scalp,vitiligo,white hair patch,scalp,mild,synthetic_seed
scratching the insides of my elbows has turned the skin dark and bumpy,eczema,,inner elbows,moderate,synthetic_llm
My skin gets red and tender around the cheeks whenever I use a scrub or exfoliator.,rosacea,,cheeks,mild,synthetic_llm
"itching all around the groin and inner thigh, skin brown and thickened from scratching, edge is darker",ringworm,,groin and thigh,moderate,synthetic_llm
I get small hives on my hands whenever I handle raw flour,hives,"small hives, flour trigger",hands,mild,synthetic_seed
Whenever I stress about work my chin breaks out in swollen red pimples.,acne,,chin,moderate,synthetic_llm
Recurring facial flushing with small raised bumps that never fully clear,rosacea,"flushing, raised bumps, chronic",face,moderate,synthetic_seed
My hands are peeling and cracking after using bleach without gloves,contact_dermatitis,"peeling, cracking, bleach trigger",hands,moderate,synthetic_seed
"Every winter my scalp gets scaly and itchy, and by spring it fades without me doing much.",seborrheic_dermatitis,,scalp,mild,synthetic_llm
elbow skin cracks bleeds and itches then peels in flakes,psoriasis,,elbows,moderate,synthetic_llm
baby has itchy blisters on palms,scabies,,palms,moderate,synthetic_llm
My skin has been extremely dry for 2 weeks and patches on my forearms started to weep and crust. I haven't changed anything except a new laundry detergent. I stopped it but the rash is still going.,eczema,,forearms,severe,synthetic_llm
yellow crusts in baby's eyebrows,seborrheic_dermatitis,,eyebrows,mild,synthetic_llm
is this contact dermatitis? red itchy rash on my wrist under the watch,contact_dermatitis,,wrist,mild,synthetic_llm
itchy groin rash that stops before it reaches the scrotum,ringworm,,groin,moderate,synthetic_llm
dry flaky eyelids that itch,eczema,,eyelids,mild,synthetic_llm
Cradle cap on my infant's scalp with thick yellow crusty patches,seborrheic_dermatitis,"thick yellow crusts, cradle cap",scalp,moderate,synthetic_seed
Red scaly patches on my mid chest with greasy yellow flakes,seborrheic_dermatitis,"red, scaly, greasy yellow flakes",mid chest,moderate,synthetic_seed
Annular red lesion on my abdomen with slightly raised borders,ringworm,"annular, raised borders",abdomen,moderate,synthetic_seed
My forehead has been bumpy since I started wearing a school hat. Looks like rows of small whiteheads. I tried rubbing alcohol but it made my skin peel.,acne,,forehead,mild,synthetic_llm
"My skin is dark brown and I never noticed redness, but my cheeks feel hot and look darker and purplish. There are small bumps too. Doctors keep saying it is acne but it burns instead of being oily.",rosacea,,cheeks,moderate,synthetic_llm
My skin gets clogged and bumpy on the cheeks and I cant seem to stop new ones forming.,acne,,cheeks,mild,synthetic_llm
Swollen red patch on my ankle from a new ankle bracelet,contact_dermatitis,"swollen, red, jewelry trigger",ankle,mild,synthetic_seed
scratchy skin that burns when I put moisturizer on it,eczema,,various,moderate,synthetic_llm
bald round patch on my son's head,ringworm,,scalp,moderate,synthetic_llm
Red bumps on my chin and forehead with visible spider veins,rosacea,"red bumps, spider veins",chin and forehead,moderate,synthetic_seed
Red irritated skin on my hands where rubber gloves touch my wrists,contact_dermatitis,"red, irritated, rubber glove trigger",wrist area,moderate,synthetic_seed
I have white patches of skin on my hands that have no pigment,vitiligo,"white patches, no pigment",hands,moderate,synthetic_seed
"rash with clearing centre, tiny red bumps along edge, not oozing, on my lower back",ringworm,,lower back,mild,synthetic_llm
swollen red ears after hair dye,contact_dermatitis,,ears,moderate,synthetic_llm
"welts on stomach, no pain just itch",hives,,stomach,moderate,synthetic_llm
Dry patchy skin on my wrists with well defined red borders,psoriasis,"dry, patchy, defined borders",wrists,mild,synthetic_seed
just noticed ivory coloured spots by my wrist,vitiligo,,wrist,mild,synthetic_llm
Red flushing on my forehead and cheeks triggered by hot showers,rosacea,"flushing, hot shower trigger",forehead and cheeks,moderate,synthetic_seed
There are little scabbed spots on my ankles and between my toes that itch badly after I take my socks off.,scabies,,ankles and toes,moderate,synthetic_llm
My thighs got a rash from sitting on a chair with nickel studs,contact_dermatitis,"rash, nickel trigger, chair",thighs,mild,synthetic_seed
itchy welts after new medicine,hives,,various,moderate,synthetic_llm
dark itchy patches on my legs i have been scratching since high school,eczema,,legs,moderate,synthetic_llm
Raised red rings on my belly that keep growing and then fade without leaving marks.,hives,,belly,mild,synthetic_llm
"My husband is a mechanic and his hands are cracked, red and peeling from the degreaser. No rash anywhere else on his body and it improves a bit on vacation. He says it burns more than it itches.",contact_dermatitis,,hands,moderate,synthetic_llm
My elderly parent has thick crusted patches with intense itch all over body,scabies,"thick crusts, intense itch, elderly",whole body,severe,synthetic_seed
flaky scalp patch hair breaking off at the surface,ringworm,,scalp,moderate,synthetic_llm
face redness worse in winter wind,rosacea,,face,mild,synthetic_llm
"cant stop scratching at night, red specks everywhere",scabies,,various,severe,synthetic_llm
tiny bumps on forehead not itchy,acne,,forehead,mild,synthetic_llm
It looks like dandruff but there are also red scaly spots on my upper back and between my shoulder blades.,seborrheic_dermatitis,,upper back,moderate,synthetic_llm
I have yellowish flakes stuck to my baby's head and she is only six weeks old.,seborrheic_dermatitis,,scalp,mild,synthetic_llm
red patches on cheeks and nose that dont fade,rosacea,,cheeks and nose,moderate,synthetic_llm
"rash going outward in a circle, nothing helps",ringworm,,various,moderate,synthetic_llm
big painful pimple on my chin dont know how to remove,acne,,chin,moderate,synthetic_llm
"I work in daycare and a few of the kids had a rash recently. Now I'm itching on my hands, wrists, and under my breasts. I put calamine lotion on it, which cooled it for a bit, but by night it is awful again.",scabies,,"hands, wrists and breasts",moderate,synthetic_llm
tiny fluid filled bumps on my hands that burst when scratched,eczema,,hands,moderate,synthetic_llm
Itchy flaking skin on the sides of my nose that looks oily,seborrheic_dermatitis,"itchy, flaking, oily",sides of nose,mild,synthetic_seed
skin looks whitish in patches maybe after sun,vitiligo,,various,mild,synthetic_llm
My cheeks go bright red every time I walk into a warm room from the cold.,rosacea,,cheeks,mild,synthetic_llm
My brown skin has turned a flat white on my fingers and around my mouth. It does not hurt and there are no bumps. It has been spreading for about 8 months and I get really anxious about photos.,vitiligo,,fingers and mouth,moderate,synthetic_llm
Why is everyone in my house itching at the same time?,scabies,,various,moderate,synthetic_llm
"dry flaky face only in t zone and nose, not on cheeks",seborrheic_dermatitis,,t zone,mild,synthetic_llm
red patch on thumb and index finger that itches after peeling oranges,contact_dermatitis,,fingers,mild,synthetic_llm
"dry sore patches on my hands, I'm a new mom and wash bottles all day. My knuckles crack and the skin around my thumbs is red and itchy.",eczema,,hands and thumbs,moderate,synthetic_llm
Facial redness that gets worse when I eat spicy food or drink wine,rosacea,"redness, spicy food trigger, wine trigger",face,moderate,synthetic_seed
"nobody told me skin could get this scaly, my knees look like dried paint",psoriasis,,knees,moderate,synthetic_llm
Red inflamed skin on my wrists where my watch clasp touches my skin,contact_dermatitis,"red, inflamed, watch clasp trigger",wrists,mild,synthetic_seed
"raw red patches in the bend of my elbows, they sting when I scratch",eczema,,elbow bend,moderate,synthetic_llm
"pink ring with raised border on my arm, I'm 70 and live with a cat",ringworm,,arm,mild,synthetic_llm
greasy skin and spots,acne,,face,mild,synthetic_llm
scratch my skin and it raises red lines,hives,,arms and back,mild,synthetic_llm
"My partner and I keep waking up at night to scratch, with little red bumps on our wrists and around the waistband.",scabies,,wrists and waist,moderate,synthetic_llm
my ear canal opening is full of flaky silver dry skin and I get white flakes on my pillow,psoriasis,,ears,mild,synthetic_llm
Crusty oozing rash behind my toddler's ears that keeps returning,eczema,"crusty, oozing, recurring, child",behind ears,moderate,synthetic_seed
"scale on scalp, no hair loss, a little itch",psoriasis,,scalp,mild,synthetic_llm
"all over rash, red and itchy, dry, i think my whole body is flaring",eczema,,whole body,severe,synthetic_llm
"Is it normal for the itch to be this bad but only in certain spots like my fingers, waist, and genitals?",scabies,,"fingers, waist and genitals",moderate,synthetic_llm
bad dry rash on hands from cleaning products,eczema,,hands,moderate,synthetic_llm
white bits on my hands,vitiligo,,hands,mild,synthetic_llm
"There is a big bump on my cheek, red and swollen, for five days now. I didn't squeeze it. Warm compress did nothing and it throbs when I bend over.",acne,,cheek,moderate,synthetic_llm
rosacea flare up after sun again,rosacea,,face,moderate,synthetic_llm
Red bumps across my nose and cheeks that do not look like regular zits.,rosacea,,cheeks and nose,moderate,synthetic_llm
scaly rash with sharp border,ringworm,,various,mild,synthetic_llm
"Redness has spread from my cheeks to my chin and forehead in the last few months. It is hot, a bit bumpy, and feels dry. Scrubs make it way worse.",rosacea,,face,moderate,synthetic_llm
My roommate and I both developed intense itching at the same time,scabies,"shared living, simultaneous itch",various,moderate,synthetic_seed
My child has red itchy patches on face and scalp since infancy,eczema,"red, itchy, infantile onset",face and scalp,moderate,synthetic_seed
white spot on my eyelid,vitiligo,,eyelid,mild,synthetic_llm
"red scaly patches on my ankles and shins that look worse in winter, I'm 31 and have a family history of this",psoriasis,,ankles and shins,mild,synthetic_llm
circular itchy marks on my skin since summer camp,ringworm,,various,mild,synthetic_llm
Why does my scalp flake so much only when I skip washing my hair for a couple days?,seborrheic_dermatitis,,scalp,mild,synthetic_llm
"The itching is the worst part. It starts around 2am and I scratch until I bleed, mostly the inside of my knees and my ankles. Moisturizing twice a day helps a bit but the patches are still dark and rough.",eczema,,knees and ankles,severe,synthetic_llm
"it looks like diaper rash but my toddler has patches on her elbows and scalp too, and the diaper cream makes no difference",psoriasis,,diaper area and elbows,mild,synthetic_llm
"My shoulders have little red bumps and a few blackheads, a friend said maybe clogged pores.",acne,,shoulders,mild,synthetic_llm
Facial skin that stings and turns red after applying any kind of cream,rosacea,"stinging, redness, product reaction",face,moderate,synthetic_seed
skin itches then big bumps within minutes,hives,,various,moderate,synthetic_llm
can psoriasis cause bleeding when i scratch the scales off my back,psoriasis,,back,moderate,synthetic_llm
Itchy bumps joined together into huge raised patches across my back within about twenty minutes.,hives,,back,severe,synthetic_llm
Loss of color on the skin around my nostrils and corners of mouth,vitiligo,"depigmentation, nostrils, mouth corners",nose and mouth,moderate,synthetic_seed
Red angry looking pimples on my back that hurt when I lean against chair,acne,"red pimples, painful, back",back,moderate,synthetic_seed
"Sore pimples on my face a month after giving birth, mostly on my chin.",acne,,chin,moderate,synthetic_llm
rash on stomach that itches at night,scabies,,abdomen,mild,synthetic_llm
"well defined red plaques with white scale on both elbows, not really itchy",psoriasis,,elbows,moderate,synthetic_llm
My 5 year old has a patch of white hair with pale skin at the front of his head. Pediatrician didnt say much but it is spreading a bit.,vitiligo,,scalp and hairline,mild,synthetic_llm
My eyelashes have turned white in one small area along with skin around it,vitiligo,"white eyelashes, surrounding depigmentation",eyelashes and periorbital,moderate,synthetic_seed
"There's a rash across my midsection and upper thighs, no pain at all, but itching is intense from evening to morning.",scabies,,midsection and thighs,severe,synthetic_llm
white patch on right knee left knee too,vitiligo,,knees,mild,synthetic_llm
dry rough patch on cheek wont heal,eczema,,cheek,mild,synthetic_llm
Why does my face sting every time I walk into a warm room?,rosacea,,face,mild,synthetic_llm
My eyelids puffed up and turned red the day after I tried a new eyeshadow palette.,contact_dermatitis,,eyelids,moderate,synthetic_llm
rash only where the strap rubs,contact_dermatitis,,shoulder,mild,synthetic_llm
Round coin shaped itchy patches on my lower legs,eczema,"coin shaped, itchy, lower legs",lower legs,moderate,synthetic_seed
does ringworm always look like a ring? mine is just a flat scaly patch on my leg,ringworm,,leg,mild,synthetic_llm
scalp itch plus burning after sweating,seborrheic_dermatitis,,scalp,moderate,synthetic_llm
why does my neck get a red itchy rash every time i wear this one necklace?,contact_dermatitis,,neck,mild,synthetic_llm
Cracked bleeding fingertips from working with solvents without protection,contact_dermatitis,"cracked, bleeding, solvent trigger",fingertips,severe,synthetic_seed
puffy eyelid and itchy bumps,hives,,eyelids and face,moderate,synthetic_llm
i keep scratching my wrist skin its so dry and itchy and red now,eczema,,wrists,moderate,synthetic_llm
I have been itching for weeks and now my family members started itching too,scabies,"weeks of itch, family spread",various,moderate,synthetic_seed
"I started a new job in a cold warehouse and now my hands and forearms puff up with itchy welts whenever I handle chilled goods. It is not painful, just itchy and swollen. It goes away once I warm up.",hives,,hands and forearms,moderate,synthetic_llm
itchy toes peeling pls help,ringworm,,feet,mild,synthetic_llm
I can see a tiny dark dot at the end of a thin line on my wrist and it itches like mad.,scabies,,wrist,moderate,synthetic_llm
rash with little tunnels in the skin,scabies,,various,moderate,synthetic_llm
"I noticed itchy pimple-looking spots on my private area and also between my fingers, and it gets worse at night.",scabies,,groin and fingers,moderate,synthetic_llm
Small red dots and scratch marks all over my arms and belly from constant itching,scabies,"red dots, scratch marks, constant itch",arms and belly,moderate,synthetic_seed
Symmetric red scaly patches on both knees and elbows,psoriasis,"symmetric, scaly, red",knees and elbows,moderate,synthetic_seed
"Could stress at college be giving me thick flaky scalp patches? I'm 20, no one in my family had this and it's my first flare.",psoriasis,,scalp,mild,synthetic_llm
Itchy ring shaped rash near my groin that gets worse in hot weather,ringworm,"ring rash, groin, hot weather worse",groin,moderate,synthetic_seed
redness on forehead and cheeks warm to touch,rosacea,,forehead and cheeks,moderate,synthetic_llm
Small flesh colored bumps on my forehead that won't go away,acne,"flesh colored bumps, persistent",forehead,mild,synthetic_seed
"Using tea tree oil and apple cider vinegar for ten days did nothing. The bumps are on my wrists, between my fingers, and on my buttocks. I am a student and it is making me miss sleep and class.",scabies,,"wrists, fingers and buttocks",moderate,synthetic_llm
my skin is light brown and the circular rash looks dark brown with a scaly rim,ringworm,,arm,mild,synthetic_llm
Itchy patches that weep clear fluid when I scratch them,eczema,"itchy, weeping, clear fluid",various,moderate,synthetic_seed
My 11 year old has a red itchy patch on her wrist and neck. She got a slime kit and some new play jewelry for her birthday last week. It looks worse each time she wears them but it fades when she skips a day.,contact_dermatitis,,wrist and neck,mild,synthetic_llm
"Cheeks flush easily and my skin feels hypersensitive, like even water stings sometimes. Visible red lines near my nostrils. I am only 33 and my skin was never this fragile before.",rosacea,,cheeks and nose,moderate,synthetic_llm
belly button rash from jeans button,contact_dermatitis,,abdomen,mild,synthetic_llm
"Nothing visible really except a few scratch marks, but my hands itch intensely every night after I get into bed.",scabies,,hands,moderate,synthetic_llm
is it normal for skin patches to get worse every time I'm stressed at work?,psoriasis,,various,moderate,synthetic_llm
"red patches around waist where my belt sits, spreading outward",ringworm,,waist,mild,synthetic_llm
Small milky white dots on my shoulders that are multiplying slowly,vitiligo,"milky white dots, multiplying",shoulders,moderate,synthetic_seed
"It feels like something is crawling under the skin on my hands at night, and I see a few red bumps.",scabies,,hands,moderate,synthetic_llm
I get a red bumpy rash on my wrist anytime I wear costume jewelry.,contact_dermatitis,,wrist,mild,synthetic_llm
Dry scaly patches behind my ears that are very itchy,psoriasis,"dry, scaly, itchy",behind ears,mild,synthetic_seed
"Red flushing on my face and neck every time I drink red wine, and bumps a day later.",rosacea,,face and neck,moderate,synthetic_llm
"After staying in a shared dorm room, I got a very itchy rash between my fingers and on my wrists.",scabies,,fingers and wrists,moderate,synthetic_llm
peeling between brows every morning,seborrheic_dermatitis,,between eyebrows,mild,synthetic_llm
why do I get scaly red spots only where I got cut or scraped?,psoriasis,,various,mild,synthetic_llm
I get psoriasis flare ups with red itchy patches when I am stressed,psoriasis,"flare ups, stress, red itchy",various,moderate,synthetic_seed
My face broke out in a rash after trying a new facial cream,contact_dermatitis,"rash, facial cream trigger",face,moderate,synthetic_seed
Pink raised patches with clear edges across my chest that burn and itch after I eat spicy food.,hives,,chest,mild,synthetic_llm
why does my chest get flaky pink patches when I am sweating a lot?,seborrheic_dermatitis,,chest,mild,synthetic_llm
"red patches in my armpits that are smooth and shiny, not scaly, and don't respond to deodorant changes",psoriasis,,armpits,mild,synthetic_llm
The skin on my lower back is red and itchy where the heating pad sat.,contact_dermatitis,,lower back,mild,synthetic_llm
my skin go raised when i scratch like a map,hives,,arms and back,mild,synthetic_llm
burning lips after lip balm,contact_dermatitis,,lips,mild,synthetic_llm
"red scaly rash on my buttock cleft, not diaper rash, sharp edges",psoriasis,,buttock crease,moderate,synthetic_llm
Recurring breakouts on my temples and hairline area,acne,"breakouts, recurring",temples and hairline,moderate,synthetic_seed
I got a ring shaped itchy spot after playing with a stray cat,ringworm,"ring shaped, itchy, animal contact",various,moderate,synthetic_seed
scalp burning after hair dye,contact_dermatitis,,scalp,severe,synthetic_llm
"Started three days after I dyed my hair at home. My scalp, ears and the back of my neck are red, itchy and oozing a bit. I tried hydrocortisone cream from the pharmacy and it only helps a little.",contact_dermatitis,,"scalp, ears and neck",severe,synthetic_llm
rash on legs,contact_dermatitis,,legs,mild,synthetic_llm
"Every time I start to clear up, a new batch of pimples shows up on my cheeks.",acne,,cheeks,moderate,synthetic_llm
"flaking in mustache area, red underneath",seborrheic_dermatitis,,mustache area,mild,synthetic_llm
"Big red bump on my nose that is sore and has a yellow center, will it go away.",acne,,nose,moderate,synthetic_llm
"It has been about six weeks of itching that gets worse every night. I thought it was dry skin so I used heavy moisturizer, then an allergy pill, and neither one made any difference. Now there are scratch scabs all over my belly and thighs.",scabies,,belly and thighs,severe,synthetic_llm
Red nose and cheeks with stinging sensation whenever wind hits my face,rosacea,"red, stinging, wind trigger",nose and cheeks,moderate,synthetic_seed
the colour left my skin around my right eye and it looks like a pale ring now,vitiligo,,around eye,mild,synthetic_llm
"My foot skin has been peeling for ages, I assumed it was dry skin, but now the toes are red and itch badly after I take shoes off in the evening. I'm a nurse and wear closed shoes 12 hours.",ringworm,,feet,moderate,synthetic_llm
Severe itching at night with rash spreading to new body parts each week,scabies,"severe night itch, spreading rash",various,severe,synthetic_seed
"sudden rash of tiny red scaly bumps on my torso, I'm 19 and just recovered from strep",psoriasis,,torso,mild,synthetic_llm
"Something on my chest looks like pimples, red and a bit sore, for about a month now.",acne,,chest,mild,synthetic_llm
"This has been on and off for about two months. Big itchy welts show up at random on my arms, legs or stomach and disappear within a day. I have tried switching laundry detergent and nothing changed.",hives,,various,moderate,synthetic_llm
Chronic redness on my chin and jawline with occasional pustules,rosacea,"chronic redness, occasional pustules",chin and jawline,moderate,synthetic_seed
lost color on one side of my face,vitiligo,,face,moderate,synthetic_llm
I get inverse psoriasis in my groin folds with smooth red patches,psoriasis,"smooth red patches, skin folds",groin folds,moderate,synthetic_seed
"New job in a care facility. After three weeks my hands started itching at night, then my forearms. Tiny red bumps and a few thin lines near my thumb. It does not hurt and there is no blistering, just the itch.",scabies,,hands and forearms,moderate,synthetic_llm
"patchy itchy rash on my belly, not painful, comes and goes",eczema,,abdomen,mild,synthetic_llm
my fingers are going white at the knuckles and it doesnt hurt at all,vitiligo,,fingers,moderate,synthetic_llm
"my groin has a bright red clear edged patch that isnt scaly, doesnt itch much, antifungal powder didnt work",psoriasis,,groin,moderate,synthetic_llm
"Nothing helps the red flushing on my face, even green tinted concealer barely covers it.",rosacea,,face,moderate,synthetic_llm
rash under earrings,contact_dermatitis,,earlobes,mild,synthetic_llm
"my eczema is out of control this week, whole back is itchy",eczema,,back,severe,synthetic_llm
dandruf is so bad cant even wear black,seborrheic_dermatitis,,scalp,moderate,synthetic_llm
"My roommate says my back looks like it was whipped. I only scratched it a bit after showering, and long raised red lines came up. It does not hurt, just itches and it is embarrassing at the pool.",hives,,back,mild,synthetic_llm
"my husband and i both have athlete foot, got it from the gym pool deck",ringworm,,feet,mild,synthetic_llm
is it common to get sore scaly plaques in the folds of your hips and groin that look raw and shiny?,psoriasis,,groin and hips,moderate,synthetic_llm
I have been getting random itchy bumps on my arms and legs for about a month now and they never last long.,hives,,arms and legs,moderate,synthetic_llm
skin behind knees cracked and itchy again,eczema,,behind knees,moderate,synthetic_llm
red bumps on face,acne,,face,mild,synthetic_llm
What helps a dry scaly itchy rash on a 1 year old who has a wheeze too?,eczema,,various,moderate,synthetic_llm
"For years I thought I just blushed easily. Now there are visible little veins on both cheeks, and the pink never fully fades. Hydrocortisone cream calmed it for a bit but it came back worse.",rosacea,,cheeks,moderate,synthetic_llm
pale rash on my hand,vitiligo,,hand,mild,synthetic_llm
scaly skin behind ears no itch,seborrheic_dermatitis,,behind ears,mild,synthetic_llm
"face rash around hairline that is scaly, flaky and has a clean edge",psoriasis,,hairline,mild,synthetic_llm
Gradual loss of skin color on my elbows creating pale smooth patches,vitiligo,"gradual color loss, smooth patches",elbows,moderate,synthetic_seed
red itchy thing in my crotch pls what is it,ringworm,,groin,moderate,synthetic_llm
dry scaly patches lower back worse in winter,psoriasis,,lower back,mild,synthetic_llm
My inner elbows and behind my knees are always red dry and itchy,eczema,"red, dry, itchy, flexural areas",inner elbows and behind knees,moderate,synthetic_seed
Why will the redness on my cheeks and nose not go away even with moisturizer?,rosacea,,cheeks and nose,moderate,synthetic_llm
"Starting a few weeks ago the middle of my face got scaly and kind of oily. I'm 24 and have always had normal skin, so I'm confused. I changed to a fragrance free cleanser but it hasn't helped.",seborrheic_dermatitis,,central face,mild,synthetic_llm
"itchy patch on my arm that burns when I touch anything, since I used the new bug spray",contact_dermatitis,,arm,moderate,synthetic_llm
My neck has a red itchy band where my work lanyard rests.,contact_dermatitis,,neck,mild,synthetic_llm
Skin on my fingertips has lost all color and turned completely white,vitiligo,"loss of color, completely white",fingertips,moderate,synthetic_seed
Bumpy red irritated skin on my chin with flaking and tightness,rosacea,"bumpy, red, flaking, tightness",chin,moderate,synthetic_seed
My underarms developed a burning rash after switching deodorant brands,contact_dermatitis,"burning rash, deodorant trigger",underarms,moderate,synthetic_seed
pimples under skin that never come to a head,acne,,various,moderate,synthetic_llm
"skin on my private area has gone pale in a patch, no pain no itch",vitiligo,,groin,mild,synthetic_llm
Small bumps and blisters on the heel of my palm with itch worse under blankets,scabies,"bumps, blisters, palm heel, warmth worsens",palm,moderate,synthetic_seed
hormonal pimples chin and neck,acne,,chin and neck,moderate,synthetic_llm
ring shaped red rash on my shin that is slightly raised,ringworm,,shin,mild,synthetic_llm
Both cheeks have a fine network of red lines and the skin looks permanently pink.,rosacea,,cheeks,mild,synthetic_llm
My inner thighs got a sharp-edged red rash after I wore the new leggings once.,contact_dermatitis,,inner thighs,moderate,synthetic_llm
red patches in my armpit that itch,ringworm,,armpit,mild,synthetic_llm
Patchy loss of skin color on the tops of my feet spreading to ankles,vitiligo,"patchy color loss, spreading",feet and ankles,moderate,synthetic_seed
I have itchy dry skin in the crease of my elbows,eczema,"itchy, dry skin",elbow creases,moderate,synthetic_seed
Daily facial redness and a burning feeling that spikes after coffee or chocolate.,rosacea,,face,moderate,synthetic_llm
"cracked red skin under my wedding ring, itchy",eczema,,ring finger,mild,synthetic_llm
"Two weeks of itchy red scaly rash in my groin, spreading to the inner thigh. I'm a delivery driver and sit all day in sweaty pants. Antifungal spray from the pharmacy helped a little but it came back when I stopped.",ringworm,,groin and thigh,moderate,synthetic_llm
white spots on dark skin face,vitiligo,,face,moderate,synthetic_llm
I notice tiny red veins appearing on my cheeks and sides of nose,rosacea,"tiny red veins, telangiectasia",cheeks and nose,mild,synthetic_seed
Itchy red patches on my legs after shaving with a new shaving cream,contact_dermatitis,"itchy, red, shaving cream trigger",legs,mild,synthetic_seed
Could stress cause these big itchy blotches on my chest and neck before exams?,hives,,chest and neck,mild,synthetic_llm
"Two months ago I started a new job with very long hours, and since then my skin has not been the same. Chin is full of bumps and there are red marks over my cheeks.",acne,,chin and cheeks,moderate,synthetic_llm
weird dry itchy spots all over my body,eczema,,various,mild,synthetic_llm
My teenage niece has lots of red bumps and whiteheads around her chin and cheeks.,acne,,chin and cheeks,moderate,synthetic_llm
Round red lesion on my forearm with healing center and active edges,ringworm,"round lesion, healing center, active edges",forearm,moderate,synthetic_seed
itchy rash that flares when im stressed about exams,eczema,,arms,moderate,synthetic_llm
Itchy red rash on my hips where the waistband elastic sits.,contact_dermatitis,,hips,mild,synthetic_llm
Blistering on my forearms from contact with a wild plant during hiking,eczema,"blistering, plant contact",forearms,moderate,synthetic_seed
"scalp flaking in one round spot only, rest of my head is fine",ringworm,,scalp,mild,synthetic_llm
"Winter is the worst for my face. It is red, stings, and little bumps appear across my cheeks after being outside in the cold. I tried aloe and coconut oil but neither helped.",rosacea,,cheeks,moderate,synthetic_llm
tiny itchy bumps when I sweat,hives,,chest and neck,mild,synthetic_llm
"I'm a nurse and wear a mask 12 hours. The skin along my jawline and cheeks has red bumps and pustules. Moisturizer seems to make it worse, plain water is better.",acne,,jawline and cheeks,moderate,synthetic_llm
Ever since I was a kid I get itchy rashes in the creases of my arms. Lately it has spread to my neck and it's red and weepy at night. Hydrocortisone cream calms it down for a few days and then it comes back.,eczema,,arm creases and neck,moderate,synthetic_llm
"super itchy skin, white flakes, redness, creases of arms",eczema,,arm creases,moderate,synthetic_llm
"After a week at the beach I noticed an itchy red half circle in my groin crease. I've been showering and drying well, but it still stings when I sweat. Tried a baby powder and it did nothing.",ringworm,,groin,moderate,synthetic_llm
"dark brown itchy patches on my inner elbows, no bumps, just rough",eczema,,inner elbows,moderate,synthetic_llm
My hands develop tiny itchy blisters that pop and ooze clear fluid,eczema,"tiny blisters, itchy, oozing",hands,moderate,synthetic_seed
red itchy patches,contact_dermatitis,,various,mild,synthetic_llm
sudden dry itchy rash on both legs,eczema,,legs,moderate,synthetic_llm
why does my scalp get so flaky and greasy at the same time?,seborrheic_dermatitis,,scalp,mild,synthetic_llm
My brown skin has darker raised welts on my shoulders that itch like crazy but are gone the next day.,hives,,shoulders,moderate,synthetic_llm
pimple scars dark marks on cheeks,acne,,cheeks,mild,synthetic_llm
itchy patches on neck and chest after wearing wool sweater,eczema,,neck and chest,mild,synthetic_llm
red welts on elbow,hives,,elbow,mild,synthetic_llm
"My skin is oily and I wear heavy sunscreen, and I'm getting small clogged bumps over my nose and cheeks. They don't hurt or itch, just rough and make my skin look uneven.",acne,,nose and cheeks,mild,synthetic_llm
Red scaly patches in my eyebrows and around my nose,seborrheic_dermatitis,"red, scaly, greasy patches",eyebrows and nose,moderate,synthetic_seed
white patches on both hands since last winter,vitiligo,,hands,mild,synthetic_llm
My entire body got covered in welts after taking a new supplement,hives,"entire body welts, supplement trigger",whole body,severe,synthetic_seed
My mom has rosacea and now I am starting to get the same redness on my cheeks.,rosacea,,cheeks,mild,synthetic_llm
patch of white skin on my chest,vitiligo,,chest,mild,synthetic_llm
Hives that appear on my feet and ankles after standing for long periods,hives,"hives, standing trigger",feet and ankles,mild,synthetic_seed
"Red bumps on my face and some on my upper chest, they sting a little when touched.",acne,,face and chest,moderate,synthetic_llm
I noticed a red circle on my calf that grew bigger over a week,ringworm,"red circle, growing, one week",calf,moderate,synthetic_seed
Dry itchy patches on my shins that leave ashy white marks,eczema,"dry, itchy, ashy marks",shins,mild,synthetic_seed
My toddler has red raised bumps on her tummy and arms that appeared after the new antibiotic.,hives,,tummy and arms,moderate,synthetic_llm
Red swollen eyelids after using new eye makeup,contact_dermatitis,"red, swollen, cosmetic trigger",eyelids,moderate,synthetic_seed
Weeping blisters on my fingers that crust over and itch terribly,eczema,"blisters, weeping, crusting, itchy",fingers,severe,synthetic_seed
Is it normal that my rash itches more after a hot shower and mostly in bed?,scabies,,various,moderate,synthetic_llm
"Since I started wearing a mask all day, the skin around my nose and chin has gotten red and flaky. It does not hurt, just peels in little greasy flakes. I swapped masks and washed more often but it keeps happening.",seborrheic_dermatitis,,nose and chin,mild,synthetic_llm
"white spot around mole, mole is still there",vitiligo,,torso,mild,synthetic_llm
flaky patches nose sides redness,seborrheic_dermatitis,,nose folds,mild,synthetic_llm
pale patch in the bend of my elbow,vitiligo,,elbow,mild,synthetic_llm
The tip of my nose and my cheeks go red in cold air and stay red indoors.,rosacea,,cheeks and nose,mild,synthetic_llm
Large painful lump under my skin on my cheek that won't come to head,acne,"painful lump, under skin, no head",cheek,severe,synthetic_seed
itchy rash on my stomach and arms,scabies,,abdomen and arms,mild,synthetic_llm
sore itchy rash hands washing all day nurse,contact_dermatitis,,hands,moderate,synthetic_llm
Itchy red spot on my hand with a clear middle and bumpy raised edges,ringworm,"itchy, clear middle, bumpy edges",hand,moderate,synthetic_seed
red spots where my phone rests on my cheek,contact_dermatitis,,cheek,mild,synthetic_llm
flushing after hot shower,rosacea,,face,mild,synthetic_llm
Red irritated rash in the folds of my baby's neck and arms,eczema,"red, irritated, skin folds, baby",neck and arm folds,moderate,synthetic_seed
Why do my nipples and armpits itch so much at night with little red bumps?,scabies,,nipples and armpits,moderate,synthetic_llm
"Not painful at all, just a very itchy swollen patch on my forearm that vanished by evening.",hives,,forearm,mild,synthetic_llm
bumpy forehead and temples,acne,,forehead and temples,mild,synthetic_llm
My scalp is extremely itchy with yellow waxy buildup along the hairline,seborrheic_dermatitis,"itchy, yellow waxy buildup, hairline",scalp and hairline,moderate,synthetic_seed
"around my eyes the skin is scaly and red but not swollen, with thicker plaques on my elbows too",psoriasis,,eyelids and elbows,mild,synthetic_llm
itchy ring shaped patch on my arm,ringworm,,arm,mild,synthetic_llm
My GP mentioned rosacea but I am not sure because the bumps look just like pimples.,rosacea,,cheeks,moderate,synthetic_llm
why does my groin itch only on one side and the edge is sharp?,ringworm,,groin,moderate,synthetic_llm
my skin has white patches and the hair growing there is white too,vitiligo,,various,moderate,synthetic_llm
Red rash on my stomach where my belt buckle rubs against my skin,contact_dermatitis,"red rash, belt buckle trigger",stomach,mild,synthetic_seed
"My 4 month old has red scaly diaper area that has a sharp border and doesn't improve with diaper cream, and the redness extends into the folds.",psoriasis,,diaper area,moderate,synthetic_llm
white marks near my eyes spreading to forehead,vitiligo,,eyes and forehead,moderate,synthetic_llm
"discolouration on face, a lighter patch not red",vitiligo,,face,mild,synthetic_llm
White patches appeared on my genitals and inner thighs,vitiligo,"white patches, depigmented",genitals and thighs,moderate,synthetic_seed
scratched my hands raw last night tiny bumps everywhere between fingers,scabies,,hands,severe,synthetic_llm
sudden patchy hair loss on my kid with a little flaking and a lot of itching,ringworm,,scalp,moderate,synthetic_llm
My beard area has patches where the hair grows white and the skin is pale,vitiligo,"white beard patches, pale skin",beard area,moderate,synthetic_seed
red itchy rash around the stoma site from the adhesive bag,contact_dermatitis,,abdomen,moderate,synthetic_llm
Everything about my scalp looks fine except the constant white flakes and some redness near the crown.,seborrheic_dermatitis,,scalp,mild,synthetic_llm
My skin tone is deep brown and the patches near my nose look dark and scaly instead of red.,seborrheic_dermatitis,,nose folds,mild,synthetic_llm
"There is a sore, cracked, red spot behind my left ear covered in yellow flaky crust.",seborrheic_dermatitis,,behind ear,moderate,synthetic_llm
"swollen red lips and chin after eating mango, itchy but no trouble breathing",contact_dermatitis,,lips and chin,mild,synthetic_llm
oily skin with lots of spots,acne,,face,moderate,synthetic_llm
Red scaly circle on my upper arm that my doctor said looks like tinea,ringworm,"red, scaly circle, tinea",upper arm,moderate,synthetic_seed
Hard painful bump under my skin near my ear that has been there for weeks,acne,"hard bump, under skin, persistent",near ear,severe,synthetic_seed
"white spots on my hands after covid, did it cause it?",vitiligo,,hands,moderate,synthetic_llm
"round red rash on baby's tummy, parents have a cat",ringworm,,abdomen,mild,synthetic_llm
flakes in my eyebrows every morning wtf,seborrheic_dermatitis,,eyebrows,mild,synthetic_llm
"Red patches on my arms that look more purplish brown on my skin, and they itch whenever I wear that one wool sweater.",contact_dermatitis,,arms,mild,synthetic_llm
face got bumpy n red after i used new cream,acne,,face,mild,synthetic_llm
"The itching in my fingers starts about an hour after I go to sleep, then there's more on my wrists. I haven't used any new products.",scabies,,fingers and wrists,moderate,synthetic_llm
Facial redness that comes and goes in flare ups lasting a few weeks at a time.,rosacea,,face,moderate,synthetic_llm
"cant stop scratching hands, burning after",eczema,,hands,moderate,synthetic_llm
bumpy red border patch on arm after farm work,ringworm,,arm,mild,synthetic_llm
"cannot sleep due to itchy rash on legs, scratched till bleeding",eczema,,legs,severe,synthetic_llm
"I have this rash on my chest, pinkish with greasy scale, no itch really.",seborrheic_dermatitis,,chest,mild,synthetic_llm
My skin has patches where the melanin seems completely gone,vitiligo,"melanin loss, patches",various,moderate,synthetic_seed
blisters on hands after cleaning,contact_dermatitis,,hands,moderate,synthetic_llm
"There's a red bump on my back that is hard and painful and it has been there for ten days. Another smaller one showed up beside it. No itch, no fever.",acne,,back,moderate,synthetic_llm
"started with a small white mark on my lower lip when I was 20 and since then it grew onto my chin, I use lip makeup now",vitiligo,,lip and chin,moderate,synthetic_llm
"Scalp feels tight and itchy and when I scratch, big oily flakes come off onto my fingers.",seborrheic_dermatitis,,scalp,moderate,synthetic_llm
white patches wont go away nothing helps,vitiligo,,various,moderate,synthetic_llm
itchy scalp with silvery build up near the crown,psoriasis,,scalp,mild,synthetic_llm
"I got a used couch from marketplace and about two weeks after that I started itching in the evenings. Rash is on my buttocks, back of my thighs, and wrists. I've tried antifungal cream and it did nothing.",scabies,,"buttocks, thighs and wrists",moderate,synthetic_llm
"skin is so thick on my knees, can barely bend without it splitting open and stinging",psoriasis,,knees,severe,synthetic_llm
After a stressful week of finals I broke out in itchy raised patches over my neck and chest. They come in the evening and fade by morning. I tried an anti itch cream and an oatmeal bath with no real change.,hives,,neck and chest,moderate,synthetic_llm
Inside my ears gets itchy and flaky in cold weather and I cannot stop poking it with my pinky.,seborrheic_dermatitis,,ears,mild,synthetic_llm
"Two weeks of antibiotics for a different problem and I still have these bumps on my forehead. Skin is shiny. They don't itch at all, just look like constant little pimples.",acne,,forehead,mild,synthetic_llm
"red scale rash since my baby was born, all over my elbows and some on my scalp, I'm so tired and itchy",psoriasis,,elbows and scalp,moderate,synthetic_llm
"scaling around the edge of a patch on my calf, middle has normal skin, been there for 3 weeks",ringworm,,calf,mild,synthetic_llm
strange pale blotches over my body,vitiligo,,various,moderate,synthetic_llm
"Allergic contact dermatitis from hair dye again, scalp is red, swollen and oozing, third time this year.",contact_dermatitis,,scalp,severe,synthetic_llm
"my arms and hands are covered in white patches and it has been a long battle with confidence, I wear long sleeves even in summer",vitiligo,,arms and hands,severe,synthetic_llm
My lips have lost pigment and turned lighter in some areas,vitiligo,"lip depigmentation, lighter areas",lips,mild,synthetic_seed
Rash on my chest from the metal pendant on my necklace,contact_dermatitis,"rash, metal pendant trigger",chest,mild,synthetic_seed
Itchy circular rash on my child's scalp with hair loss in that area,ringworm,"circular rash, hair loss, itchy",scalp,moderate,synthetic_seed
pimples on my chin wont go away i tried everything,acne,,chin,moderate,synthetic_llm
"grandma at nursing home, itchy crusty rash on hands",scabies,,hands,severe,synthetic_llm
"Not sure what this is, my toddler has a red scratchy rash on her torso that comes and goes with every cold",eczema,,torso,moderate,synthetic_llm
rash on my waist like a stripe following my pant line,contact_dermatitis,,waist,mild,synthetic_llm
jock itch wont go away,ringworm,,groin,moderate,synthetic_llm
"Skin on my nose is red, bumpy and shiny, and the pores look huge.",rosacea,,nose,moderate,synthetic_llm
red face after workout lasts hours,rosacea,,face,mild,synthetic_llm
my scalp and neck are dry and itchy with weepy spots,eczema,,scalp and neck,moderate,synthetic_llm
idk why but only my elbows and knees get this crusty white thing,psoriasis,,elbows and knees,mild,synthetic_llm
flaky red patches on my lower legs,psoriasis,,lower legs,mild,synthetic_llm
white spots on my back that appeared after a sunburn peeled,vitiligo,,back,mild,synthetic_llm
Symmetrical white patches on both my knees,vitiligo,"symmetrical, white patches",knees,moderate,synthetic_seed
Does anyone else's kid get these rough scaly patches in the elbow bend? My daughter is 4 and the pediatrician mentioned it runs in families with allergies.,eczema,,elbow bend,mild,synthetic_llm
got this circle thing on my arm from my dog i think its itchy,ringworm,,arm,mild,synthetic_llm
After my morning run in the cold my legs were covered in raised welts that itched badly.,hives,,legs,moderate,synthetic_llm
"Weird rash around my belly button and on my earlobes, both places I wear metal, and it clears when I stay off jewelry.",contact_dermatitis,,belly button and earlobes,mild,synthetic_llm
"For the last six months, my chest has had circular scaly patches that are a pale pinkish color and slightly oily. They don't hurt and barely itch. I've tried antifungal cream thinking it was ringworm but it had no effect.",seborrheic_dermatitis,,chest,mild,synthetic_llm
face patch scaly ring beside my nose,ringworm,,face,mild,synthetic_llm
hi i got alot of pimple on my face and back since 2 months what to do,acne,,face and back,moderate,synthetic_llm
"I'm a nurse working long shifts in a hot hospital ward, and my face constantly flushes red. Lately there are bumps on my cheeks and a stinging feeling when I wash my face.",rosacea,,cheeks,moderate,synthetic_llm
"My teenage daughter has acne but also flaky red patches around the nostrils and the edges of her hairline. She keeps picking at them. The acne wash has dried everything out, and the flakes look greasy, not dry.",seborrheic_dermatitis,,nose and hairline,moderate,synthetic_llm
Face gets blotchy and red after exercise and takes like two hours to go back to normal.,rosacea,,face,mild,synthetic_llm
"My doctor said it was eczema but creams don't help the itching on my wrists and between my fingers, what else could it be?",scabies,,wrists and fingers,moderate,synthetic_llm
sore itchy toes with white soggy skin,ringworm,,feet,moderate,synthetic_llm
Cluster of whiteheads and red bumps near my sideburns area,acne,"whiteheads, red bumps, cluster",sideburns,moderate,synthetic_seed
"My scalp itches the most right after I take a hot shower, then tons of flakes come off when I dry my hair.",seborrheic_dermatitis,,scalp,mild,synthetic_llm
Itchy burning sensation on red patches on my shins,psoriasis,"itchy, burning, red patches",shins,moderate,synthetic_seed
I got an itchy rash on my ankle from the elastic band of my socks,contact_dermatitis,"itchy rash, elastic band trigger",ankle,mild,synthetic_seed
Got diagnosed with scabies last week but the itching is still awful on my hands and belly even after treatment.,scabies,,hands and belly,moderate,synthetic_llm
red scaly rash that itches worse at night,eczema,,various,moderate,synthetic_llm
My baby's scalp has thick yellowish crusty patches that are spreading,seborrheic_dermatitis,"thick yellow crusts, spreading, baby",scalp,moderate,synthetic_seed
I got a rash on my arm after touching poison ivy in the garden,contact_dermatitis,"rash, plant trigger, poison ivy",arm,moderate,synthetic_seed
My skin has been so itchy lately with random raised bumps I try to ignore. They last an hour or two. I am a student on a budget so I am just using ice packs and hoping it stops.,hives,,various,mild,synthetic_llm
"The patch started on my thigh the size of a penny and now it is as big as a palm. It's pink at the edge, kind of scaly, and itches especially after I shower.",ringworm,,thigh,moderate,synthetic_llm
"I was prescribed a new antibiotic five days ago, and last night I broke out in raised itchy welts on my chest and back. I took a Benadryl and they eased by morning but some came back at lunch. I am a bit scared to take the next pill.",hives,,chest and back,moderate,synthetic_llm
"My toddler has flaking on his scalp and behind the ears that has stuck around since he was a baby. We have been using an oil and soft brush before bath time. It is yellowish and greasy, but he is not scratching it.",seborrheic_dermatitis,,scalp and behind ears,mild,synthetic_llm
"My toenail is thick and yellow and crumbly and the skin around my foot is peeling. It has been like this for months and I'm 68, so I thought it was just age.",ringworm,,toenail and foot,mild,synthetic_llm
My daughter's cheeks are red and chapped around the mouth every time she uses the strawberry flavored kids toothpaste.,contact_dermatitis,,cheeks and mouth,mild,synthetic_llm
Could I have caught scabies from my gym towel? I have a night time itch and bumps on my arms and waist.,scabies,,arms and waist,moderate,synthetic_llm
pigment loss on the back of my hands,vitiligo,,back of hands,moderate,synthetic_llm
Blistered red skin on my fingers after I handled mango peel.,contact_dermatitis,,fingers,moderate,synthetic_llm
My cheek has a red patch the shape of my mask edge.,contact_dermatitis,,cheek,mild,synthetic_llm
Thick leathery patches on my ankles from rubbing and scratching over years,eczema,"thick, leathery, chronic",ankles,severe,synthetic_seed
Inflamed red pimples on my jawline that leave purple marks,acne,"inflamed, purple marks, jawline",jawline,moderate,synthetic_seed
The scales along my hairline are thick and greasy and they leave pink skin when they fall off.,seborrheic_dermatitis,,hairline,moderate,synthetic_llm
"my wife has hands where half the skin is white, its slowly increasing, is there something to slow it",vitiligo,,hands,severe,synthetic_llm
"Nobody in the house can sleep because we are all scratching, and the bumps are mostly on our wrists and fingers.",scabies,,wrists and fingers,moderate,synthetic_llm
"skin on my feet dry, itchy and cracked on the soles, kids shoes maybe",eczema,,soles of feet,mild,synthetic_llm
face is red and sensitive to everything even water,rosacea,,face,moderate,synthetic_llm
My child got a circular red patch on the cheek after hugging a friend,ringworm,"circular patch, close contact, child",cheek,moderate,synthetic_seed
Expanding ring shaped lesion on my back that itches,ringworm,"expanding, ring shaped, itchy",back,moderate,synthetic_seed
scratchy skin on my foot that peels in sheets,ringworm,,foot,mild,synthetic_llm
My husband and I noticed the redness covers the middle of my face but not near my hairline. It burns when I am in the heat. I tried a honey mask and that just made me flush more.,rosacea,,central face,moderate,synthetic_llm
white lips and fingertips,vitiligo,,lips and fingertips,moderate,synthetic_llm
white patches on scalp and hair is greying early only in those spots,vitiligo,,scalp,mild,synthetic_llm
I noticed red patches forming along my hairline with silvery flakes,psoriasis,"red patches, silvery flakes",hairline,moderate,synthetic_seed
Red patches with oily looking flakes on my face,seborrheic_dermatitis,"red patches, oily flakes",face,moderate,synthetic_seed
why do my hands crack and itch every winter when i wash dishes without gloves?,contact_dermatitis,,hands,moderate,synthetic_llm
"been scratching the back of my knees until they ooze, can't sleep",eczema,,behind knees,severe,synthetic_llm
Red irritated skin with greasy scales in the creases of my ears,seborrheic_dermatitis,"red, irritated, greasy scales, ear creases",ears,moderate,synthetic_seed
"I treated this as acne for a year with strong washes and it only got redder. The bumps are on my cheeks and nose only, and my skin burns after washing.",rosacea,,cheeks and nose,moderate,synthetic_llm
itchy red skin on hands after using hand sanitizer a lot,eczema,,hands,mild,synthetic_llm
"What helps with flaky eyelids and brows? My skin is a medium brown and everything looks gray scaly with some darker patches. No pain, a little itch in the mornings.",seborrheic_dermatitis,,eyelids and eyebrows,mild,synthetic_llm
my face is red and itchy and a bit puffy,hives,,face,moderate,synthetic_llm
dry scaly rash around my mouth and chin that itches,eczema,,mouth and chin,mild,synthetic_llm
"My lips are chapped, swollen and burning since I tried a cinnamon flavored lip gloss.",contact_dermatitis,,lips,moderate,synthetic_llm
breakout on face week before exams,acne,,face,mild,synthetic_llm
"flare up after taking ibuprofen and drinking, thick red patches, my back is covered",psoriasis,,back,moderate,synthetic_llm
Light skin on my cheeks near the nose turns pink and scaly whenever the weather changes.,seborrheic_dermatitis,,cheeks and nose,mild,synthetic_llm
"lost pigment in big areas of my body, more than half of my skin is white now and I burn badly outside",vitiligo,,widespread,severe,synthetic_llm
Ring shaped lesion on my waist area that gets itchier after exercise,ringworm,"ring shaped, exercise trigger",waist,moderate,synthetic_seed
Burning sensation and redness on my scalp after using hair dye,contact_dermatitis,"burning, redness, hair dye trigger",scalp,moderate,synthetic_seed
Small raised bumps and tunnels visible under skin on my palms,scabies,"raised bumps, tunnels, under skin",palms,moderate,synthetic_seed
I suddenly got red raised welts all over my body that are very itchy,hives,"red welts, itchy, sudden onset",whole body,moderate,synthetic_seed
Why do I get red puffy bumps on my arms whenever I drink wine?,hives,,arms,mild,synthetic_llm
My whole family has developed the same itchy rash in the past two weeks,scabies,"family spread, itchy rash",various,moderate,synthetic_seed
"Doctor mentioned hives last time, and today they are back on my shoulders and hips",hives,,shoulders and hips,moderate,synthetic_llm
my eyebrows r peeling like crazy and the skin is red,seborrheic_dermatitis,,eyebrows,mild,synthetic_llm
"white scaly bumps on my belly and chest, no itch, just dry",psoriasis,,belly and chest,mild,synthetic_llm
small itchy blisters on sides of my fingers that dry out and peel,eczema,,fingers,moderate,synthetic_llm
My entire back is covered with large red scaly patches,psoriasis,"large patches, scaly, widespread",back,severe,synthetic_seed
"A rash that spares my face and neck but covers my hands, torso, and legs, and itches like crazy at night.",scabies,,"hands, torso and legs",severe,synthetic_llm
"My mother is 82 and lives in a care home. She has red greasy flaking skin on her eyebrows, nose creases and the center of her chest. The staff say it is dry skin, but lotion has not helped in weeks.",seborrheic_dermatitis,,face and chest,moderate,synthetic_llm
red rash on thighs after new laundry detergent,contact_dermatitis,,thighs,moderate,synthetic_llm
itchy rash since the hostel trip,scabies,,various,moderate,synthetic_llm
"red bumps wrists, itchy, only at night",scabies,,wrists,moderate,synthetic_llm
Dry rough patches on my hands that appeared after cleaning with ammonia,contact_dermatitis,"dry, rough, ammonia trigger",hands,moderate,synthetic_seed
Thick white scales that flake off constantly from my scalp,psoriasis,"white scales, flaking, constant",scalp,moderate,synthetic_seed
My daughter is 6 and has a bald scaly spot on her scalp with broken hairs. She has a kitten that was just adopted from a shelter. The doctor visit is next week and I am worried it will spread to her brother.,ringworm,,scalp,moderate,synthetic_llm
"rough scaly red patches that are painful when they crack, mostly on my legs and lower back, quite a lot of them now",psoriasis,,legs and lower back,severe,synthetic_llm
"Hairline itching and flaking, tried moisturizer",seborrheic_dermatitis,,hairline,mild,synthetic_llm
"Swelling around my mouth and itchy skin after lunch, no idea why",hives,,mouth,severe,synthetic_llm
depigmented patch on genital area,vitiligo,,groin,mild,synthetic_llm
white patches everywhere help,vitiligo,,widespread,severe,synthetic_llm
Bumpy red patches on my chin that flare up with temperature changes,rosacea,"bumpy, red, temperature trigger",chin,moderate,synthetic_seed
is it normal for my skin to get dark and itchy right where my bracelet touches it,contact_dermatitis,,wrist,mild,synthetic_llm
White patches on my scalp causing white hair to grow in those areas,vitiligo,"white patches, white hair growth",scalp,moderate,synthetic_seed
How long does an allergic skin rash from a new bracelet usually last?,contact_dermatitis,,wrist,mild,synthetic_llm
got big welts after drinking cold beer lol so itchy,hives,,chest,mild,synthetic_llm
itchy rash on the inside of my wrists,eczema,,wrists,mild,synthetic_llm
I'm 34 and thought I would be done with this years ago. Deep tender bumps along the jawline keep appearing every month. Drugstore creams don't touch them.,acne,,jawline,moderate,synthetic_llm
Why do I get raised itchy welts every time I take a hot shower?,hives,,chest and back,mild,synthetic_llm
Milky white patches behind my ears that are expanding,vitiligo,"milky white, expanding",behind ears,moderate,synthetic_seed
"rash all over my thighs in overlapping rings, very itchy and I cant sleep",ringworm,,thighs,severe,synthetic_llm
Tiny whiteheads along my hairline that I notice when I pull my hair back,acne,"whiteheads, hairline",hairline,mild,synthetic_seed
"Raised ring shaped welts on my chest, each lasting less than a day, very itchy",hives,,chest,moderate,synthetic_llm
Our daughter is eleven and has started getting blackheads and a few red spots on her nose.,acne,,nose,mild,synthetic_llm
face flushing again after wine ugh,rosacea,,face,mild,synthetic_llm
"scalp is peeling in big pieces like dry paint, itch is not that bad",seborrheic_dermatitis,,scalp,moderate,synthetic_llm
"round spots on my arms that look like ringed target, itchy",ringworm,,arms,mild,synthetic_llm
round red rash on my chest from the heart monitor stickers,contact_dermatitis,,chest,mild,synthetic_llm
"patchy flaking at my temples and hairline, I'm 35 and nothing for dandruff has worked",psoriasis,,temples and hairline,mild,synthetic_llm
"flat scaly patch with raised pink border on my calf, no pain no oozing",ringworm,,calf,mild,synthetic_llm
Open and closed comedones scattered all over my chin and nose,acne,"comedones, scattered",chin and nose,moderate,synthetic_seed
Is there a way to tell if a rash is from a nickel allergy? Mine is on my belly where my jeans button sits.,contact_dermatitis,,abdomen,mild,synthetic_llm
I get a really bad flare each winter where my scalp is covered in thick greasy scale and it itches so much I scratch until it bleeds. Over the counter coal tar shampoo gives only partial relief. I'm 34 and feel self conscious going outside without a hat.,seborrheic_dermatitis,,scalp,severe,synthetic_llm
"After a long hospital stay my father came home with a very itchy rash across his back and hands. He's 78 and scratches until he bleeds. We tried baby oil and an oatmeal lotion with no luck, and I worry the rest of the family will catch it.",scabies,,back and hands,severe,synthetic_llm
rash after using a new face wash,contact_dermatitis,,face,mild,synthetic_llm
Red irritated skin in my elbow folds with constant scratching urge,scabies,"red, irritated, scratching urge",elbow folds,moderate,synthetic_seed
"been dealing with this for 6 months, plaques on elbows and knees, thick and dry, and moisturizer only helps for an hour. I'm pregnant now so I'm scared to try anything strong. it flares when I don't sleep",psoriasis,,elbows and knees,moderate,synthetic_llm
"My back acne gets worse in summer when I sweat a lot. The bumps don't itch, they just hurt when I lean on a chair. I shower right after work but it doesn't help.",acne,,back,moderate,synthetic_llm
white patches on my toes,vitiligo,,toes,mild,synthetic_llm
"Dark patches are fine but the white ones on my hands bother me. No itch, no dryness, just white. I tried a moisturizer and an herbal paste from a friend for two months and nothing changed.",vitiligo,,hands,moderate,synthetic_llm
my feet are so itchy between the toes and the skin is white and soggy,ringworm,,feet,moderate,synthetic_llm
"scaly itchy skin that looks lighter after healing, on dark skin",eczema,,arms,mild,synthetic_llm
My earlobes are red and weepy every time I wear the cheap hoop earrings.,contact_dermatitis,,earlobes,moderate,synthetic_llm
itchy scaly patch on leg after sharing a towel with my brother,ringworm,,leg,mild,synthetic_llm
"itchy red skin on my eyelids and around eyes, worse after crying",eczema,,eyelids and around eyes,moderate,synthetic_llm
My dad is 78 and has red greasy flaking skin on his eyebrows and in the creases next to his nose.,seborrheic_dermatitis,,eyebrows and nose folds,moderate,synthetic_llm
Between my fingers and on my palms I get itchy puffy swellings after washing dishes in cold water.,hives,,hands,mild,synthetic_llm
Itchy wheals on my legs that pop up after walking in cold weather,hives,"wheals, cold weather trigger",legs,moderate,synthetic_seed
Dark red lumps along my jaw that take a month to go away and leave marks.,acne,,jaw,severe,synthetic_llm
white spots on dark skin hands,vitiligo,,hands,moderate,synthetic_llm
"white patch near armpit, painless",vitiligo,,armpit,mild,synthetic_llm
clogged pores forehead rough texture,acne,,forehead,mild,synthetic_llm
The welts on my thighs were gone by lunch but a new batch popped up on my back.,hives,,thighs and back,moderate,synthetic_llm
Dry gritty feeling in my eyes combined with facial redness across cheeks,rosacea,"dry gritty eyes, facial redness",eyes and cheeks,moderate,synthetic_seed
lost pigment on the soles and palms,vitiligo,,palms and soles,moderate,synthetic_llm
Why is my skin red and bumpy only in the middle of my face?,rosacea,,central face,moderate,synthetic_llm
"scaling dark patches on my elbows and knees, they look grayish on top and brown underneath",psoriasis,,elbows and knees,moderate,synthetic_llm
pimples along jawline every month,acne,,jawline,moderate,synthetic_llm
"Using a cotton swab I can scrape off oily yellowish flakes from behind my ears, and the skin underneath is pink.",seborrheic_dermatitis,,behind ears,moderate,synthetic_llm
I have rough textured skin on my upper arms like chicken skin,eczema,"rough texture, bumpy",upper arms,mild,synthetic_seed
Welts on my face and neck after taking a new medication,hives,"welts, medication trigger",face and neck,moderate,synthetic_seed
"red ring, scaly, itchy, spreading",ringworm,,various,mild,synthetic_llm
it looks like a target on my hip,ringworm,,hip,mild,synthetic_llm
"my son's head has a round patch where hair is gone and scales stuck on it, school nurse sent a note",ringworm,,scalp,moderate,synthetic_llm
face turns bright red when i drink wine,rosacea,,face,mild,synthetic_llm
Yellow greasy crusts forming in the folds around my nose every morning,seborrheic_dermatitis,"yellow crusts, nose folds, morning",nose folds,moderate,synthetic_seed
Hives all over my arms and chest that appear every evening and fade by morning,hives,"evening hives, fading by morning",arms and chest,moderate,synthetic_seed
it is just very noticeable white skin on a black person's hands and I have to explain every day to strangers it is not contagious,vitiligo,,hands,severe,synthetic_llm
"very itchy scalp, white and yellow flake, hair also oily",seborrheic_dermatitis,,scalp,moderate,synthetic_llm
"lots of tiny scales on bald spot, hair snapped off at skin like black dots",ringworm,,scalp,moderate,synthetic_llm
help is this normal my scalp feels hard and bumpy under hair,psoriasis,,scalp,mild,synthetic_llm
"red scaly spot on genitals, smooth not itchy",psoriasis,,genitals,moderate,synthetic_llm
"My scalp is so itchy at night, with greasy yellow scale that comes off in clumps when I scratch.",seborrheic_dermatitis,,scalp,severe,synthetic_llm
"red plaques on my torso that I have had since I was a teenager, they get better in summer and awful in January",psoriasis,,torso,moderate,synthetic_llm
"Dry silver scales on the outer part of my arms, the edges of the patches are very clear against my normal skin.",psoriasis,,outer arms,mild,synthetic_llm
Tiny red itchy bumps on my forearms after a hot day outside,hives,,forearms,mild,synthetic_llm
"scalp problem with dry scale that leaves little bleeding dots, no oily feeling",psoriasis,,scalp,moderate,synthetic_llm
The skin on my hand got red and puffy where the hand sanitizer splashed.,contact_dermatitis,,hand,mild,synthetic_llm
Pregnant and now I have itchy dry red patches on my stomach and arms that I never had before. Moisturizer barely helps and the itch is worse in the evening.,eczema,,abdomen and arms,moderate,synthetic_llm
"It looks like I got stung by a whole bunch of bees but there is no sting mark. The bumps are huge, itchy and joined together on my arms, and some are fading while new ones show up on my legs.",hives,,arms and legs,moderate,synthetic_llm
"scaly skin on the wrists, no itch at the moment but it flares",eczema,,wrists,mild,synthetic_llm
rash on my stomach in a square shape where i taped the glucose sensor,contact_dermatitis,,abdomen,mild,synthetic_llm
Blisters on my palms after handling certain plants in the garden,contact_dermatitis,"blisters, plant contact",palms,moderate,synthetic_seed
kids all scratching at night,scabies,,various,moderate,synthetic_llm
"peeling dry skin at the side of my foot, no itch, been there forever",ringworm,,foot side,mild,synthetic_llm
My beard area gets red and flaky with waxy looking scales especially in cold weather,seborrheic_dermatitis,"red, flaky, waxy scales, cold trigger",beard,moderate,synthetic_seed
I get painful cystic bumps on my chin every month,acne,"cystic bumps, painful",chin,severe,synthetic_seed
"i get really itchy skin in the folds of my elbows and knees everytime pollen season starts, my doctor said asthma and this go together",eczema,,elbow and knee folds,moderate,synthetic_llm
"I get red patches and white scale on my scalp in the part line and above my ears. My hair feels greasy by lunchtime, and I'm itching all day at my desk. Selsun helps for a few days then I flare again.",seborrheic_dermatitis,,scalp,moderate,synthetic_llm
Red scaly rash around my eyes since I started using a new night cream. It stings a bit when I put makeup on. I stopped the cream four days ago and it has barely improved so far.,contact_dermatitis,,around eyes,moderate,synthetic_llm
Red bumpy rash in my armpit folds that itches badly when I get warm,scabies,"red, bumpy, armpit folds, warmth trigger",armpits,moderate,synthetic_seed
red raised bumps on my arms after being outside in the cold,hives,,arms,mild,synthetic_llm
Red bumpy rash on my wrist exactly where my fitness tracker band sits,contact_dermatitis,"red bumpy rash, tracker band trigger",wrist,mild,synthetic_seed
"Face got puffy and flaky around the cheeks after I used a different sunscreen at the beach. I assumed it was sunburn but sunburn would not have waited two days. Aloe didn't help, hydrocortisone did a little.",contact_dermatitis,,cheeks,moderate,synthetic_llm
I got a blistery rash on my hands after handling a new brand of cement,contact_dermatitis,"blistery rash, cement trigger",hands,severe,synthetic_seed
my scalp is dry and itchy but the rash goes down behind my ears and onto my neck,eczema,,scalp and neck,mild,synthetic_llm
Whenever I get stressed at work my face flushes red and feels hot for an hour.,rosacea,,face,mild,synthetic_llm
Why am I getting zits again in my thirties when my skin was clear as a teen?,acne,,face,moderate,synthetic_llm
My face feels hot and prickly especially in the afternoon sun,rosacea,"hot, prickly, sun trigger",face,moderate,synthetic_seed
"My grandfather has red scaly skin on his hands that cracks and bleeds, he has farmed and used fertilizer his whole life. Moisturizer helps only briefly.",contact_dermatitis,,hands,severe,synthetic_llm
"thin wavy lines on wrist, itchy",scabies,,wrist,moderate,synthetic_llm
Flushing of my face triggered by spicy food and sun exposure,rosacea,"flushing, food trigger, sun trigger",face,moderate,synthetic_seed
Multiple ring shaped red spots appeared on my back after wrestling practice,ringworm,"multiple rings, wrestling contact",back,moderate,synthetic_seed
rash and itching after visiting my uncle in the hospital,scabies,,various,mild,synthetic_llm
Red expanding ring on my forearm with tiny blisters on the outer border,ringworm,"expanding ring, tiny blisters, border",forearm,moderate,synthetic_seed
My skin gets red and itchy after touching certain metals like nickel,contact_dermatitis,"red, itchy, triggered by metal",various,moderate,synthetic_seed
my palms hurt and are red after cleaning the garage with solvent all sunday,contact_dermatitis,,palms,moderate,synthetic_llm
"My 60 year old mom has had persistent facial redness for ages and tiny broken veins. Recently she started getting acne looking bumps on her chin and cheeks, maybe rosacea. She has tried a few creams without luck.",rosacea,,cheeks and chin,moderate,synthetic_llm
Visible red lines on my cheeks and a persistent pink glow that makeup cannot hide.,rosacea,,cheeks,mild,synthetic_llm
"my hands got super red and cracked after cleaning w bleach all weekend, they sting when i wash them",contact_dermatitis,,hands,moderate,synthetic_llm
"Large patchy welts on my hips since I ate mango yesterday, very itchy.",hives,,hips,moderate,synthetic_llm
white spots on my nipples and chest,vitiligo,,chest,mild,synthetic_llm
Clusters of small red bumps on my chin that are tender to touch,acne,"clusters, red bumps, tender",chin,moderate,synthetic_seed
When winter comes the skin on my forearms and the backs of my hands turn so dry that it looks like cracked dry mud. It itches and I use lotion constantly. This winter it started in October.,eczema,,forearms and hands,moderate,synthetic_llm
"Nothing hurts, but there are scaly reddish patches on my chest in a sort of petal shape.",seborrheic_dermatitis,,chest,mild,synthetic_llm
Raised bumps showed up on my legs after a long hot day and they are so itchy I want to scratch my skin off,hives,,legs,severe,synthetic_llm
"Flaky patches in my armpit and groin that look pink and a bit greasy, not painful.",seborrheic_dermatitis,,armpits and groin,moderate,synthetic_llm
"scabies on my fingers and wrists, can't sleep",scabies,,fingers and wrists,severe,synthetic_llm
rash on forearm in a line,contact_dermatitis,,forearm,mild,synthetic_llm
keep getting this itchy ring thing every time i work out at the gym,ringworm,,trunk,mild,synthetic_llm
Been taking a protein supplement and eating more dairy while bulking. Since then my chest and back are covered in red bumps with white tips. Looks gross at the beach.,acne,,chest and back,moderate,synthetic_llm
Everything below my collarbone is covered in raised itchy blotches this morning,hives,,chest and torso,severe,synthetic_llm
Small red pus filled bumps on my cheeks that look like acne but aren't,rosacea,"red bumps, pus filled, acne-like",cheeks,moderate,synthetic_seed
"weird patch of skin on my elbow that is thick and rough, has been there 4 years and hasnt hurt",psoriasis,,elbow,mild,synthetic_llm
I noticed white spots on my feet that do not tan in the sun,vitiligo,"white spots, no tanning",feet,mild,synthetic_seed
Elderly mother in her seventies has started getting blackheads and some bumps on her cheeks and chin. She uses a heavy night cream. Never had this when she was young.,acne,,cheeks and chin,mild,synthetic_llm
"dishwashing gloves made my fingers worse, red and flaky",eczema,,fingers,moderate,synthetic_llm
My lower lip has a white patch where pigment has completely disappeared,vitiligo,"white patch, lip, pigment loss",lower lip,moderate,synthetic_seed
cracking skin under my earlobes from earrings i think? its dry itchy,eczema,,earlobes,mild,synthetic_llm
"night itching, bumps on buttocks",scabies,,buttocks,moderate,synthetic_llm
"Elbows and forearms covered in raised welts after gardening, very itchy but no blisters, and some already faded",hives,,elbows and forearms,moderate,synthetic_llm
Red itchy patches on my chest in a V shape with yellowish scales,seborrheic_dermatitis,"V shaped, red, yellowish scales",chest,moderate,synthetic_seed
rash around mouth new toothpaste,contact_dermatitis,,around mouth,mild,synthetic_llm
red face after coffee every morning,rosacea,,face,mild,synthetic_llm
weepy yellowish crusts on my baby's cheek after scratching,eczema,,cheek,severe,synthetic_llm
My toddler's whole torso has a dry scaly rash and he scratches it raw. We tried changing detergent and bathing less. He is otherwise healthy and happy.,eczema,,torso,moderate,synthetic_llm
Greasy looking dandruff flakes stuck to my hair that are hard to remove,seborrheic_dermatitis,"greasy dandruff, stuck to hair",scalp,moderate,synthetic_seed
"I think my dry itchy hand rash got infected, it's oozing and has yellow crust now",eczema,,hands,severe,synthetic_llm
Dark skinned here and my cheeks have this ashy purple warm patch that burns when I flush.,rosacea,,cheeks,moderate,synthetic_llm
Few sore pimples keep coming up on the same spot on my left cheek.,acne,,left cheek,mild,synthetic_llm
"oozing rash on the legs of my elderly dad, itchy and crusty",eczema,,legs,severe,synthetic_llm
"On my brown skin the area where the watch sits became dark, thick and itchy.",contact_dermatitis,,wrist,mild,synthetic_llm
small itchy scaly spot on the back of my hand,ringworm,,hand,mild,synthetic_llm
Tiny red spots between my fingers and on my wrists with relentless itch,scabies,"red spots, between fingers, wrists, relentless",fingers and wrists,moderate,synthetic_seed
my skin has these raised red plaques with that shiny silver scale and they are spreading to my stomach,psoriasis,,stomach,moderate,synthetic_llm
"scales stuck in my hair like glue, shed everywhere, no oil",psoriasis,,scalp,moderate,synthetic_llm
Itchy bumps around my belt line and underwear area that are worst at night,scabies,"itchy bumps, clothing line, nighttime",belt and underwear line,moderate,synthetic_seed
"my 6 month old has a red rough rash on his cheeks and now there are patches on his legs, we started solids last week",eczema,,cheeks and legs,moderate,synthetic_llm
My fingernails have tiny dents and are turning yellowish,psoriasis,"nail pitting, yellowish nails",fingernails,moderate,synthetic_seed
white patch on my shin from old scratch,vitiligo,,shin,mild,synthetic_llm
"I'm 24 and my knees and elbows have chalk white patches that are slowly spreading, nothing itchy, and I'm tired of explaining it to people at the gym.",vitiligo,,knees and elbows,moderate,synthetic_llm
Symmetrical loss of skin color on both hands and wrists over the past year,vitiligo,"symmetrical, color loss, bilateral",hands and wrists,moderate,synthetic_seed
red scaly bumps all across my chest that are not really itchy,psoriasis,,chest,mild,synthetic_llm
"My neck skin is red, scaly and thickened and has been that way for months, I realize it is where my collar and scented fabric softener hit.",contact_dermatitis,,neck,mild,synthetic_llm
"palm of my right hand is dry scaly and itchy, left hand is fine, and my feet peel too",ringworm,,hand and feet,mild,synthetic_llm
"patchy loss of pigment on dark skin of my arms and legs, looks like irregular white map shapes",vitiligo,,arms and legs,severe,synthetic_llm
toddler itchy bumps on palms and soles,scabies,,palms and soles,moderate,synthetic_llm
cracks in my fingertips that bleed and a dry scaly patch on my palm that never fully heals,psoriasis,,fingers and palms,moderate,synthetic_llm
The eyebrow area looks like it has fine powder on it and the skin below is pink.,seborrheic_dermatitis,,eyebrows,mild,synthetic_llm
"skin on my hands whitening, tried coconut oil for weeks no change",vitiligo,,hands,mild,synthetic_llm
expanding patch on my thigh with red scaly edge and also a few small ones nearby,ringworm,,thigh,moderate,synthetic_llm
Small greasy scaly patches on my sternum that itch slightly after I sweat at the gym.,seborrheic_dermatitis,,chest,mild,synthetic_llm
Peeling skin between my toes with redness and burning sensation,ringworm,"peeling, redness, burning",between toes,moderate,synthetic_seed
"My dog has a bald crusty patch and now I have a small itchy ring on my wrist, so I wonder if we share the problem.",ringworm,,wrist,mild,synthetic_llm
"The skin around my beard is red, itchy and flaking when I let it grow past two weeks.",seborrheic_dermatitis,,beard area,moderate,synthetic_llm
itchy bumps after starting antibiotics,hives,,trunk,moderate,synthetic_llm
"I noticed new spots appearing right along the scratch marks from my cat, red and scaly",psoriasis,,arms,mild,synthetic_llm
Swollen itchy lips after using a new lipstick,contact_dermatitis,"swollen, itchy, lipstick trigger",lips,moderate,synthetic_seed
"For the last month my toddler has had red dots in his armpits and on his hands, and he cries and scratches whenever it gets dark.",scabies,,armpits and hands,moderate,synthetic_llm
Just stepped out of a hot bath and now I am covered in itchy raised pink bumps.,hives,,chest and legs,mild,synthetic_llm
Lately my forehead is full of little bumps and I can feel them more than I see them.,acne,,forehead,mild,synthetic_llm
"My skin tone is very dark and the white patches stand out a lot, they started on my feet and moved up to my legs. No symptoms besides the look.",vitiligo,,feet and legs,severe,synthetic_llm
Pimples on my cheeks have left dark brown marks that take months to fade on my skin.,acne,,cheeks,mild,synthetic_llm
pale spots on my chest and neck,vitiligo,,chest and neck,mild,synthetic_llm
bumpy red nose getting bigger,rosacea,,nose,severe,synthetic_llm
"Since last month I get scaly red patches by my nose when I use a hat or scarf, and the scalp is itchy too.",seborrheic_dermatitis,,nose and scalp,mild,synthetic_llm
every time i scratch my scalp white flakes come off like a snow globe,psoriasis,,scalp,mild,synthetic_llm
white patches and one eyelash turned white,vitiligo,,eyelid,mild,synthetic_llm
"After my divorce stress my face started flaring up, redness over the cheeks with small bumps every few weeks. Meditation helped a little. I am 39 and tired of covering it with foundation.",rosacea,,cheeks,moderate,synthetic_llm
"The doctor told me my rash looks like psoriasis but I want to know if it can show up on the face, because I have patches near my nose that are red and flake.",psoriasis,,face,mild,synthetic_llm
"hair falls out in patches and the scalp is scaly, my cousin had it too",ringworm,,scalp,moderate,synthetic_llm
itchy red rash on my neck and chest that gets better on vacation,eczema,,neck and chest,mild,synthetic_llm
breakouts under mask on cheeks,acne,,cheeks,mild,synthetic_llm
My children at daycare all have the same intensely itchy rash,scabies,"daycare spread, children, itchy rash",various,moderate,synthetic_seed
"Fell asleep in the sun and the white patches on my shoulders got burnt but the rest of me just tanned fine, it looks so patchy now",vitiligo,,shoulders,moderate,synthetic_llm
"my face has a red irritated area around the nose, I used a new nose strip last night",contact_dermatitis,,nose,mild,synthetic_llm
Cheek redness gets so bad in the summer that I avoid beach trips altogether.,rosacea,,cheeks,moderate,synthetic_llm
"weird circle on my stomach, my dog has been licking there",ringworm,,abdomen,mild,synthetic_llm
My eyebrows have white flaky patches that are embarrassing,seborrheic_dermatitis,"white flakes, eyebrows",eyebrows,mild,synthetic_seed
annular rash with central clearing,ringworm,,various,mild,synthetic_llm
red patch on belly from adhesive patch,contact_dermatitis,,abdomen,moderate,synthetic_llm
I get hives on my arms when I'm under a lot of stress,hives,"hives, stress trigger",arms,mild,synthetic_seed
rash on butt cheeks itchy with red edges,ringworm,,buttocks,moderate,synthetic_llm
Skin on my cheeks looks permanently sunburned even though I stay out of the sun.,rosacea,,cheeks,moderate,synthetic_llm
"My newborn has scaly patches on the scalp and some on the eyebrows, she seems perfectly comfortable.",seborrheic_dermatitis,,scalp and eyebrows,mild,synthetic_llm
Small pimple like bumps in my armpits and waist area with severe itch,scabies,"pimple like bumps, severe itch",armpits and waist,moderate,synthetic_seed
"rash wont heal, red dry and itchy on stomach",eczema,,abdomen,moderate,synthetic_llm
bumps like mosquito bites but everywhere,hives,,various,moderate,synthetic_llm
ive got these white spots all over wat is it,vitiligo,,various,moderate,synthetic_llm
ring on belly spreading,ringworm,,abdomen,mild,synthetic_llm
There are three or four swollen itchy bumps in my armpit that don't look like regular pimples.,scabies,,armpit,moderate,synthetic_llm
"Noticed my nose getting a bit bulbous and red lately, and the skin there looks thicker.",rosacea,,nose,severe,synthetic_llm
Started college and my stress breakouts are everywhere on my chin and cheeks.,acne,,chin and cheeks,moderate,synthetic_llm
dandruff plus rash on chest,seborrheic_dermatitis,,scalp and chest,moderate,synthetic_llm
rash on arm looks like it has a ring but also somewhat bumpy and itchy,ringworm,,arm,mild,synthetic_llm
"red and itchy skin around my nose with flaking, worse in cold",eczema,,around nose,mild,synthetic_llm
"patchy swelling on hands, itchy",hives,,hands,moderate,synthetic_llm
I noticed a depigmented area around my belly button that keeps growing,vitiligo,"depigmented, belly button, growing",belly button,moderate,synthetic_seed
My teenage son plays rugby and has an itchy rash around his armpits and waist. I assumed it was sweat rash but it is spreading to his hands and he scratches at night. Now I'm itchy on my forearms too.,scabies,,"armpits, waist and hands",moderate,synthetic_llm
why do I get red flaking skin beside my nose every winter?,seborrheic_dermatitis,,nose folds,mild,synthetic_llm
"redness on lower legs itchy after long days standing, skin is dry and a little scaly, my ankles swell too",eczema,,lower legs and ankles,moderate,synthetic_llm
"There is a ring of scales around the edge of my scalp and behind both ears, and my scalp feels hot and itchy.",seborrheic_dermatitis,,scalp and ears,moderate,synthetic_llm
sir my son have red patch on body itching after medicine,hives,,body,moderate,synthetic_llm
is it normal to have skin bumps that change place every few hours,hives,,various,mild,synthetic_llm
Red scaly patches behind both ears that get oily and flaky,seborrheic_dermatitis,"red, scaly, oily, behind both ears",behind ears,moderate,synthetic_seed
"My skin is dark brown and the bumps on my wrists look darker than my skin, almost purple, and they itch constantly. It started after I stayed with relatives and all of us have it now. Coconut oil and cortisone cream didn't do a thing.",scabies,,wrists,moderate,synthetic_llm
Scratching makes the itching worse and new bumps keep appearing on my torso,scabies,"worsens with scratching, new bumps, torso",torso,moderate,synthetic_seed
The skin on my inner elbows and wrists is covered in small bumps and itches fiercely once I'm in bed.,scabies,,elbows and wrists,moderate,synthetic_llm
"Breaking out on my face for the first time at age thirty, mostly jaw and chin.",acne,,jaw and chin,moderate,synthetic_llm
cracked itchy skin on both legs worse after shaving,eczema,,legs,mild,synthetic_llm
redness and pimples across nose and both cheeks,rosacea,,cheeks and nose,moderate,synthetic_llm
My skin breaks out every time I eat dairy products with bumps on face,acne,"breakouts, dairy trigger",face,moderate,synthetic_seed
"Terrible itching on my hands and feet at night, there are some pustules between my toes, and it seems to be contagious.",scabies,,hands and feet,severe,synthetic_llm
What causes a red bumpy nose and cheeks in a 50 year old with no history of acne?,rosacea,,cheeks and nose,moderate,synthetic_llm
My skin has thick silvery scales on my scalp and it flakes a lot,psoriasis,"silvery scales, flaking, thick patches",scalp,moderate,synthetic_seed
"my hair is thin where scale has built up on my scalp, and my husband says it smells nothing but looks gross",psoriasis,,scalp,moderate,synthetic_llm
Red scaly skin on my ankles that flares up in cold weather,psoriasis,"scaly, cold weather flare",ankles,moderate,synthetic_seed
Spicy ramen sends my face into a deep red flush that takes forever to calm down.,rosacea,,face,mild,synthetic_llm
"my husband says the plaques on my back look like silver scales, they don't hurt but the clothes catch on them",psoriasis,,back,moderate,synthetic_llm
My skin looks like it has lots of tiny pimples on my wrists but they itch instead of hurting.,scabies,,wrists,moderate,synthetic_llm
I squeeze my blackheads and now have inflamed red spots on my nose,acne,"blackheads, inflamed from squeezing",nose,moderate,synthetic_seed
"Plaques on the lower back that have a pink edge and a silvery interior, and they are sort of itchy at night.",psoriasis,,lower back,mild,synthetic_llm
After turning 45 my face started getting red bumps that look like acne but nothing clears them.,rosacea,,face,moderate,synthetic_llm
"Months of redness on my cheeks and chin that gets worse with heat. I only use a basic fragrance free moisturizer now, but the flushing and bumps continue.",rosacea,,cheeks and chin,moderate,synthetic_llm
white wet peeling skin between 4th and 5th toe with cracks and a smell,ringworm,,between toes,moderate,synthetic_llm
I think I have scabies because my sister got diagnosed and now my hands and waist itch every night.,scabies,,hands and waist,moderate,synthetic_llm
"dry itchy hands since the baby came, washing all the time",eczema,,hands,moderate,synthetic_llm
weird red plaques on my gums area of the lips? also corners scaly,psoriasis,,lips and mouth,mild,synthetic_llm
Something is making my hands itch so bad at night that I end up sitting on them just to stop scratching.,scabies,,hands,severe,synthetic_llm
swollen face and eyelids after hair dye allergy,contact_dermatitis,,face and eyelids,severe,synthetic_llm
"Three weeks ago my husband got an athlete's foot, now I've got the same peeling itchy skin between my toes. We share the bathroom mat. I have been using lotion but it only makes it soggy.",ringworm,,feet,moderate,synthetic_llm
my nose looks swollen and red,rosacea,,nose,moderate,synthetic_llm
Burning rash on my hands and the front of my legs after cleaning up a chemical spill at the lab. I rinsed with water for a bit. It looks red and shiny and hurts more than it itches.,contact_dermatitis,,hands and legs,severe,synthetic_llm
"These tiny blisters on my palms itch more than anything I've felt before, and it only gets bad in the night.",scabies,,palms,severe,synthetic_llm
teen here my face is a disaster rn,acne,,face,moderate,synthetic_llm
my baby has rough red cheeks that she keeps rubbing on the sheets,eczema,,cheeks,moderate,synthetic_llm
Dark thickened skin on my neck from years of scratching the itch,eczema,"dark, thickened, chronic scratching",neck,severe,synthetic_seed
"There is a red rash on my face that is not itchy, just warm and a bit sore.",rosacea,,face,moderate,synthetic_llm
does stress really make flaky red patches on your knees worse?,psoriasis,,knees,mild,synthetic_llm
"thickened itchy skin on the back of my neck, gets worse when I'm anxious",eczema,,back of neck,moderate,synthetic_llm
I have white milky patches on my elbows and wrists,vitiligo,white milky patches,elbows and wrists,moderate,synthetic_seed
Some days my forehead and brows are perfectly fine and other days they look red and shed flakes like crazy.,seborrheic_dermatitis,,forehead and eyebrows,mild,synthetic_llm
red bumps on shoulders and chest,acne,,chest and shoulders,moderate,synthetic_llm
"Little kids at my daycare have been getting dry itchy patches, and now my 2 year old has them on his thighs and the creases of his arms. His pediatrician said keep him moisturized but I want to know why it flares so much.",eczema,,thighs and arm creases,moderate,synthetic_llm
"rash on my chest that is pink with silver flakes, started after sunburn",psoriasis,,chest,mild,synthetic_llm
Face looks swollen and red around the nose and cheeks after drinking alcohol.,rosacea,,cheeks and nose,moderate,synthetic_llm
tiny dry bumps on arms that itch,eczema,,arms,mild,synthetic_llm
"red flaky nasolabial folds, no itch",seborrheic_dermatitis,,nose folds,mild,synthetic_llm
I am 19 and just got a new puppy and my arms are covered in raised itchy welts after playing with him. They fade after I wash up but come right back. No rash on the skin in between.,hives,,arms,mild,synthetic_llm
white spots on my feet and ankles,vitiligo,,feet and ankles,mild,synthetic_llm
Should I worry about itchy raised rash that has lasted over six weeks on and off?,hives,,various,moderate,synthetic_llm
"rash on my wrists n waist, lowkey itches so bad after midnight",scabies,,wrists and waist,moderate,synthetic_llm
"face white patches covering cheeks, getting worse, would phototherapy help?",vitiligo,,cheeks,severe,synthetic_llm
My nose has become bulbous and red with thickened bumpy skin,rosacea,"bulbous nose, thickened skin",nose,severe,synthetic_seed
"New dorm, shared showers, and now the skin between my toes is itchy white and peeling. I tried tea tree oil but nothing changed after a week. Its starting to crack and sting.",ringworm,,between toes,moderate,synthetic_llm
itchy bumps on backs of knees and ankles,scabies,,knees and ankles,mild,synthetic_llm
I am a nurse and a few of the patients on my ward had a crusty rash on their hands. Now I have an itchy rash on my wrists and waist. It is worst at night and I am exhausted at work.,scabies,,wrists and waist,moderate,synthetic_llm
"red dry itchy skin on my upper eyelids, I have had it on and off since I was a teenager. Wearing makeup makes it worse and it feels tight.",eczema,,upper eyelids,mild,synthetic_llm
Red patches on my belly button area with scaly white buildup,psoriasis,"red patches, scaly, white buildup",belly button,mild,synthetic_seed
red bumps and dry skin on baby's thighs,eczema,,thighs,mild,synthetic_llm
my armpit hair turned white and there is a pale spot there too,vitiligo,,armpit,mild,synthetic_llm
"spot on my arm looks like a ring and the middle is clear, is it contagious?",ringworm,,arm,mild,synthetic_llm
Very dry skin all over body with patches that flare up periodically,eczema,"dry skin, periodic flares",whole body,moderate,synthetic_seed
big painful pimple near my ear,acne,,ear area,moderate,synthetic_llm
My husband noticed I scratch behind my ears a lot. When I looked in the mirror there was reddish flaky skin and a little crack on the fold. I have used a regular body lotion on it without much change.,seborrheic_dermatitis,,behind ears,moderate,synthetic_llm
red patches on skin very itch since I eat prawns yesterday,hives,,various,moderate,synthetic_llm
Irregular white patches on my back that I only noticed when someone pointed them out,vitiligo,"irregular white patches, incidental finding",back,moderate,synthetic_seed
patches losing pigment on both elbows,vitiligo,,elbows,mild,synthetic_llm
There is a bump on my face that looks like a pimple but wont pop and hurts.,acne,,face,moderate,synthetic_llm
I got swollen itchy patches all over after eating something at a restaurant,hives,"swollen patches, food trigger",whole body,moderate,synthetic_seed
red patch on cheek after new moisturizer,contact_dermatitis,,cheek,mild,synthetic_llm
Deep painful nodules under my skin on jawline,acne,"deep nodules, painful",jawline,severe,synthetic_seed
Spent the afternoon in a hot tub and now there are raised red bumps all over my thighs and waist. They itch badly but there are no blisters or pus. My girlfriend thinks it is a bug bite.,hives,,thighs and waist,mild,synthetic_llm
Visible zigzag lines on the skin of my hands with terrible nighttime itch,scabies,"zigzag lines, hands, nighttime itch",hands,moderate,synthetic_seed
I have persistent flaking and redness on my forehead and nasolabial folds,seborrheic_dermatitis,"persistent flaking, redness, forehead and nasolabial",forehead and nose folds,moderate,synthetic_seed
Are these welts under my belt from pressure or something else? they itch and fade after an hour,hives,,waist,mild,synthetic_llm
"cant sleep from itching, my legs have streaks of tiny blisters since i helped clear brush yesterday",contact_dermatitis,,legs,severe,synthetic_llm
"My face has been full of red pimples for two years, I wash it twice a day with a gentle cleanser. Sometimes I use tea tree oil. It improves a little and then comes back.",acne,,face,moderate,synthetic_llm
I get these sore pimples on the sides of my chin that stay for weeks and leave dark spots.,acne,,chin,moderate,synthetic_llm
streaky red lines on my arm with little blisters,contact_dermatitis,,arm,moderate,synthetic_llm
I think I have allergic contact dermatitis because it only shows up where the metal snap on my jacket touches my neck.,contact_dermatitis,,neck,mild,synthetic_llm
"cracks between toes and the sole is dry like moccasin, been like this for years and I thought it was just dry skin",ringworm,,feet,mild,synthetic_llm
rash that comes and goes on my elbows,psoriasis,,elbows,mild,synthetic_llm
"Honestly it started as one pale spot on my knee last spring and now there are three matching ones on each leg, no itch or anything, just no color.",vitiligo,,knees and legs,moderate,synthetic_llm
"tiny pitted nails and a rash on my elbow, are they related?",psoriasis,,nails and elbow,mild,synthetic_llm
spots that lost their color around my nose,vitiligo,,nose,mild,synthetic_llm
"my beard area has crusty red patch, hairs loose, doctor mentioned fungal infection from animals",ringworm,,beard,severe,synthetic_llm
"Dark purple redness on the cheeks, I am Indian and in my thirties. Gets worse in the summer heat or after spicy curry. Some small bumps but no itching.",rosacea,,cheeks,moderate,synthetic_llm
a red ring with white scales has been on my shoulder blade for a month and a half. It does not hurt. I tried aloe and coconut oil but it just kept growing outward.,ringworm,,shoulder blade,mild,synthetic_llm
"Cheeks and chin covered in small red bumps and some tiny pustules, no whiteheads though.",rosacea,,cheeks and chin,moderate,synthetic_llm
"itchy rash, no cream has worked in weeks",scabies,,various,moderate,synthetic_llm
"Pimples that are not acne, I think, on cheeks and nose, with lots of redness and no blackheads. They sting more than itch. Been there since last winter and my confidence is tanking.",rosacea,,cheeks and nose,moderate,synthetic_llm
Red itchy bumps on the front of my wrists and sides of my hands,scabies,"red bumps, wrist front, hand sides",wrists and hands,moderate,synthetic_seed
My wrists are itchy and red where my new smartwatch sits. I switched to a different band and it is slowly getting better. It never spreads past the band area.,contact_dermatitis,,wrist,mild,synthetic_llm
"Red, dry, itchy skin on my fingers every winter since I started wearing the hand cream from my aunt.",contact_dermatitis,,fingers,mild,synthetic_llm
face feels hot and tight and red,rosacea,,face,moderate,synthetic_llm
bumps in a circle on my knee that itch,ringworm,,knee,mild,synthetic_llm
face puffy and itchy after peanuts,hives,,face,severe,synthetic_llm
"The rash on my hands looks like small red dots, and when I scratch the skin seems to get thicker and crusty.",scabies,,hands,moderate,synthetic_llm
"The folds of my wrists are red and covered in tiny bumps, and the itching wakes me at 3am.",scabies,,wrists,moderate,synthetic_llm
"Redness spreading from my nose across both cheeks like a mask, kind of burning.",rosacea,,cheeks and nose,moderate,synthetic_llm
rough bumpy cheeks teen,acne,,cheeks,mild,synthetic_llm
"skin around my mouth turned pale, very visible",vitiligo,,around mouth,moderate,synthetic_llm
Large flat raised welts on my stomach that blanch white in the center,hives,"flat welts, blanching center",stomach,moderate,synthetic_seed
my pet guinea pig has bald spots and I now have an itchy round patch on my arm,ringworm,,arm,mild,synthetic_llm
back pimples after gym,acne,,back,mild,synthetic_llm
bro i keep scratching my waist at night theres red dots all over,scabies,,waist,moderate,synthetic_llm
My nails became thick and discolored with a yellowish crumbly texture,ringworm,"thick nails, discolored, crumbly",nails,moderate,synthetic_seed
"Been dealing with red cheeks for two years now. Sun makes it worse so I wear SPF 50 daily, but sometimes even the sunscreen stings. It eased a little with a gentle cleanser but flares come back every month.",rosacea,,cheeks,moderate,synthetic_llm
"The rash looks kind of like bug bites but there are no bugs I can find, and the itch is non stop at night around my waist.",scabies,,waist,moderate,synthetic_llm
I have a circular red ring shaped rash on my arm,ringworm,"circular rash, ring shaped, red",arm,moderate,synthetic_seed
Does not itch at all but my cheeks have red tender bumps that sometimes have white tips.,acne,,cheeks,moderate,synthetic_llm
"i noticed it first on my hands whiteish patches then it went to my face over the year, my father had same thing, i want to know if cream can bring back color",vitiligo,,hands and face,moderate,synthetic_llm
itchy welts on my thighs after wearing tight leggings all day,hives,,thighs,mild,synthetic_llm
"Itching on my ribs and sides that starts around midnight, and I see small red bumps in a line.",scabies,,ribs and sides,moderate,synthetic_llm
flushing face spicy food,rosacea,,face,mild,synthetic_llm
My elbows have rough raised red patches that bleed when I scratch them,psoriasis,"raised patches, bleeding, rough",elbows,moderate,synthetic_seed
nail pits and flaking skin on knuckles,psoriasis,,nails and knuckles,mild,synthetic_llm
why is my skin so itchy after hot showers?,eczema,,body,mild,synthetic_llm
Itchy raised patches on my legs that come and go all day long,hives,"itchy patches, intermittent",legs,moderate,synthetic_seed
Blackheads along the sides of my nose and enlarged pores,acne,"blackheads, enlarged pores",nose,mild,synthetic_seed
my baby has thick yellow crusts on her head,seborrheic_dermatitis,,scalp,mild,synthetic_llm
Red irritated patches between my eyebrows with yellowish greasy scales,seborrheic_dermatitis,"red, irritated, yellowish, greasy",between eyebrows,moderate,synthetic_seed
Red itchy bumps on my hands after using a new dish soap,contact_dermatitis,"red, itchy, dish soap trigger",hands,moderate,synthetic_seed
"Weepy crusted patch behind my ear where the hearing aid rests, and my father says it gets worse after he uses the new cleaning spray on it.",contact_dermatitis,,behind ear,moderate,synthetic_llm
itchy rash in skin folds that wont clear with antibiotic ointment,ringworm,,skin folds,moderate,synthetic_llm
red irritated patches on my toddlers face and she keeps scratching,eczema,,face,moderate,synthetic_llm
My shoulders break out with small pus filled pimples in summer,acne,"pus filled, summer breakouts",shoulders,moderate,synthetic_seed
"rash in the bends of both elbows, looks red on light skin and almost grey on mine",eczema,,elbow bends,moderate,synthetic_llm
"Two days on a new protein powder and I have raised itchy welts on my chest and arms. I stopped it yesterday and they are fading, but I do not know if I should still see someone.",hives,,chest and arms,moderate,synthetic_llm
Small burrow lines visible on my wrist with extreme itchiness,scabies,"burrow lines, extreme itch",wrist,moderate,synthetic_seed
"Dark skinned and my cheeks have bumps that turn dark brown after they heal, and a few are filled with pus. The marks last for months and cause me stress.",acne,,cheeks,moderate,synthetic_llm
Intense widespread itch that started two weeks after staying at a hostel,scabies,"widespread itch, hostel contact, delayed onset",whole body,moderate,synthetic_seed
"plaque on my shin dark brown with scale, wont fade, I'm black and my mom says it looks like her skin thing",psoriasis,,shin,moderate,synthetic_llm
itchy neck from new necklace,contact_dermatitis,,neck,mild,synthetic_llm
thick dark leathery patch on my neck from scratching for years,eczema,,neck,moderate,synthetic_llm
help my skin is peeling in sheets of silvery flakes,psoriasis,,various,severe,synthetic_llm
"dark brown itchy bumps on wrists, lots of scratch marks",scabies,,wrists,moderate,synthetic_llm
"Not really painful, but the skin on my wrist is red and itchy exactly where the fitness tracker band sits.",contact_dermatitis,,wrist,mild,synthetic_llm
"These bumps on my forehead are small and skin coloured, hundreds of them, no itch.",acne,,forehead,mild,synthetic_llm
intense itch but barely any rash to see,scabies,,various,moderate,synthetic_llm
scalp flakes bigger than normal dandruff,psoriasis,,scalp,mild,synthetic_llm
Out of nowhere these puffy red bumps showed up on my arms and they itch way more than a bug bite.,hives,,arms,moderate,synthetic_llm
"Raised welts on both arms that do not hurt but itch badly, started yesterday",hives,,arms,moderate,synthetic_llm
psoriasis flare on my scalp again,psoriasis,,scalp,moderate,synthetic_llm
The pimples on my chin pop and ooze a bit then come back in the same places.,acne,,chin,moderate,synthetic_llm
"It began as a tiny white dot on my chin during college, and in two years it has joined with others near my mouth and eyes. I covered it with makeup but it takes forever every morning.",vitiligo,,chin and face,moderate,synthetic_llm
red nose bumpy skin thick,rosacea,,nose,severe,synthetic_llm
Thick red patches covered with silvery white scales on my lower back,psoriasis,"thick patches, silvery scales",lower back,moderate,synthetic_seed
dandruff shampoo stopped working,seborrheic_dermatitis,,scalp,moderate,synthetic_llm
The sides of my nose are red and shiny with white flaking that makeup makes look worse.,seborrheic_dermatitis,,nose folds,mild,synthetic_llm
small itchy sores in finger webbing,scabies,,finger webs,moderate,synthetic_llm
My hair looks oily the day after I wash it and the scalp has large yellow flakes that stick together.,seborrheic_dermatitis,,scalp,moderate,synthetic_llm
pale skin patches no symptoms just look,vitiligo,,various,mild,synthetic_llm
"gets worse when it's cold and dry out, thick red plaques, better after a beach week",psoriasis,,various,moderate,synthetic_llm
"My forehead and cheeks turn red whenever I am embarrassed, and now they stay pink even when I am calm.",rosacea,,forehead and cheeks,mild,synthetic_llm
vitiligo on hands is it spreading,vitiligo,,hands,moderate,synthetic_llm
"The rash on my inner thigh isn't painful, just very itchy, and it has a clear red edge with fine flakes on it.",ringworm,,inner thigh,mild,synthetic_llm
rash on cheeks burns not itches,rosacea,,cheeks,moderate,synthetic_llm
Pimple like spots on my elbows and knees with terrible nighttime itching,scabies,"pimple spots, elbows knees, night itch",elbows and knees,moderate,synthetic_seed
why is my skin losing its color in patches?,vitiligo,,various,moderate,synthetic_llm
rash on scalp and ears that wont go,seborrheic_dermatitis,,scalp and ears,moderate,synthetic_llm
"For six weeks my face, especially around the eyes, keeps swelling in the morning along with itchy bumps on my body. My doctor is booked out for weeks. Over the counter allergy pills help a bit but not fully.",hives,,face and body,moderate,synthetic_llm
"Weird scaly spot in my armpit that is greasy and a little red, I do not shave there anymore.",seborrheic_dermatitis,,armpit,mild,synthetic_llm
itchy rash after sunscreen new brand,contact_dermatitis,,face,moderate,synthetic_llm
"Light patches of flaky skin on my brown skin around the nose, they look grayish and a bit ashy.",seborrheic_dermatitis,,nose folds,mild,synthetic_llm
light colored patches on the shins,vitiligo,,shins,mild,synthetic_llm
"My nose is red, shiny and slightly lumpy at the tip. I am 61 and it has been slowly changing for years. Some tiny red veins crawl across it.",rosacea,,nose,severe,synthetic_llm
"The patch of skin under my bra band is red, dry and itchy.",contact_dermatitis,,under bra band,mild,synthetic_llm
face flares up with stress,rosacea,,face,mild,synthetic_llm
My husband says my face looks like I am always blushing and it has been like this since last spring.,rosacea,,face,mild,synthetic_llm
Are these little bumps on my forehead pimples or something else?,acne,,forehead,mild,synthetic_llm
does scabies look like tiny pimples around the waist? mine itch like crazy,scabies,,waist,moderate,synthetic_llm
I think I reacted to something at a restaurant. Within an hour my lips tingled and swelled and large welts came up on my stomach. I took an antihistamine from my bag and it helped but I am still shaky.,hives,,lips and stomach,severe,synthetic_llm
white flakes everywhere on my hair and ears itching,seborrheic_dermatitis,,scalp and ears,mild,synthetic_llm
"I started a new job as a dental assistant and wear latex gloves all day. By the afternoon my hands are red, itchy and the skin between my fingers is cracking. Washing makes it burn.",contact_dermatitis,,hands,moderate,synthetic_llm
white freckles?? on my hands,vitiligo,,hands,mild,synthetic_llm
Swollen red nose with bumpy texture and broken blood vessels,rosacea,"swollen, bumpy, broken vessels",nose,severe,synthetic_seed
"white scaly patches on the soles of both feet with itching between toes, got worse after my hostel shower sandals broke",ringworm,,feet,moderate,synthetic_llm
Suddenly covered in huge itchy welts and I can feel my throat getting a bit scratchy,hives,,various,severe,synthetic_llm
red weepy skin on arms,eczema,,arms,severe,synthetic_llm
"Whenever I run in the summer, I get tiny itchy bumps surrounded by a red flare on my arms and chest. They go away after I cool down for twenty minutes. It is making me skip workouts.",hives,,arms and chest,mild,synthetic_llm
The rash on my face is itchy and red but mostly around my eyes and mouth.,contact_dermatitis,,eyes and mouth,mild,synthetic_llm
"on darker skin the patches look ashy grey brown and super itchy, mostly on my shins",eczema,,shins,moderate,synthetic_llm
Could tiny bumps in lines on my wrists be burrows from something?,scabies,,wrists,moderate,synthetic_llm
"sudden bumps all over, itching like crazy",hives,,various,severe,synthetic_llm
The itchy raised spots on my arm are almost gone but now there are new ones on my back,hives,,arm and back,mild,synthetic_llm
"A few red bumps on my hands that itch badly and my sister has the same ones, we both sleep in the same room.",scabies,,hands,moderate,synthetic_llm
"rash similar to a ring around my ankle, slightly raised",ringworm,,ankle,mild,synthetic_llm
skin on my nose and forehead is flaking and shiny at same time,seborrheic_dermatitis,,nose and forehead,mild,synthetic_llm
purplish raised itchy patches on dark skin,hives,,thighs and arms,moderate,synthetic_llm
Red blotchy hives on my neck that appeared after wearing a wool scarf,hives,"blotchy hives, wool trigger",neck,mild,synthetic_seed
"round rash that wont heal with steroid cream, actually got bigger",ringworm,,various,moderate,synthetic_llm
Thickening skin on my nose with enlarged pores and redness,rosacea,"thickening, enlarged pores, redness",nose,severe,synthetic_seed
my nails have tiny pits like someone poked them with a pin and one is lifting off the bed,psoriasis,,fingernails,mild,synthetic_llm
Visible burrow tracks on the sides of my fingers with intense nighttime itch,scabies,"burrow tracks, finger sides, nighttime itch",finger sides,moderate,synthetic_seed
My skin cracks and bleeds on my palms with dry scaly plaques,psoriasis,"cracking, bleeding, scaly plaques",palms,severe,synthetic_seed
"Both cheeks have been red and warm with small bumps for six weeks. I tried zinc oxide cream and antihistamines but nothing happened. It does not itch, it just burns when I am hot.",rosacea,,cheeks,moderate,synthetic_llm
my scalp is so flaky and itchy that I scratch it in my sleep and wake up with flakes on the pillow.,seborrheic_dermatitis,,scalp,moderate,synthetic_llm
Why does my face turn so red after just one drink?,rosacea,,face,mild,synthetic_llm
Skin on my jaw and neck keeps erupting in sore bumps that last weeks.,acne,,jaw and neck,moderate,synthetic_llm
Red swollen patches showed up all over my body after the wasp sting last weekend.,hives,,various,severe,synthetic_llm
Scaly irritated skin in my ear canals and behind ears,seborrheic_dermatitis,"scaly, irritated",ears,moderate,synthetic_seed
ringworm on my arm what cream,ringworm,,arm,mild,synthetic_llm
Red patches with well defined borders on my knees,psoriasis,"red patches, defined borders",knees,mild,synthetic_seed
Skin around my ears peeled and itches since I got my glasses with the new frames.,contact_dermatitis,,behind ears,mild,synthetic_llm
I have widespread red scaly plaques on my trunk and limbs,psoriasis,"red plaques, scaly, widespread",trunk and limbs,severe,synthetic_seed
"It began as a small dry patch on my forearm about a month ago and now it's bigger, red and really itchy. I have asthma and my brother had skin problems as a kid. Is that connected?",eczema,,forearm,moderate,synthetic_llm
giant red welts on my hips,hives,,hips,moderate,synthetic_llm
"itchy flaky skin between toes, only on my right foot",ringworm,,right foot,mild,synthetic_llm
"Pink raised wheal on my arm where I scratched a mosquito bite, it spread into a big itchy patch",hives,,arm,mild,synthetic_llm
skin flaking off in big white pieces from my elbows,psoriasis,,elbows,mild,synthetic_llm
"My husband has pinkish scaly skin in his eyebrows, beside his nose and behind both ears. He has had it on and off for years and it gets worse when he's under pressure. He uses hydrocortisone cream occasionally and it helps for a while.",seborrheic_dermatitis,,face and ears,moderate,synthetic_llm
"Lump on my chin has been under the skin for days, red and tender but not itchy.",acne,,chin,moderate,synthetic_llm
"It started as a few blackheads on my nose, then little red pimples on my cheeks appeared. I'm on a new gym routine and wash my face afterwards. Not painful at all.",acne,,nose and cheeks,mild,synthetic_llm
Flaky red patches on the skin between my sideburns and ears,seborrheic_dermatitis,"flaky, red, sideburn area",sideburns,moderate,synthetic_seed
White depigmented patches on my shins that appeared after a sunburn,vitiligo,"depigmented, post sunburn onset",shins,moderate,synthetic_seed
The scalp of my 4 month old is covered in thick brownish scales that are starting to spread to her forehead. We have been washing her head daily with baby shampoo and brushing gently. Is it okay to leave it?,seborrheic_dermatitis,,scalp and forehead,mild,synthetic_llm
I have red flaky skin on both sides of my nose that has not cleared in weeks.,seborrheic_dermatitis,,nose folds,mild,synthetic_llm
white thick toenail and itchy foot,ringworm,,toenail and foot,mild,synthetic_llm
Acne flare ups around my period with deep bumps on chin and jaw,acne,"period related, deep bumps",chin and jaw,moderate,synthetic_seed
itchy rash legs arms,eczema,,arms and legs,moderate,synthetic_llm
"back of my elbows looks like the skin of a lizard, thick and silvery",psoriasis,,elbows,moderate,synthetic_llm
scalp scales and patchy bald area in a 10 yo girl with braids,ringworm,,scalp,moderate,synthetic_llm
Woke up at 3am scratching because of raised hot welts on my hips and thighs.,hives,,hips and thighs,severe,synthetic_llm
My teenage son came back from wrestling camp with an itchy scaly ring on his cheek and another on his shoulder. We tried a moisturizer and nothing happened. He is embarrassed to go to school.,ringworm,,cheek and shoulder,mild,synthetic_llm
I have comedones and papules across my T zone area,acne,"comedones, papules",T zone,moderate,synthetic_seed
red cheeks since pregnancy wont go away lol,rosacea,,cheeks,mild,synthetic_llm
"Hey, I'm 19 and the skin on my fingertips has gone totally white. It does not itch or peel, it just looks like the color switched off. Started around exam season when I was stressed.",vitiligo,,fingertips,moderate,synthetic_llm
"Pale Irish skin, 34 years old. Cheeks flush crazy easy and now there are small red dots that sometimes fill with pus. Washing with hot water seems to trigger it.",rosacea,,cheeks,moderate,synthetic_llm
"Honestly the rash looks like a little ring, red outside and kind of normal skin inside, and it has been there about two weeks.",ringworm,,chest,mild,synthetic_llm
I break out in hives whenever I exercise or get too hot,hives,"hives, exercise trigger, heat trigger",various,moderate,synthetic_seed
"In my culture people say its heat rash but it has been 6 months. The skin on my arms is dry, dark and itchy. I tried neem oil and coconut oil and it did not go away.",eczema,,arms,moderate,synthetic_llm
"Last Sunday I spent a day on the lake and since then my face has been a mess: red, burning, small bumps on the cheeks. It tends to flare after sun every time.",rosacea,,cheeks,moderate,synthetic_llm
Woke up with three new pimples on my chin and one is really swollen and tender.,acne,,chin,moderate,synthetic_llm
"dark brown raised itchy patches, fade by night",hives,,back and arms,mild,synthetic_llm
rash on hands,contact_dermatitis,,hands,mild,synthetic_llm
I teach middle school and my face goes beet red every time I get stressed in class. Over summer it is constant redness across the nose and cheeks. It is hurting my confidence a lot.,rosacea,,cheeks and nose,moderate,synthetic_llm
"My ankles are dotted with itchy dark spots that I keep scratching open, especially at night.",scabies,,ankles,moderate,synthetic_llm
I developed a ring shaped rash under my waistband area,ringworm,"ring rash, waistband area",waist,moderate,synthetic_seed
"ever since my divorce stress my hands have been getting white patches, no itch",vitiligo,,hands,moderate,synthetic_llm
My face gets very oily by midday and I develop new pimples,acne,"oily, new pimples",face,moderate,synthetic_seed
Itchy irritated skin around my nostrils with visible flakes,seborrheic_dermatitis,"itchy, irritated, visible flakes",around nostrils,mild,synthetic_seed
My jaw has red lumps that rise each month and I've tried an over the counter retinol cream. It made my face peel but the lumps are still there.,acne,,jaw,moderate,synthetic_llm
Redness around my nose and chin that gets worse when I am out in the wind.,rosacea,,nose and chin,mild,synthetic_llm
help everyone in my house is itchy and has bumps on wrists,scabies,,wrists,moderate,synthetic_llm
"red patches on my scalp and ears, flaky, but not greasy at all, and the dandruff shampoo burned",psoriasis,,scalp and ears,moderate,synthetic_llm
Honestly the dandruff gets so bad in winter that I avoid wearing dark clothes.,seborrheic_dermatitis,,scalp,moderate,synthetic_llm
Every time I have a beer my whole face lights up and feels like it is burning.,rosacea,,face,moderate,synthetic_llm
I get an intense itch first and then the welts rise up under my fingernails' scratching.,hives,,arms,mild,synthetic_llm
My baby has crusty yellow patches on the scalp and behind ears,eczema,"crusty, yellow patches, baby",scalp and ears,moderate,synthetic_seed
red irritated skin on the nape of my neck,eczema,,neck,mild,synthetic_llm
I'm 25 and I keep getting one or two big pimples on the same side of my chin. They take ten days to go away and leave a red mark. Picking makes them last longer.,acne,,chin,moderate,synthetic_llm
I noticed a round itchy lesion on my neck after sharing a towel,ringworm,"round, itchy, shared towel contact",neck,moderate,synthetic_seed
Bumpy red rash on my foot shaped exactly like my shoe strap,contact_dermatitis,"bumpy rash, shoe strap shaped",foot,mild,synthetic_seed
"These purple-ish itchy swollen areas on my legs showed up after a long flight. They are smooth and raised, they do not hurt, and some of them vanished while I was in the shower.",hives,,legs,moderate,synthetic_llm
My teen daughter has pale patches on her knees and fingers. She is quiet about it but I can tell it bothers her at school.,vitiligo,,knees and fingers,moderate,synthetic_llm
itchy nipples with little bumps around them,scabies,,breasts,moderate,synthetic_llm
white area on the inside of my wrist,vitiligo,,wrist,mild,synthetic_llm
white scales on red plaque in the middle of my back that has been there for years but now it's growing,psoriasis,,middle back,moderate,synthetic_llm
Itchy weeping patches behind my ears that crust over and come back,eczema,"itchy, weeping, crusting, recurring",behind ears,moderate,synthetic_seed
Got oily patches and lots of tiny bumps on my nose and chin since I turned fourteen.,acne,,nose and chin,mild,synthetic_llm
My legs are covered in itchy red marks after walking through tall grass at the park. Some of them have turned into small blisters. It was only on skin that was not covered by my pants so that is probably the clue.,contact_dermatitis,,legs,moderate,synthetic_llm
"hives again after eating strawberries, my lips feel fat too",hives,,lips and body,moderate,synthetic_llm
"My face reddens within minutes of eating anything hot, whether temperature or spicy.",rosacea,,face,mild,synthetic_llm
itchy blistery rash on my face after touching my face with plant sap on my hands,contact_dermatitis,,face,severe,synthetic_llm
"discolored patches, lighter, no texture change",vitiligo,,various,mild,synthetic_llm
Redness in the center of my face is making me self conscious at work meetings.,rosacea,,central face,moderate,synthetic_llm
why does my skin get so itchy and scaly every winter?,eczema,,various,mild,synthetic_llm
my belly and thighs have patches with raised edges and papery silver scale that peels off in a sheet and leaves pink skin behind,psoriasis,,belly and thighs,moderate,synthetic_llm
"Okay so the rash is on my inner elbow and wrist, red and a little itchy, started the day after I tried a new body wash. I stopped using it and used plain petroleum jelly. Two days later it is much better.",contact_dermatitis,,elbow and wrist,mild,synthetic_llm
"no rash really, just skin that is constantly itchy and dry",eczema,,various,mild,synthetic_llm
pale patches that dont tan in summer,vitiligo,,various,mild,synthetic_llm
In cold weather my cheeks turn deep red and sting like crazy when I come inside.,rosacea,,cheeks,mild,synthetic_llm
Small white spots on my legs that are slowly expanding and merging,vitiligo,"white spots, expanding, merging",legs,moderate,synthetic_seed
baby covered in red blotches after new food,hives,,face and body,moderate,synthetic_llm
"light brown skin and the patches look almost cream colored against it, mostly on my hands and around my mouth",vitiligo,,hands and mouth,moderate,synthetic_llm
Persistent flaky scalp with thick crusts that won't go away with regular shampoo,psoriasis,"flaky scalp, thick crusts",scalp,moderate,synthetic_seed
Red circular lesion on my neck that is expanding outward,ringworm,"circular lesion, expanding, red",neck,moderate,synthetic_seed
"The skin on my cheeks feels hot to touch and looks flushed, though nothing is itchy.",rosacea,,cheeks,mild,synthetic_llm
"itchy skin only in winter, summer its fine",eczema,,various,mild,synthetic_llm
Large areas of skin losing color on my torso,vitiligo,large depigmented areas,torso,severe,synthetic_seed
Recently moved to a humid city and now my face is full of whiteheads.,acne,,face,mild,synthetic_llm
"The patches are smooth and white with sharp edges, no scaling, no redness, just pale skin that was normal a year ago. They are on my hips and lower back.",vitiligo,,hips and lower back,moderate,synthetic_llm
dormmates all got an itchy rash,scabies,,various,moderate,synthetic_llm
Nose and cheeks are sore and red after I changed my face wipes.,contact_dermatitis,,nose and cheeks,mild,synthetic_llm
red raised bumps that come and go,hives,,various,mild,synthetic_llm
"patch on my inner thigh thats been itchy and thick for months, got worse when i scratch",eczema,,inner thigh,moderate,synthetic_llm
help my scalp has scaly bald circle and little black dots where hair snapped,ringworm,,scalp,moderate,synthetic_llm
My neck turned red and bumpy after wearing a new wool sweater,contact_dermatitis,"red, bumpy, wool trigger",neck,moderate,synthetic_seed
"left earlobe red itchy and right one is fine, i only wore the new earring on that side",contact_dermatitis,,earlobe,mild,synthetic_llm
small red bumps on my back and neck,acne,,back and neck,mild,synthetic_llm
My scalp gets extremely itchy and produces large greasy flakes when stressed,seborrheic_dermatitis,"itchy, greasy flakes, stress trigger",scalp,moderate,synthetic_seed
"My 65 year old dad has white patches around his eyes and hands. They are not painful, he just says the color is gone. He asked whether treatment still works at his age.",vitiligo,,eyes and hands,moderate,synthetic_llm
"Pimples on my lower back near the waistband, they get irritated when I sit.",acne,,lower back,mild,synthetic_llm
gritty red eyes and red cheeks,rosacea,,eyes and cheeks,moderate,synthetic_llm
Why do I have itchy bumps in my armpits and on my wrists and none on my face or scalp?,scabies,,armpits and wrists,moderate,synthetic_llm
"Red cheeks and nose that sting a bit, mostly after hot showers or saunas.",rosacea,,cheeks and nose,mild,synthetic_llm
"There is a round bald spot on the scalp of my 4 year old with stubs of hair and white flakes. She is not scratching much, but the spot grows each week.",ringworm,,scalp,moderate,synthetic_llm
Flaking skin on the bridge of my nose and inner eyebrow corners,seborrheic_dermatitis,"flaking, nose bridge, inner eyebrows",nose and eyebrows,mild,synthetic_seed
"scalp scales stuck to hair, very thick",seborrheic_dermatitis,,scalp,severe,synthetic_llm
"tiny pimples between fingers, no pain",scabies,,between fingers,mild,synthetic_llm
my lips and the skin around them are cracked and itchy,eczema,,lips,mild,synthetic_llm
"scaly patches on soles that look like moccasin shape, dry and a bit itchy",ringworm,,soles,mild,synthetic_llm
Itching that gets much worse at bedtime all over my body,scabies,"nighttime itch, whole body",whole body,moderate,synthetic_seed
My eyelids became puffy and red after trying a new mascara brand,contact_dermatitis,"puffy, red, mascara trigger",eyelids,moderate,synthetic_seed
White patches appearing on my forearms that contrast against my tan,vitiligo,"white patches, contrast with tan",forearms,moderate,synthetic_seed
scaly red skin between eyebrows,seborrheic_dermatitis,,between eyebrows,mild,synthetic_llm
"inflamed painful red plaque with pustules on beard, hairs come out easily. It began as a scaly circle after I visited a cattle farm. Doctor said maybe a fungal thing.",ringworm,,beard,severe,synthetic_llm
idk these bumps come at night then gone in the morning,hives,,various,mild,synthetic_llm
face red hot and swollen after sauna,rosacea,,face,moderate,synthetic_llm
itchy red patches on my buttocks and inner thighs after a long hot bike ride,ringworm,,groin and thighs,moderate,synthetic_llm
"cradle cap on 3 month old, scales keep coming back",seborrheic_dermatitis,,scalp,mild,synthetic_llm
Itchy scaly patches behind my ears and on my hairline,seborrheic_dermatitis,"itchy, scaly",behind ears and hairline,moderate,synthetic_seed
broken capillaries nose and cheeks,rosacea,,cheeks and nose,mild,synthetic_llm
"My scalp has a white patch and the hair on it is white while the rest is black. The skin there feels the same as everywhere else, no flaking.",vitiligo,,scalp,mild,synthetic_llm
itchy rash on eyelids no other symptoms,contact_dermatitis,,eyelids,mild,synthetic_llm
I'm 34 weeks pregnant and tried a new body lotion last week. Now my belly and arms have an itchy red rash with tiny bumps. I stopped the lotion yesterday and it is already less angry.,contact_dermatitis,,belly and arms,moderate,synthetic_llm
I noticed track marks between my toes along with severe itching at night,scabies,"track marks, between toes, night itch",between toes,moderate,synthetic_seed
Is this vitiligo? white patches on my elbows,vitiligo,,elbows,mild,synthetic_llm
My teenage son's hairline is lined with flaky crusty red skin and some of it spills over his forehead and neck. He says it's a bit itchy but mostly just looks bad.,psoriasis,,hairline and neck,mild,synthetic_llm
lol my foot has been peeling for weeks and the toes itch like mad,ringworm,,feet,mild,synthetic_llm
Why do my hands swell and itch after touching ice or cold drinks?,hives,,hands,mild,synthetic_llm
Itchy hives on my hands and wrists that flare up when I am anxious,hives,"hives, anxiety trigger",hands and wrists,mild,synthetic_seed
bumps on nose and cheeks red skin its paining not itching,rosacea,,cheeks and nose,moderate,synthetic_llm
"Lately my fingertips are dry, red and peeling since I started working at the hair salon.",contact_dermatitis,,fingertips,moderate,synthetic_llm
pimple like bumps in ring on my forearm after petting stray cat,ringworm,,forearm,mild,synthetic_llm
cracked dry hands from dish soap,contact_dermatitis,,hands,moderate,synthetic_llm
whats this itchy rash between my fingers and on my wrist i only itch at night,scabies,,fingers and wrist,moderate,synthetic_llm
Hormonal breakouts along my jawline with deep cysts,acne,"hormonal, deep cysts, breakouts",jawline,severe,synthetic_seed
Been itchy since lunch and now there are welts on my neck and under my chin.,hives,,neck and chin,moderate,synthetic_llm
I'm 16 and my face has been breaking out since last year. Tried toothpaste on the pimples and apple cider vinegar but nothing works. Kids at school have started commenting.,acne,,face,moderate,synthetic_llm
Red streaky rash on my arms after gardening without gloves,contact_dermatitis,"red streaky rash, plant contact",arms,moderate,synthetic_seed
My wrists and the skin between my fingers itch so badly at night that I wake up scratching until it bleeds.,scabies,,wrists and fingers,severe,synthetic_llm
my back and shoulders get itchy dry patches every autumn,eczema,,back and shoulders,mild,synthetic_llm
what are these red swollen itchy patches that moved from my arm to my leg??,hives,,arms and legs,moderate,synthetic_llm
My hands crack and peel from constant handwashing and sanitizer use,contact_dermatitis,"cracking, peeling, irritant trigger",hands,moderate,synthetic_seed
itchy bumps on scalp and neck after dye,hives,,scalp and neck,moderate,synthetic_llm
Face gets painful pimples and I notice they flare up a week before my period.,acne,,face,moderate,synthetic_llm
swollen itchy eyelids after new mascara,contact_dermatitis,,eyelids,moderate,synthetic_llm
my scalp and hairline have dry red itchy skin and it also shows on my elbows,eczema,,scalp and elbows,moderate,synthetic_llm
"I get little itchy sores around my belt and in the crease of my butt, and they get scabby from scratching.",scabies,,waist and buttocks,moderate,synthetic_llm
itchy between fingers worse at night,scabies,,between fingers,moderate,synthetic_llm
my son is 3 and gets dry rough patches on his wrists and ankles that he scratches raw,eczema,,wrists and ankles,moderate,synthetic_llm
Super oily T-zone with clogged pores and tiny pimples that wont clear.,acne,,T-zone,mild,synthetic_llm
My face is oily by noon and I get new pimples around my nose constantly.,acne,,nose,moderate,synthetic_llm
Red irritated patches on my inner thighs where skin rubs together,eczema,"red, irritated, friction area",inner thighs,moderate,synthetic_seed
my forhead got so many bumps idk why,acne,,forehead,mild,synthetic_llm
itchy red blisters on palms after summer,eczema,,palms,moderate,synthetic_llm
"my husband has white patches on his hands and face that keep slowly growing, he is 42 and works outdoors, and the sun makes them burn easily",vitiligo,,hands and face,moderate,synthetic_llm
is this seborrheic dermatitis? flaky greasy patches on my chest and scalp,seborrheic_dermatitis,,chest and scalp,moderate,synthetic_llm
my little girl has scaly bald patch on her head and her pet rabbit has crusty fur. Could that be related?,ringworm,,scalp,moderate,synthetic_llm
Got a rash on my forearm in the exact shape of the bandage I wore yesterday.,contact_dermatitis,,forearm,mild,synthetic_llm
"ring shaped rash, slightly raised edge, not painful",ringworm,,trunk,mild,synthetic_llm
itchy rash wont go away been 3 weeks only itches when im in bed,scabies,,various,moderate,synthetic_llm
yeasty smelling itchy feet and flaking skin in between toes,ringworm,,feet,moderate,synthetic_llm
"Is this scabies? Small itchy bumps between my fingers and on my wrists, worse at night.",scabies,,fingers and wrists,moderate,synthetic_llm
"Not painful at all, but I have an oily rash with fine white scale along my brows and forehead.",seborrheic_dermatitis,,eyebrows and forehead,mild,synthetic_llm
My foot skin is peeling and itchy on the sides with small blisters. It is not athletes foot as I tried the cream and nothing changed. Both feet are the same.,eczema,,feet,moderate,synthetic_llm
"rash after sunscreen, raised and itchy",hives,,arms and shoulders,mild,synthetic_llm
After my sister's wedding I noticed my cheeks looked spotty with red and brown bumps. I had used a lot of heavy makeup that week. A few pimples are sore.,acne,,cheeks,mild,synthetic_llm
"The itch is crazy but there's barely anything to see. Just a few little red dots on my wrists. It's been three weeks, mostly at night, and my partner has begun scratching as well.",scabies,,wrists,moderate,synthetic_llm
"redness and itch on both ankles, skin looks dark and thickened",eczema,,ankles,moderate,synthetic_llm
Two nights ago the itching started in the palms of my hands and it spread. By morning I had huge raised patches on my torso and my ankles were puffy. Cetirizine took the edge off but I still feel itchy.,hives,,"torso, palms and ankles",severe,synthetic_llm
Itchy bumpy rash behind my knees that gets worse at night,eczema,"itchy, bumpy rash, worse at night",behind knees,moderate,synthetic_seed
I'm a college student and my dandruff has gotten really bad during exam season. Head and shoulders helped for a week but now my scalp is red at the edges and flaking in sheets. I also notice flaking behind my ears.,seborrheic_dermatitis,,scalp and behind ears,moderate,synthetic_llm
Small itchy nodules on my groin area that appeared after the itching started,scabies,"itchy nodules, groin, secondary to itch",groin,moderate,synthetic_seed
"inflamed itchy skin on my fingertips, cracks and peeling, hurts to grip",eczema,,fingertips,severe,synthetic_llm
Red inflamed bumps on my cheeks with some pus,acne,"red bumps, inflamed, pus",cheeks,moderate,synthetic_seed
Itchy pimple like rash around my waistline and navel area,scabies,"pimple like rash, itchy",waistline and navel,moderate,synthetic_seed
"Burning, red, swollen skin on my forearm right after the herbal compress my neighbour recommended.",contact_dermatitis,,forearm,severe,synthetic_llm
skin on my ankle has a ring with tiny bumps on the edge. Not hurting at all.,ringworm,,ankle,mild,synthetic_llm
I have oily skin and small raised bumps all over my forehead,acne,"oily skin, raised bumps",forehead,mild,synthetic_seed
"The area around my belly button is red, greasy and scaly and I do not think it is from a piercing.",seborrheic_dermatitis,,navel,mild,synthetic_llm
"itchy rash on both thighs after the new painkiller, big red lumps",hives,,thighs,moderate,synthetic_llm
Flaky dry patches on my hands that bleed when the skin cracks open,eczema,"flaky, dry, bleeding cracks",hands,severe,synthetic_seed
pls help pimples on my cheeks leaving black marks,acne,,cheeks,moderate,synthetic_llm
My dad is 68 and has thick red scaly patches on his knees and lower legs that crack. He has had them on and off for decades and the creams from the drugstore stopped helping. His fingers have also been stiff in the morning lately.,psoriasis,,knees and legs,severe,synthetic_llm
Extremely dry irritated skin around my mouth that peels and stings,eczema,"dry, irritated, peeling, stinging",around mouth,moderate,synthetic_seed
why does my back break out so much after workouts?,acne,,back,mild,synthetic_llm
"Itchy hot lumps keep coming in clusters on my lower back, then flatten after a while.",hives,,lower back,moderate,synthetic_llm
Is it normal for cheeks to burn and stay red for months with no itching?,rosacea,,cheeks,moderate,synthetic_llm
"my feet have red scaly patches on the soles and the skin is thick, no itching but it hurts to walk",psoriasis,,soles of feet,moderate,synthetic_llm
rash that only itches at night,scabies,,various,moderate,synthetic_llm
"New job, long hours under bright lights in a hot office. Within weeks my cheeks and nose stayed red all day with small bumps. Coffee seems to make it worse.",rosacea,,cheeks and nose,mild,synthetic_llm
I noticed my knuckles and fingertips are losing color and turning white,vitiligo,"losing color, knuckles, fingertips",hands,moderate,synthetic_seed
blotchy itchy skin since yesterday,hives,,various,mild,synthetic_llm
"mi skin have red circle that itch on the leg, 2 weeks now",ringworm,,leg,mild,synthetic_llm
My scalp has been burning slightly and flaking for about a month. I tried a tar shampoo twice a week and it helped a little but the flakes keep returning. It's embarrassing at my new job because everyone can see them on my shoulders.,seborrheic_dermatitis,,scalp,moderate,synthetic_llm
I can see S shaped tracks under the skin on my inner wrist,scabies,"S shaped tracks, under skin",inner wrist,moderate,synthetic_seed
Persistent central face redness that looks like a butterfly pattern,rosacea,"butterfly pattern redness, persistent",central face,moderate,synthetic_seed
My skin peels and cracks on my fingertips from handling cardboard all day,contact_dermatitis,"peeling, cracking, occupational trigger",fingertips,moderate,synthetic_seed
My 5 year old keeps waking up scratching his knees and elbows. His skin is dry and a little red but no blisters. We've been using baby lotion and it's not enough.,eczema,,knees and elbows,moderate,synthetic_llm
small scratchy bumps on ankles and feet,scabies,,ankles and feet,mild,synthetic_llm
"My eyelid margins are crusty in the morning and the skin around my eyebrows is flaking. There's no pain and my vision is fine. I tried a warm washcloth which helps a bit, but the flakes in my brows keep coming back.",seborrheic_dermatitis,,eyelids and eyebrows,mild,synthetic_llm
my son's lips have a white patch in the corner,vitiligo,,lip corner,mild,synthetic_llm
"infant rash on hands and feet, scratching nonstop",scabies,,hands and feet,severe,synthetic_llm
There's a perfectly straight line of tiny blisters on my shin and it itches terribly.,contact_dermatitis,,shin,moderate,synthetic_llm
"dandruff like patch that is not shedding evenly, only one spot, and hair thin",ringworm,,scalp,mild,synthetic_llm
i m 15 and have a flaky bald patch behind my ear that my barber noticed first,ringworm,,scalp behind ear,mild,synthetic_llm
itchy red bumps on buttocks and thighs,scabies,,buttocks and thighs,moderate,synthetic_llm
rough patch of skin on knee that itches only at night,eczema,,knee,mild,synthetic_llm
My nose skin is thickening and becoming bumpy with large pores,rosacea,"thickening, bumpy, large pores",nose,severe,synthetic_seed
"Dr said I might have eczema, what cream is best for the itch",eczema,,arms,moderate,synthetic_llm
"bumps and redness on my scalp after i used a new hair dye, burning not itching",contact_dermatitis,,scalp,severe,synthetic_llm
"redness chin and cheeks, no blackheads",rosacea,,cheeks and chin,moderate,synthetic_llm
"My hands have been peeling and itching for weeks, and the cracks on my knuckles split open when I bend my fingers. I tried petroleum jelly and a steroid cream from my aunt but it only helps a little. It is hard to type or hold things.",eczema,,hands and knuckles,severe,synthetic_llm
"My skin tone looks uneven now. White patches near my eyes, on my knuckles and on my knees. Nothing hurts. I have type 1 diabetes and wonder if that is connected.",vitiligo,,"eyes, knuckles, knees",moderate,synthetic_llm
i dont sleep since monday the itching on my armpits and groin is too much,scabies,,armpits and groin,severe,synthetic_llm
itching so bad skin broke open and is stinging,eczema,,various,severe,synthetic_llm
Thin pencil mark like lines on my inner wrist with severe itching,scabies,"pencil mark lines, inner wrist, severe itch",inner wrist,moderate,synthetic_seed
My face turns very red and flushed especially in the center of my face,rosacea,"redness, flushing, central face",face center,moderate,synthetic_seed
"On my brown skin the cheeks look darker and almost purplish, and they feel warm and prickly.",rosacea,,cheeks,moderate,synthetic_llm
i get pimple every time before my period its so annoying,acne,,face,moderate,synthetic_llm
my face is always red and burns idk why,rosacea,,face,moderate,synthetic_llm
scaly stuff in my belly button and ears,psoriasis,,belly button and ears,mild,synthetic_llm
Red scaly patches in the skin folds behind my ears that come and go,seborrheic_dermatitis,"red, scaly, behind ears, intermittent",behind ears,moderate,synthetic_seed
"I am 47 and my cheeks are always warm and pink, with a few bumps near the nose. Spicy food and wine bring on intense flushing within minutes. Cold compresses help a little.",rosacea,,cheeks and nose,moderate,synthetic_llm
painful red spots on face,acne,,face,moderate,synthetic_llm
"mild itch, round rough patch near my ankle, started two weeks ago",ringworm,,ankle,mild,synthetic_llm
White depigmented spots appearing on my arms and spreading slowly,vitiligo,"white spots, depigmented, spreading",arms,moderate,synthetic_seed
Multiple whiteheads on my chin area that keep coming back,acne,"whiteheads, recurring",chin,mild,synthetic_seed
"hairline scale, thick, yellow brown crust tinged with red and kind of itchy, shampoos not working",psoriasis,,hairline,mild,synthetic_llm
crusty scalp and itchy,seborrheic_dermatitis,,scalp,moderate,synthetic_llm
"Pimples all along my neck line where my collar rubs, red and a few with pus.",acne,,neck,mild,synthetic_llm
My toddler has red scaly cheeks that get worse in dry cold weather,eczema,"red, scaly, cold weather trigger, child",cheeks,moderate,synthetic_seed
itchy rash after eating shrimp,hives,,torso,moderate,synthetic_llm
face gets super red when i eat spicy food or drink anythng hot,rosacea,,face,mild,synthetic_llm
My face burns and stings when I apply skincare products,rosacea,"burning, stinging, product sensitivity",face,moderate,synthetic_seed
pimples came back after stopping pill,acne,,face,moderate,synthetic_llm
Circular rash on my forearm with small blisters along the edge,ringworm,"circular rash, blisters on edge",forearm,moderate,synthetic_seed
peeling skin in ear canal and behind earlobe,seborrheic_dermatitis,,ears,moderate,synthetic_llm
I have flaking skin on my upper back with slight itching and greasiness,seborrheic_dermatitis,"flaking, itching, greasy, upper back",upper back,moderate,synthetic_seed
itchy rash on my back,scabies,,back,mild,synthetic_llm
My underarms have developed pale white patches on both sides,vitiligo,"pale patches, bilateral, underarms",underarms,moderate,synthetic_seed
Doctor mentioned contact dermatitis for the rash on my wrist but I'm not sure what triggered it.,contact_dermatitis,,wrist,mild,synthetic_llm
"My scalp flaking is quite mild but my beard has gotten bad, with itchy red skin and greasy scale underneath. Shaving it off makes it better in a few days. I've been told to try an anti dandruff shampoo on my face.",seborrheic_dermatitis,,beard area,moderate,synthetic_llm
"i got a white spot on my knee ever since i fell on the pavement last year and it keeps growing, scar like but not a scar",vitiligo,,knee,mild,synthetic_llm
"I'm so tired of this itch. Moisturizer, cold compress, antihistamines for sleep and I still scratch the red patches on my arms in my sleep every night.",eczema,,arms,severe,synthetic_llm
I can see thin gray lines on my skin between my fingers,scabies,"thin gray lines, burrows",between fingers,moderate,synthetic_seed
Red greasy patches on my chest in a butterfly pattern with yellow scales,seborrheic_dermatitis,"red, greasy, butterfly pattern, yellow scales",chest,moderate,synthetic_seed
loss of colour on my skin everywhere I got hurt,vitiligo,,various,moderate,synthetic_llm
my face red like tomato after hot bath everytime,rosacea,,face,mild,synthetic_llm
Honestly it looks like a red scaly patch on my wrist the size of a coin. I just got a new bracelet last week and thought it was nothing. It itches mostly at night and a cheap steroid cream from the drugstore calmed it down some.,contact_dermatitis,,wrist,mild,synthetic_llm
Itchy swollen patches on my skin that come and go within hours,hives,"itchy, swollen patches, transient",various,moderate,synthetic_seed
My partner and I both have itchy rash in the same areas on our bodies,scabies,"partner spread, matching rash areas",various,moderate,synthetic_seed
Dry red patch on my forehead that keeps flaking no matter what I do,psoriasis,"dry, red, persistent flaking",forehead,mild,synthetic_seed
Stiff sore joints along with red scaly skin patches on knees,psoriasis,"joint stiffness, scaly patches",knees,severe,synthetic_seed
"Ever since I came back from my trip, my skin has been super itchy with a bunch of small bumps on my stomach.",scabies,,abdomen,moderate,synthetic_llm
baby has a red scaly circle on cheek,ringworm,,cheek,mild,synthetic_llm
red scaly patch behind ears,seborrheic_dermatitis,,behind ears,moderate,synthetic_llm
The center of my face is red and bumpy but I never had acne as a teenager.,rosacea,,central face,moderate,synthetic_llm
hello i have rough itchy marks on my hands and my skin looks red brown on my skin tone,eczema,,hands,moderate,synthetic_llm
"There is a rash on the back of my knees, itchy and red, that showed up after the new gym shorts.",contact_dermatitis,,back of knees,mild,synthetic_llm
"My scalp patches are well defined and covered in dry white scale, and my skin around my ears is also pink.",seborrheic_dermatitis,,scalp and ears,moderate,synthetic_llm
white flakes and red skin underneath all along my part line,psoriasis,,scalp,mild,synthetic_llm
swollen bumps on jawline and neck,acne,,jawline and neck,severe,synthetic_llm
Clogged pores on my nose and chin with blackheads and some inflammation,acne,"clogged pores, blackheads, inflammation",nose and chin,moderate,synthetic_seed
Splotchy purple brown itchy marks on my shins after walking through some weeds.,contact_dermatitis,,shins,moderate,synthetic_llm
Red inflamed skin in my armpit creases that weeps and stings,eczema,"inflamed, weeping, stinging",armpit creases,moderate,synthetic_seed
"help with itchy skin plz, doctor appt is far away",eczema,,various,moderate,synthetic_llm
whiteheads on cheeks and chin,acne,,cheeks and chin,mild,synthetic_llm
"my newborn has tiny dry itchy looking bumps on her cheeks and chin, is that normal",eczema,,cheeks and chin,mild,synthetic_llm
The skin under my wedding ring has gotten red and scaly and it itches like crazy.,contact_dermatitis,,ring finger,moderate,synthetic_llm
red rough patches on baby's ankles,eczema,,ankles,mild,synthetic_llm
"My 4 month old has been fussy and scratching, and there are small blisters on both of his feet.",scabies,,feet,moderate,synthetic_llm
no pain just really itchy dry skin in my elbow creases,eczema,,elbow creases,mild,synthetic_llm
Lots of tiny bumps on my nose with visible pores,acne,"tiny bumps, visible pores",nose,mild,synthetic_seed
Round ring shaped itchy lesion on my leg from a gym shower floor,ringworm,"ring shaped, gym shower contact",leg,moderate,synthetic_seed
"raised blotches on arms and legs, itchy",hives,,arms and legs,moderate,synthetic_llm
why does my scalp have thick crusty plaques that bleed a little when I pick the scales?,psoriasis,,scalp,moderate,synthetic_llm
"no pain, just an itchy red patch on my neck right where the clasp of my necklace was",contact_dermatitis,,neck,mild,synthetic_llm
"Face stings whenever I put on any lotion, even the baby kind, and my cheeks stay red.",rosacea,,face,moderate,synthetic_llm
Acne scarring and new breakouts appearing at the same time on my cheeks,acne,"scarring, active breakouts",cheeks,moderate,synthetic_seed
"my ears peel inside and behind them, been like this for months",seborrheic_dermatitis,,ears,mild,synthetic_llm
My 13 year old son suddenly has lots of pimples on his nose and forehead.,acne,,nose and forehead,moderate,synthetic_llm
theres this weird red mark on my arm with really sharp edges and it itches,contact_dermatitis,,arm,mild,synthetic_llm
"Almost my whole body is covered in red patches with scale, it has spread fast since last month and I feel feverish and chilly.",psoriasis,,widespread,severe,synthetic_llm
got a zit under my skin that just hurts dont come out,acne,,various,moderate,synthetic_llm
"The bumps on my forehead look like tiny skin colored dots, a bit rough, tons of them. They started after using heavy oil based hair serum. I'm 22.",acne,,forehead,mild,synthetic_llm
"hip and lower back have sharply bordered red plaques with fine flaky scale, nothing like eczema because they aren't weepy",psoriasis,,hip and lower back,moderate,synthetic_llm
Lately white spots are showing up on my hands and I am a mechanic so my hands are always rubbing on things. It does not itch or hurt. I read that friction can make it worse and now I do not know if I should switch jobs.,vitiligo,,hands,moderate,synthetic_llm
Is facial flushing together with gritty eyes related to the same skin problem?,rosacea,,face and eyes,moderate,synthetic_llm
Large itchy wheals on my arms that appeared after a wasp sting nearby,hives,"wheals, wasp sting trigger",arms,moderate,synthetic_seed
"skin on my scalp itching burning and flaking, I tried tea tree oil and anti dandruff shampoo for months",psoriasis,,scalp,moderate,synthetic_llm
rash on my arms that itches,scabies,,arms,mild,synthetic_llm
doc said maybe rosacea not acne but my cheeks red with bumps what to do,rosacea,,cheeks,moderate,synthetic_llm
The skin under my glasses and on the side of my nose looks greasy and flaky with purplish redness since I have darker skin. I tried a drugstore acne wash and it only got drier and peeled more.,seborrheic_dermatitis,,nose and cheeks,mild,synthetic_llm
My teenager came home with a blistery rash on his legs after a school trip to the woods. He says it started itching about a day later. We put an anti itch cream on it but it keeps spreading a little.,contact_dermatitis,,legs,severe,synthetic_llm
Circular dry patches on my cheeks that feel rough and scaly,eczema,"circular dry patches, rough, scaly",cheeks,mild,synthetic_seed
hv blackheads on nose really bad,acne,,nose,mild,synthetic_llm
"my skin gets rashy and itchy in the same spots over and over, mostly arms and neck",eczema,,arms and neck,moderate,synthetic_llm
"Our baby is 7 months old and has red bumps on his palms and soles, and he screams and rubs his hands at night. We tried diaper cream and baby lotion. Pediatrician appointment is not till Thursday and we are all on edge.",scabies,,palms and soles,severe,synthetic_llm
dry skin on face that won't heal with lotion,seborrheic_dermatitis,,face,mild,synthetic_llm
"It's a circular itchy patch about the size of a coin on my wrist, and after applying clotrimazole for ten days it started clearing. Just wondering if I should keep going.",ringworm,,wrist,mild,synthetic_llm
Itchy red rash on my hands that gets worse when I wash dishes,eczema,"itchy, red, worsens with water",hands,moderate,synthetic_seed
itchy bumps and flakes scalp edge,seborrheic_dermatitis,,scalp edge,moderate,synthetic_llm
skin around my nipples is dry itchy and cracked,eczema,,chest,mild,synthetic_llm
"itching between toes better after antifungal, back again when stopped",ringworm,,between toes,mild,synthetic_llm
"itching since the camping trip, nothing helps",scabies,,various,moderate,synthetic_llm
what is the itchy ring on my kid's leg? we have chickens at home,ringworm,,leg,mild,synthetic_llm
"Large dark brown scaly patches on my back, I have brown skin and they look almost ashy on top.",psoriasis,,back,moderate,synthetic_llm
There are small tunnel-like marks near my fingers and my skin itches the most after midnight.,scabies,,fingers,moderate,synthetic_llm
cystic bumps jaw hurts to touch,acne,,jaw,severe,synthetic_llm
"my skin is itching very much in night time, small small pimples on hand and stomach",scabies,,hand and stomach,moderate,synthetic_llm
popped pimple left dark mark,acne,,cheek,mild,synthetic_llm
so many scratch marks on my legs from itching in my sleep,eczema,,legs,moderate,synthetic_llm
"My elderly mother was in rehab for a few weeks. Since coming home, she has had a very itchy rash on her back and stomach with some crusting on her hands. Two of her caregivers also noticed itchy spots.",scabies,,"back, stomach and hands",severe,synthetic_llm
The patches near my nose are so red and scaly that coworkers keep asking if I am sunburned.,seborrheic_dermatitis,,nose folds,mild,synthetic_llm
Burning red skin on my face after applying sunscreen I never used before,contact_dermatitis,"burning, red, sunscreen trigger",face,moderate,synthetic_seed
For about six months my cheeks have had pink to red coloring with small red bumps. It is not itchy. Anything with fragrance triggers a flush.,rosacea,,cheeks,mild,synthetic_llm
A few hours after weeding the garden I got streaky itchy bumps all over my legs.,contact_dermatitis,,legs,moderate,synthetic_llm
red rash on my cheeks no itch just burn,rosacea,,cheeks,moderate,synthetic_llm
cheeks always red and flushed,rosacea,,cheeks,mild,synthetic_llm
swimmers in my family all have itchy peeling feet,ringworm,,feet,mild,synthetic_llm
"After I started a new night shift, my face got these red patches next to my nose and across my eyebrows with greasy flakes. I figured it was dry skin so I put on heavy moisturizer, which made it more shiny and flaky somehow. Please advise.",seborrheic_dermatitis,,nose and eyebrows,moderate,synthetic_llm
My whole body got covered in itchy raised welts about an hour after I ate at a seafood place last night.,hives,,various,severe,synthetic_llm
"ever since I got laid off I have these chunky red scaly spots on my legs, and I scratch until they bleed",psoriasis,,legs,moderate,synthetic_llm
"I'm 62 and the creases on my face are red and scaly, mainly around my nose and in my eyebrows, and it's been months.",seborrheic_dermatitis,,face,moderate,synthetic_llm
My skin swells into large puffy wheals that itch intensely,hives,"swelling, puffy wheals, intense itch",various,severe,synthetic_seed
"The skin on my back has these angry red bumps, some with pus, and they hurt against my shirt.",acne,,back,moderate,synthetic_llm
Rough textured bumpy skin on my cheeks that never fully clears up,acne,"bumpy texture, persistent",cheeks,moderate,synthetic_seed
Pimples appear on my shoulders mostly when I wear my backpack straps for long days.,acne,,shoulders,mild,synthetic_llm
I noticed nodules deep in my skin on the cheeks that never come to a head and last for weeks. Concealer can't hide them and they hurt when I smile.,acne,,cheeks,severe,synthetic_llm
red circle on my back that i cant see but my girlfriend noticed it,ringworm,,back,mild,synthetic_llm
blackheads all over my nose,acne,,nose,mild,synthetic_llm
Red bumpy rash on my eyelids that makes them feel dry and irritated,eczema,"red, bumpy, dry eyelids",eyelids,moderate,synthetic_seed
pus filled spots on back,acne,,back,moderate,synthetic_llm
Is there a reason my cheeks flush bright red whenever I eat spicy food?,rosacea,,cheeks,mild,synthetic_llm
"tiny bumps on my fingers and now spreading to waist, no pain just so itchy",scabies,,fingers and waist,moderate,synthetic_llm
"Fine scaling on the sides of my nose that looks like dry skin, but moisturizer does not touch it.",seborrheic_dermatitis,,nose folds,mild,synthetic_llm
"The itching hits right when I get under the covers, mostly on the soft skin of my wrists and thighs.",scabies,,wrists and thighs,moderate,synthetic_llm
"scalp patch is swollen and oozing and hair coming out in clumps, kid has swollen glands in neck",ringworm,,scalp,severe,synthetic_llm
My 12 year old daughter has blackheads and small bumps on her nose and forehead. She is just starting puberty. Should we do anything or just wait it out.,acne,,nose and forehead,mild,synthetic_llm
"My cheeks are breaking out in red bumps, dont know if its pimples or something else.",acne,,cheeks,mild,synthetic_llm
Is it normal for bumps to show up for two hours and then just disappear? I am 24 and they itch a lot.,hives,,arms and legs,mild,synthetic_llm
Hives on my legs and torso that get worse when I scratch them,hives,"hives, worse with scratching",legs and torso,moderate,synthetic_seed
"Face looks bumpy and uneven with some red spots and some blackheads, nothing seems to help.",acne,,face,mild,synthetic_llm
pimples on hairline from hair oil,acne,,hairline,mild,synthetic_llm
face red after eating hot tomato soup,rosacea,,face,mild,synthetic_llm
could stress be the reason my eyebrows are flaking and my dandruff got worse?,seborrheic_dermatitis,,eyebrows and scalp,mild,synthetic_llm
Raised red patches with irregular borders on my chest and back,hives,"raised patches, irregular borders",chest and back,moderate,synthetic_seed
Thickened skin on the backs of my hands from chronic scratching,eczema,"thickened, chronic scratching",backs of hands,severe,synthetic_seed
White flaky patches on my eyebrows that look like dandruff but thicker,psoriasis,"white flaky, thick, eyebrows",eyebrows,mild,synthetic_seed
Tiny red bumps in a line on my hands that itch terribly at night,scabies,"red bumps, linear, night itch",hands,moderate,synthetic_seed
Patches of swelling on my hands and feet that itch and fade within hours,hives,,hands and feet,moderate,synthetic_llm
skin near nose is red and peeling i use cream but it comes back every week,seborrheic_dermatitis,,nose folds,mild,synthetic_llm
"Pimples on my arms and back after workouts, not too many but they keep coming.",acne,,back and arms,mild,synthetic_llm
Is it normal to have pimples on my buttocks?,acne,,buttocks,mild,synthetic_llm
ive got what looks like a coin shaped itchy patch on my hip,ringworm,,hip,mild,synthetic_llm
red rash tops of my hands and wrists after using strong cleaner,contact_dermatitis,,hands and wrists,moderate,synthetic_llm
Crusty sores from scratching the intensely itchy bumps between my fingers,scabies,"crusty sores, scratching, intense itch",between fingers,severe,synthetic_seed
"It feels like nettles brushed my entire torso, burning and itchy with raised streaks.",hives,,torso,moderate,synthetic_llm
"pregnant 6 months and noticed an itchy ring on my belly, not sure what cream is safe",ringworm,,abdomen,mild,synthetic_llm
For about a month now my armpits and the creases of my elbows itch like crazy and nothing I put on it helps.,scabies,,armpits and elbows,moderate,synthetic_llm
bumps on my chin that look like pimples but huge,acne,,chin,moderate,synthetic_llm
Entire family scratching with tiny bumps between fingers and on wrists,scabies,"family outbreak, tiny bumps, fingers wrists",fingers and wrists,moderate,synthetic_seed
spots that keep moving around my body,hives,,various,moderate,synthetic_llm
inside of my knees has been red and rough since last week,eczema,,inside knees,mild,synthetic_llm
"We stayed at a cheap motel last month. Since then my husband and I have been itching around our waists and wrists. Our son has a rash on his palms too. We washed all the bedding twice, though the itch persists.",scabies,,"waist, wrists and palms",moderate,synthetic_llm
"My husband and I both have an itchy rash around the waist and wrists, which is odd since nothing changed in our routine.",scabies,,waist and wrists,moderate,synthetic_llm
red dots on thighs that itch nonstop,scabies,,thighs,moderate,synthetic_llm
Got a huge painful lump on my jawline that has been there for two weeks now.,acne,,jawline,moderate,synthetic_llm
Spots on my back and chest that itch after wearing the new polyester shirt.,contact_dermatitis,,back and chest,mild,synthetic_llm
red spots on cheeks and chin,acne,,cheeks and chin,mild,synthetic_llm
dry cracked skin on both palms,eczema,,palms,moderate,synthetic_llm
"upper chest scaly pink rings, greasy",seborrheic_dermatitis,,chest,mild,synthetic_llm
"scalp patches with oily yellow scales, kids stare at me",seborrheic_dermatitis,,scalp,moderate,synthetic_llm
"patches on the back of my hands that are dry and rough with a reddish tone, they've been there for a decade",psoriasis,,back of hands,mild,synthetic_llm
ugh so itchy fresh welts on my legs again today,hives,,legs,moderate,synthetic_llm
been dealing with jock itch for 3 months and powder isnt helping at all. It spreads down my thigh in a half moon and the edge is red and scaly. Its embarrassing at the gym.,ringworm,,groin and thigh,moderate,synthetic_llm
white patch on neck not itchy,vitiligo,,neck,mild,synthetic_llm
Depigmented patches on my knuckles and finger joints on both hands,vitiligo,"depigmented, knuckles, bilateral",knuckles,moderate,synthetic_seed
"Greasy scaly patch on the sternum, very mild itch, been there on and off for years.",seborrheic_dermatitis,,chest,mild,synthetic_llm
Pressure hives forming on my waist where my belt sits tight,hives,"pressure hives, belt trigger",waist,mild,synthetic_seed
Completely white patch on my ankle that has been there for a year,vitiligo,"completely white, stable patch",ankle,moderate,synthetic_seed
"swollen itchy patch on my calf, gone by dinner, back again next morning",hives,,calf,mild,synthetic_llm
tiny blisters on the sides of my fingers after washing dishes,contact_dermatitis,,fingers,moderate,synthetic_llm
pimple scar marks on face very dark idk,acne,,face,mild,synthetic_llm
"crusty baby scalp, oil helps a bit",seborrheic_dermatitis,,scalp,mild,synthetic_llm
Itchy red rash on my neck from a new perfume I started wearing,contact_dermatitis,"itchy, red, perfume trigger",neck,mild,synthetic_seed
"What is this round red thing on my leg that has a clear middle? Not painful, just itches.",ringworm,,leg,mild,synthetic_llm
whole house has an itchy rash,scabies,,various,moderate,synthetic_llm
These spots on my face leave purplish marks on my dark skin after they heal.,acne,,face,moderate,synthetic_llm
"rash from cheap hoops, ears are crusty",contact_dermatitis,,ears,moderate,synthetic_llm
"itchy red rash around my elbow that i keep scratching at night, it's dry and thick now",eczema,,elbow,moderate,synthetic_llm
why wont this one painful bump on my cheek go away?,acne,,cheek,moderate,synthetic_llm
I have greasy dandruff and my eyebrows are starting to flake too.,seborrheic_dermatitis,,scalp and eyebrows,mild,synthetic_llm
dry irritated eyes with red face,rosacea,,eyes and face,moderate,synthetic_llm
light patch on my skin that is not red or raised,vitiligo,,various,mild,synthetic_llm
sore lumps on cheeks and jaw no itch,acne,,cheeks and jaw,severe,synthetic_llm
"Started getting itchy on my hands, now it's spread to my belly and legs and I'm barely sleeping.",scabies,,"hands, belly and legs",severe,synthetic_llm
Lots of small bumps under the skin on my forehead called fungal acne,acne,"small bumps, uniform, under skin",forehead,mild,synthetic_seed
my doctor said seborrheic dermatitis for my face flakes but nothing is helping,seborrheic_dermatitis,,face,moderate,synthetic_llm
White spots on my wrists that have merged into larger patches over time,vitiligo,"white spots, merging, progressive",wrists,moderate,synthetic_seed
Is this normal? Both my cheeks went red and itchy after using my cousin's makeup brushes.,contact_dermatitis,,cheeks,mild,synthetic_llm
"bumps that make a ring on my leg, they dont hurt",ringworm,,leg,mild,synthetic_llm
"scaly red patches on my arms and I also get asthma, wondering if related",eczema,,arms,moderate,synthetic_llm
the itch is killing me hands wrists and butt cheeks omg,scabies,,"hands, wrists and buttocks",severe,synthetic_llm
"white scaly patches on scalp, dark skin",seborrheic_dermatitis,,scalp,moderate,synthetic_llm
I have small pimples on my face with oily skin,acne,"pimples, oily skin",face,mild,synthetic_seed
"Bright red cracked patches on my hands from sanitizer, doctor said stop using it so much.",contact_dermatitis,,hands,moderate,synthetic_llm
"scaly plaques on my scalp and a few on my elbows, they started after my divorce and haven't stopped",psoriasis,,scalp and elbows,moderate,synthetic_llm
"red itchy skin on my legs, with some flaking, been about a month",psoriasis,,legs,mild,synthetic_llm
My daughter's hands are covered in scratch marks and little red bumps and she cries at bedtime from the itch.,scabies,,hands,moderate,synthetic_llm
new pimples every week cant stop,acne,,face,moderate,synthetic_llm
sore red rash between toes after wearing wet sneakers all week at a festival,ringworm,,between toes,moderate,synthetic_llm
"It looks like a rash but I'm not sure what kind, it's on my legs and belly and the itch is bad at night.",scabies,,legs and belly,moderate,synthetic_llm
my skin is so itchy i cant concentrate at work,eczema,,arms,moderate,synthetic_llm
Greasy yellowish crust buildup on my scalp near the ears,seborrheic_dermatitis,"greasy crust, yellowish, near ears",scalp near ears,moderate,synthetic_seed
I have had flaky itchy skin on my scalp for ages and now there are patches on my face too.,seborrheic_dermatitis,,scalp and face,moderate,synthetic_llm
thick silvery scales on my elbows,psoriasis,,elbows,moderate,synthetic_llm
bald scaly circle on head of toddler,ringworm,,scalp,moderate,synthetic_llm
Large red itchy patches appeared on my stomach within an hour of eating eggs,hives,"large patches, egg allergy trigger",stomach,moderate,synthetic_seed
I'm 29 and pregnant and my face went red and flushed during the second trimester. There are a few bumps on my cheeks and everything stings. I am scared to use anything strong.,rosacea,,cheeks,mild,synthetic_llm
White patches under my armpits that are gradually expanding outward,vitiligo,"white patches, armpits, expanding",underarms,moderate,synthetic_seed
Heavy white dandruff falling on my shoulders no matter how often I wash,seborrheic_dermatitis,"heavy dandruff, persistent, white flakes",scalp and shoulders,moderate,synthetic_seed
Extremely itchy rash in the creases of my knees and elbows at night,eczema,"itchy, crease areas, nighttime",knee and elbow creases,moderate,synthetic_seed
itchy rash that comes and goes for 3 weeks,hives,,various,moderate,synthetic_llm
Painful stinging rash on both hands since I used the oven cleaner without gloves.,contact_dermatitis,,hands,severe,synthetic_llm
rash on scalp line and forehead after shampoo,contact_dermatitis,,forehead,mild,synthetic_llm
"Little red bumps appeared on my buttocks about two weeks ago and keep itching nonstop, so I sit uncomfortably at work.",scabies,,buttocks,moderate,synthetic_llm
Greasy looking scales on my forehead just above the eyebrows,seborrheic_dermatitis,"greasy scales, forehead",above eyebrows,mild,synthetic_seed
There are red spots across my shoulders and upper back that get worse when I sweat.,acne,,back and shoulders,moderate,synthetic_llm
Cheeks stay flushed in the evenings and feel warm like I have a fever but I do not.,rosacea,,cheeks,mild,synthetic_llm
"skin discoloration, lighter than normal skin",vitiligo,,various,mild,synthetic_llm
inner thigh and groin skin dry and itchy but no ring shape,eczema,,inner thigh,mild,synthetic_llm
skin looks bleached in patches on my black skin and I feel like it spreads whenever I get stressed,vitiligo,,various,moderate,synthetic_llm
tight itchy swelling in hands after cold water,hives,,hands,moderate,synthetic_llm
"red skin patches that arent wet or oozing, just dry and scaly with sharp borders",psoriasis,,various,moderate,synthetic_llm
breakouts after starting new foundation,acne,,face,mild,synthetic_llm
why is the circle on my shoulder getting bigger but clearing in the center?,ringworm,,shoulder,mild,synthetic_llm
"Raised itchy welts appeared under my waistband where my jeans press, and they are not scaly at all.",hives,,waist and hips,mild,synthetic_llm
I have a large white patch on my thigh that appeared six months ago,vitiligo,"large white patch, six month duration",thigh,moderate,synthetic_seed
white flakes on shoulders of my black shirt,seborrheic_dermatitis,,scalp,mild,synthetic_llm
I caught a skin infection from the gym with a circular red rash,ringworm,"circular rash, gym contact",various,moderate,synthetic_seed
omg another giant zit on my nose rn,acne,,nose,mild,synthetic_llm
"Awful breakouts across both cheeks, some are nodules the size of a pea.",acne,,cheeks,severe,synthetic_llm
My knuckles have thick scaly red bumps and the skin cracks when I make a fist. My joints also ache a bit.,psoriasis,,knuckles,moderate,synthetic_llm
The skin on my hands is raw between the fingers since the baby came and I'm washing and sanitizing constantly.,contact_dermatitis,,hands,moderate,synthetic_llm
"itching gets worse after a hot shower, mostly wrists",scabies,,wrists,mild,synthetic_llm
"The skin along my nose has been scaly and red for almost a year, getting worse in winter and better in summer. I tried hydrocortisone from the pharmacy and it clears up for a bit then flares again. It does not itch much, it's more that it looks dirty and flaky.",seborrheic_dermatitis,,nose folds,mild,synthetic_llm
"red scaly bits on my face near my nose and eyebrows, not greasy, I have darker skin so they look brownish",psoriasis,,face,mild,synthetic_llm
lost colour in a patch under my breast,vitiligo,,under breast,mild,synthetic_llm
oily scalp with yellow scale,seborrheic_dermatitis,,scalp,moderate,synthetic_llm
Itchy red ring on my wrist that spreads in warm humid weather,ringworm,"red ring, warm weather spread",wrist,moderate,synthetic_seed
Itchy rash in my groin folds that has a distinct ring pattern,ringworm,"itchy, ring pattern, groin",groin folds,moderate,synthetic_seed
face rash red flakes at eyebrows and sides of nose pls what is it,seborrheic_dermatitis,,eyebrows and nose,mild,synthetic_llm
"red dots in line on my wrist, itchy af",scabies,,wrist,moderate,synthetic_llm
Chest acne with red bumps and occasional whiteheads,acne,"red bumps, whiteheads",chest,moderate,synthetic_seed
"a rash showed up on my neck, just red and itchy",contact_dermatitis,,neck,mild,synthetic_llm
constant itch on ankles and waist,scabies,,ankles and waist,moderate,synthetic_llm
why do my elbows get red and itchy but only on the inside?,eczema,,inner elbows,mild,synthetic_llm
Itchy blisters on my feet from new shoes,contact_dermatitis,"itchy blisters, footwear trigger",feet,moderate,synthetic_seed
Puffy purple-brown patches on my arms that are really itchy but disappear and return elsewhere.,hives,,arms,moderate,synthetic_llm
Little red veins have appeared across my nose and they are not going away.,rosacea,,nose,mild,synthetic_llm
"Skin on both palms is dark and cracked, itching but not painful.",contact_dermatitis,,palms,mild,synthetic_llm
My scalp is very flaky with yellowish greasy scales,seborrheic_dermatitis,"flaky scalp, yellowish scales, greasy",scalp,moderate,synthetic_seed
"First one showed on my elbow, then one on my other elbow, then my ankles. Always both sides, always white and smooth. I feel nothing there at all. My aunt has the same.",vitiligo,,elbows and ankles,moderate,synthetic_llm
red spots face,rosacea,,face,mild,synthetic_llm
"my body itch and have big bump all over, is this allergy?",hives,,various,moderate,synthetic_llm
cant sleep bc the itching and the welts are everywhere,hives,,various,severe,synthetic_llm
My skin has raised bumps that turn white when I press them,hives,"raised bumps, blanching",various,moderate,synthetic_seed
Greasy scales on my chest with slight redness underneath,seborrheic_dermatitis,"greasy scales, redness",chest,moderate,synthetic_seed
scratchy patch on my inner thigh from new swim trunks,contact_dermatitis,,inner thigh,mild,synthetic_llm
Intense itch between my toes and on my wrists with tiny blisters,scabies,"intense itch, blisters",toes and wrists,moderate,synthetic_seed
pale patches on my lower legs that sunburn but never tan,vitiligo,,lower legs,mild,synthetic_llm
"been using steroid cream for years on my elbow plaques. when I stopped for a week the patches returned bigger and now they are spreading to my forearm and back. Skin is dry, thick, silvery",psoriasis,,elbows forearm and back,moderate,synthetic_llm
"bright red inflamed skin with fine scale head to toe, hot and peeling",psoriasis,,widespread,severe,synthetic_llm
skin looks red and swollen in spots,hives,,various,mild,synthetic_llm
Red rashy patches on my baby's cheeks that ooze sometimes,eczema,"red rash, oozing",cheeks,moderate,synthetic_seed
pimple on red face everytime i go in sun,rosacea,,face,moderate,synthetic_llm
dry itchy skin on my shoulders and upper back after the gym,eczema,,shoulders and upper back,mild,synthetic_llm
Red angry pimples around my mouth that are swollen and tender,acne,"red pimples, swollen, tender",around mouth,moderate,synthetic_seed
"The welts follow wherever I scratch, so my arms look like they have pink tracks drawn on them.",hives,,arms,mild,synthetic_llm
"I get a weepy itchy rash in the same elbow spots whenever I eat eggs, even though my allergy test was normal",eczema,,elbows,moderate,synthetic_llm
My legs have very dry ashy patches that crack and become painful,eczema,"dry, ashy, cracking, painful",legs,moderate,synthetic_seed
red rash,psoriasis,,various,mild,synthetic_llm
my feet blister and peel on the arch and itch like crazy in summer,ringworm,,feet,moderate,synthetic_llm
dry itch,eczema,,various,mild,synthetic_llm
"bumps all over, itching worse in bed",scabies,,various,moderate,synthetic_llm
i have flakes on my brows and it look like dandruff but on my face,seborrheic_dermatitis,,eyebrows,mild,synthetic_llm
"Dandruff is now spreading from my scalp down to my forehead and eyebrows, and it keeps flaking off.",seborrheic_dermatitis,,scalp and forehead,moderate,synthetic_llm
"scalp lump soft and swollen with hair loss, kid is 7 and has a fever, had scaly patch two weeks earlier",ringworm,,scalp,severe,synthetic_llm
swollen finger like a sausage plus red scaly skin on my elbows,psoriasis,,finger and elbows,moderate,synthetic_llm
My scalp has very thick white buildup that comes off in big flakes,psoriasis,"thick buildup, big flakes",scalp,moderate,synthetic_seed
"my feet are itchy red and swollen after wearing my new boots, only where the leather touches",contact_dermatitis,,feet,moderate,synthetic_llm
My skin breaks out in a patchy dry itchy rash on my neck and chest whenever I get a cold or have a bad week at work. It fades after a few days of moisturizing but I worry it is going to keep coming back.,eczema,,neck and chest,mild,synthetic_llm
too much sweat and now my groin is itchy red with a defined border,ringworm,,groin,moderate,synthetic_llm
just a bleached looking patch above my lip,vitiligo,,above lip,mild,synthetic_llm
My underarms are red and sore ever since I switched to a scented antiperspirant.,contact_dermatitis,,underarms,moderate,synthetic_llm
itchy skin and swollen spots after taking amoxicillin,hives,,various,moderate,synthetic_llm
I developed hives on my hands and forearms after touching a cat,hives,"hives, cat contact trigger",hands and forearms,moderate,synthetic_seed
"my kid has an itchy scaly rash on her scalp, face and hands",eczema,,"scalp, face and hands",moderate,synthetic_llm
just an itchy spot on my chin that is slowly getting circular,ringworm,,chin,mild,synthetic_llm
Widespread silvery scales covering large parts of my legs and arms,psoriasis,"widespread, silvery scales",legs and arms,severe,synthetic_seed
"Strange swollen bumps on my back that look like pale pink blobs, and the itch comes in waves",hives,,back,moderate,synthetic_llm
Fingers are red and itchy but only the ones that touch the new phone case.,contact_dermatitis,,fingers,mild,synthetic_llm
My hands got so dry and cracked this winter that they bleed when I open my fingers. I use a thick cream but still wake up scratching. Do you think it's from washing so much?,eczema,,hands,severe,synthetic_llm
the skin on my upper lip went from brown to pink then to white,vitiligo,,upper lip,moderate,synthetic_llm
white patches both knees symmetrical,vitiligo,,knees,mild,synthetic_llm
We live on a farm and I have several round itchy patches on my hands and forearms after helping with calves. Some of them are crusty. I've been washing a lot but they keep multiplying.,ringworm,,hands and forearms,moderate,synthetic_llm
My forehead and nose bridge are always pink with visible tiny capillaries,rosacea,"persistent pink, visible capillaries",forehead and nose,moderate,synthetic_seed
"The itchy areas on my body don't really blister or ooze, just small bumps and scabs from scratching, mainly around the waist.",scabies,,waist,moderate,synthetic_llm
"ear canal itchy and flaky, q tips make it worse",seborrheic_dermatitis,,ears,mild,synthetic_llm
stinging face when i use moisturizer,rosacea,,face,mild,synthetic_llm
itchy skin ring shapes on my back and no one can see them but my wife says there are three,ringworm,,back,mild,synthetic_llm
itchy flaky scalp since march,seborrheic_dermatitis,,scalp,mild,synthetic_llm
why is the skin on my face peeling only in the center and not on cheeks?,seborrheic_dermatitis,,central face,mild,synthetic_llm
red rash spreads from armpit onto chest,ringworm,,armpit and chest,moderate,synthetic_llm
"red bumpy ring on my cheek, kids at school have same",ringworm,,cheek,mild,synthetic_llm
persistent redness center of face,rosacea,,central face,moderate,synthetic_llm
is it normal for my baby's scalp to look like it has thick yellow scales?,seborrheic_dermatitis,,scalp,mild,synthetic_llm
Multiple circular red patches on my stomach with flaky borders,ringworm,"multiple circular patches, flaky borders",stomach,moderate,synthetic_seed
"Seventy year old grandmother, red nose and cheeks, tiny veins and a little puffiness. She says it does not itch but burns in the sun. She has tried a few lotions.",rosacea,,cheeks and nose,moderate,synthetic_llm
My scalp has a bald patch with scaly red border,ringworm,"bald patch, scaly border",scalp,moderate,synthetic_seed
white patches on legs again after they got sunburned,vitiligo,,legs,mild,synthetic_llm
light patches on chest spreading,vitiligo,,chest,moderate,synthetic_llm
is it from stress that my elbows have thick red scales and my nails are pitted,psoriasis,,elbows and nails,mild,synthetic_llm
I have raised itchy welts across my back that started two hours after taking aspirin.,hives,,back,severe,synthetic_llm
spots on chest and upper back,acne,,chest and back,moderate,synthetic_llm
"spots that look like red drops sprinkled over my thighs, I'm 14 and had tonsillitis last month",psoriasis,,thighs,mild,synthetic_llm
hives all over my back since last night,hives,,back,severe,synthetic_llm
"Small crusty patches on my hands and elbows that itch terribly, and my mom in the care home has the same.",scabies,,hands and elbows,severe,synthetic_llm
My roommate was told she has scabies and I now have the same itchy bumps on my wrists and stomach.,scabies,,wrists and stomach,moderate,synthetic_llm
"tight itchy skin after soap, looks pink",eczema,,various,mild,synthetic_llm
My face has a butterfly shaped flaky red area across the nose and cheeks that does not sting.,seborrheic_dermatitis,,nose and cheeks,mild,synthetic_llm
light spot growing on my cheek,vitiligo,,cheek,mild,synthetic_llm
oily face breakouts teenager,acne,,face,moderate,synthetic_llm
Skin around my mouth is breaking out with small red pimples after I started a new lip balm.,acne,,around mouth,mild,synthetic_llm
"scale all over my scalp thick like cement, hair loss in the patches but it grows back when it clears",psoriasis,,scalp,severe,synthetic_llm
"My mother is 78 and has had raised itchy blotches on her back and sides for a week. She started a new heart medication ten days ago. Her skin is not dry or flaky, just puffy welts that move.",hives,,back and sides,moderate,synthetic_llm
"I am 32 weeks pregnant and started getting very itchy raised patches on my belly and thighs last week. Calamine lotion helps a little but the welts keep moving around, and I cannot sleep at night.",hives,,belly and thighs,moderate,synthetic_llm
swollen red bumps on neck and chest,hives,,neck and chest,moderate,synthetic_llm
"feet smell and peel, between toes is raw",ringworm,,feet,moderate,synthetic_llm
tinea corporis on my chest,ringworm,,chest,mild,synthetic_llm
My cheeks have a network of tiny broken blood vessels visible under skin,rosacea,"broken blood vessels, network",cheeks,moderate,synthetic_seed
scalp rash,psoriasis,,scalp,mild,synthetic_llm
Dry flaky patches on my eyelids that are red and irritated,eczema,"dry, flaky, red, irritated",eyelids,moderate,synthetic_seed
whitish smooth patches on my buttocks,vitiligo,,buttocks,mild,synthetic_llm
"The tops of my feet are red, itchy and swollen after wearing the new sandals all day.",contact_dermatitis,,tops of feet,moderate,synthetic_llm
rash on thigh where keys sit in my pocket,contact_dermatitis,,thigh,mild,synthetic_llm
Small red dots all over my body appeared after strep throat,psoriasis,"small red dots, post strep",whole body,moderate,synthetic_seed
Is it a fungus if the rash has a ring and my cream with steroid made it look less red but bigger?,ringworm,,various,moderate,synthetic_llm
I got a rash on my stomach that looks like several raised pink islands and it itches terribly.,hives,,stomach,moderate,synthetic_llm
sudden itchy rash and swollen lip,hives,,lips and torso,severe,synthetic_llm
"white patches that look shiny or smooth, on my hands and wrists",vitiligo,,hands and wrists,moderate,synthetic_llm
red bumpy rash on my forehead where my new hat sweatband sits,contact_dermatitis,,forehead,mild,synthetic_llm
"My baby is fine but my skin is not. Since the birth my face has gotten red, flushed, and bumpy over the nose and cheeks, and sleeping badly seems to trigger it.",rosacea,,cheeks and nose,moderate,synthetic_llm
seborrhoeic dermatitis on my scalp after lockdown stress,seborrheic_dermatitis,,scalp,moderate,synthetic_llm
patchy white skin on fingers,vitiligo,,fingers,moderate,synthetic_llm
My dandruff doesn't itch at all but the flakes are large and oily and fall on my collar. Some days my scalp is slightly pink along the part line. Is that enough to be a concern or just normal dandruff?,seborrheic_dermatitis,,scalp,mild,synthetic_llm
My teenage son has flakes in his eyebrows and along his hairline that never seem to go away.,seborrheic_dermatitis,,eyebrows and hairline,mild,synthetic_llm
"red patches in elbow and knee folds, usually flare in cold weather",eczema,,elbow and knee folds,moderate,synthetic_llm
Pregnant in my second trimester and my face suddenly broke out with lots of red bumps along my chin. I'm scared to use anything strong. It's making me feel awful.,acne,,chin,moderate,synthetic_llm
gray patch with hair stumps on scalp,ringworm,,scalp,moderate,synthetic_llm
"I'm a nurse and wash my hands constantly, and the backs of my hands now have well-edged red scaly plaques that don't look like normal dryness. Moisturizer and gloves haven't done much. It's affecting how I grip things.",psoriasis,,hands,moderate,synthetic_llm
My skin gets bumpy and breaks out after wearing a face mask all day,acne,"breakout, mask trigger",face,moderate,synthetic_seed
face hot and red in sun,rosacea,,face,mild,synthetic_llm
white splotches on face dont hurt,vitiligo,,face,mild,synthetic_llm
dry patches on my knuckles that keep getting worse,eczema,,knuckles,mild,synthetic_llm
pimples between eyebrows,acne,,between eyebrows,mild,synthetic_llm
Several whiteheads on my forehead and a couple of tender ones near my mouth.,acne,,forehead and mouth,mild,synthetic_llm
red patches on my knees that sting when I put on lotion and the surface looks like frosted glass,psoriasis,,knees,mild,synthetic_llm
The bumps on my arms get bigger when I scratch and the itch is worse at night.,hives,,arms,moderate,synthetic_llm
"my face skin is gradually turning white, it is fine to touch, no scale",vitiligo,,face,severe,synthetic_llm
"me scalp is full of white flake and itch, tried lemon but still",seborrheic_dermatitis,,scalp,moderate,synthetic_llm
My skin around both eyes has become noticeably lighter than the rest of my face,vitiligo,"lighter skin, around eyes, bilateral",around eyes,moderate,synthetic_seed
skin pigment gone in streaks on arms,vitiligo,,arms,moderate,synthetic_llm
my elbows my knees and my scalp all have the same dry white scaly crusty patches,psoriasis,,elbows knees and scalp,moderate,synthetic_llm
itchy lumps in the groin area,scabies,,groin,moderate,synthetic_llm
been scratching the same raised red spot on my elbow for weeks and it just keeps getting bigger and whiter on top,psoriasis,,elbow,mild,synthetic_llm
"my teen has a tender boggy lump on his scalp with pus and hair falling out in that spot, it started as a scaly patch",ringworm,,scalp,severe,synthetic_llm
My brother in law mentioned my face looks different. In the mirror I see red bumps with white centers across forehead and chin. A week of tea tree oil hasn't done anything.,acne,,forehead and chin,moderate,synthetic_llm
itchy fingers web space peeling,ringworm,,hand,mild,synthetic_llm
Dry scaly patches on my wrists with intense itching,eczema,"dry, scaly, intense itching",wrists,moderate,synthetic_seed
Used a steroid cream on my face for a couple of weeks on a friend's advice. The redness got better but now it flared worse with bumps all over my cheeks and nose. Not sure what is going on with my skin.,rosacea,,cheeks and nose,severe,synthetic_llm
"Red irritated skin on my hands, sore and tight, after weeks of working in the lab with disinfectant.",contact_dermatitis,,hands,moderate,synthetic_llm
oily flaky skin around nostrils,seborrheic_dermatitis,,nose folds,mild,synthetic_llm
"My scrotum has itchy red nodules and my wrists have tiny bumps, and I have been scratching for weeks.",scabies,,genitals and wrists,severe,synthetic_llm
scalp is itchy with grey scaly bits and some hair broken short,ringworm,,scalp,mild,synthetic_llm
Visible network of small blood vessels across my entire nose,rosacea,visible blood vessel network,nose,moderate,synthetic_seed
My eyes have been red and gritty for months and I thought it was allergies. Then I noticed my cheeks flush a lot and I get small bumps on my nose. Eye drops help only slightly.,rosacea,,eyes and cheeks,moderate,synthetic_llm
My hands get red and itchy only on days I wear the rubber gloves at work.,contact_dermatitis,,hands,moderate,synthetic_llm
"after chemo my hair is growing back but there are white skin patches on my scalp and face, never had them before",vitiligo,,scalp and face,moderate,synthetic_llm
tiny red dots scaly on my trunk after flu,psoriasis,,trunk,mild,synthetic_llm
I get acne on my buttocks with red painful bumps,acne,"red bumps, painful",buttocks,moderate,synthetic_seed
Small red papules on my cheeks that flare up and calm down unpredictably,rosacea,"papules, unpredictable flares",cheeks,moderate,synthetic_seed
"my whole scalp is red with a thick hard crust and it itches like crazy, I get this 2 times a year",psoriasis,,scalp,severe,synthetic_llm
Yellowish oily flakes in the folds of my nose that are itchy,seborrheic_dermatitis,"yellowish, oily, itchy, nose folds",nose folds,moderate,synthetic_seed
My child breaks out in hives after eating strawberries,hives,"hives, strawberry trigger, child",various,moderate,synthetic_seed
"I took naproxen for a headache and about an hour later got big itchy welts on my shoulders and arms. It is the second time with this kind of pill, so I think there is a link. Not painful, only the itch.",hives,,shoulders and arms,moderate,synthetic_llm
hair loss patch gray scaly on top of head my little brother,ringworm,,scalp,moderate,synthetic_llm
"The bumps on my face come and go, bigger ones last a week, small ones a few days.",acne,,face,mild,synthetic_llm
The back of my ears have yellow crust and the skin is raw when it falls off.,seborrheic_dermatitis,,behind ears,severe,synthetic_llm
"I moved somewhere hotter last year and my face has been flushed ever since. There is a rough red patch on both cheeks with a few bumps. Nothing itchy, mostly a warm tingly feeling.",rosacea,,cheeks,mild,synthetic_llm
I have a red scaly patch on my shin that is shaped like a perfect oval and looks like it has a silver sheen.,psoriasis,,shin,mild,synthetic_llm
Red flushed face with a warm burning feeling that lasts for hours,rosacea,"flushed, warm burning, prolonged",face,moderate,synthetic_seed
Round itchy patch between my toes with peeling skin,ringworm,"round patch, itchy, peeling",between toes,mild,synthetic_seed
Red expanding circle on my arm with dry flaky skin in the center,ringworm,"expanding circle, dry center",arm,moderate,synthetic_seed
my arms r covered in red bumps that itch and they move around,hives,,arms,moderate,synthetic_llm
"face rash after beauty salon, red itchy and puffy around the eyes and chin",contact_dermatitis,,face,moderate,synthetic_llm
red itchy bumps on my skin,hives,,various,mild,synthetic_llm
thick patches,psoriasis,,various,moderate,synthetic_llm
Red irritated skin patches around my navel with silvery scaling,psoriasis,"red, irritated, silvery scaling",navel,mild,synthetic_seed
"The skin on the back of my hands got red, rough and itchy since I started wearing gloves for my nursing job. It is not painful, just constantly itchy and a bit scaly.",eczema,,back of hands,mild,synthetic_llm
Large red hives appeared on my arms after eating shellfish,hives,"hives, food trigger, shellfish",arms,moderate,synthetic_seed
Is it eczema if its itchy but there is no rash for days?,eczema,,various,mild,synthetic_llm
I have an itchy rash around my waist and between my fingers that started right after I stayed at a hotel.,scabies,,waist and fingers,moderate,synthetic_llm
why are my pimples not going away even with face wash lol,acne,,face,moderate,synthetic_llm
"dry cracked patch on my breast that itches, im breastfeeding",eczema,,breast,mild,synthetic_llm
"my nephew has light patches on his hands, is this something kids get?",vitiligo,,hands,mild,synthetic_llm
itchy skin rash that looks like rough red coins and wont stop spreading,psoriasis,,various,moderate,synthetic_llm
dont know whats wrong. red patches. flaky. sometimes sore. showed up after covid,psoriasis,,various,moderate,synthetic_llm
seborrheic dermatitis in men beard flakes,seborrheic_dermatitis,,beard area,mild,synthetic_llm
Itchy round patch with raised edges and clear center on my thigh,ringworm,"itchy, round patch, raised edges, clear center",thigh,moderate,synthetic_seed
Loss of skin color in patches around my mouth and eyes,vitiligo,"loss of color, patches",around mouth and eyes,moderate,synthetic_seed
"Ever since I had a bad cold three weeks ago I keep getting these itchy welts. They are on my legs mostly and last a few hours. I used hydrocortisone cream, which barely touches the itch.",hives,,legs,moderate,synthetic_llm
"My 12 year old daughter has a scaly red patch on her scalp that spreads down behind her ears and her elbows are rough and silvery too. We tried a kids' dandruff shampoo with no improvement, and she is getting teased at school.",psoriasis,,scalp and elbows,moderate,synthetic_llm
scales everywhere help,psoriasis,,various,severe,synthetic_llm
skin on my face burnning and red all the time,rosacea,,face,moderate,synthetic_llm
After switching to a heavier moisturizer my face broke out with tiny whiteheads along the forehead.,acne,,forehead,mild,synthetic_llm
"hey so i got this scaly patch on my belly button that looks like a thick red coin, no idea what it is",psoriasis,,belly button,mild,synthetic_llm
"My skin has been dry and itchy for months and nothing from the pharmacy works. I tried lotion, oatmeal baths and even coconut oil. It's mostly on the inside of my elbows and it gets worse when I sweat.",eczema,,inner elbows,moderate,synthetic_llm
The right elbow patch is as big as my hand and the scale builds up in layers. My left side has smaller patches. They don't itch except when I get hot in the shower.,psoriasis,,elbows,moderate,synthetic_llm
"Strange red patch that looks smooth and polished, in the skin fold under my belly, no scale and no smell, not itchy.",psoriasis,,under belly fold,mild,synthetic_llm
cheeks red since pregnancy still there,rosacea,,cheeks,mild,synthetic_llm
Central face redness with papules and pustules on cheeks,rosacea,"redness, papules, pustules",cheeks,moderate,synthetic_seed
itchy scaly ring on my lower belly that my doctor friend said looks fungal,ringworm,,abdomen,mild,synthetic_llm
"The rash on my chest is raised but smooth, no scaling, and it itches in waves.",hives,,chest,mild,synthetic_llm
"I am a new mom and my hormones are all over the place. Since the baby came I get these red raised patches on my chest and back whenever I feed at night. They are itchy, not sore, and fade by dawn.",hives,,chest and back,mild,synthetic_llm
started noticing a rough red patch on my knee a few weeks ago after a bad cold. now there's a second one on my other knee. it has this white scaly layer that flakes off if i scratch it. tried hydrocortisone cream from the pharmacy but it barely made a dent,psoriasis,,knees,moderate,synthetic_llm
greasy yellow flakes on eyebrows,seborrheic_dermatitis,,eyebrows,mild,synthetic_llm
"light colored spots, dont know if it is a fungus, I tried an antifungal cream for 4 weeks and nothing changed",vitiligo,,arms and chest,mild,synthetic_llm
"The creases next to my nose are red and flaky all year, plus eyebrows have fine dandruff like scale. I use a gentle cleanser and a plain moisturizer, which did nothing. It is dry looking but also somehow shiny and oily.",seborrheic_dermatitis,,nose folds and eyebrows,mild,synthetic_llm
My cheeks and forehead have flat-topped red welts and I am worried before a work meeting.,hives,,face,moderate,synthetic_llm
"My skin broke out on the chin and around the mouth after protein shakes, many tender bumps.",acne,,chin and mouth,moderate,synthetic_llm
white sections of skin on my feet make summer sandals embarrassing,vitiligo,,feet,moderate,synthetic_llm
The skin by my eyebrows is flaking so much that tiny bits drift down when I rub my forehead.,seborrheic_dermatitis,,eyebrows,mild,synthetic_llm
Every time I sweat during the gym session I get itchy little raised dots across my chest.,hives,,chest,mild,synthetic_llm
brown red patches on cheeks darker skin burning,rosacea,,cheeks,moderate,synthetic_llm
"huge ring about 5 cm across on my upper back, mildly itchy, edges scaly",ringworm,,upper back,moderate,synthetic_llm
"old dry rough marks on my forearms look darker than the rest of my skin, itching on and off",eczema,,forearms,mild,synthetic_llm
my skin feels dry and itchy all the time and i dont even have any visible rash,eczema,,various,mild,synthetic_llm
"can sunscreen stop the white patches from spreading, they burn so fast",vitiligo,,various,moderate,synthetic_llm
pls help red rash on hands after wearing gloves for painting its so itchy,contact_dermatitis,,hands,moderate,synthetic_llm
Dry peeling irritated skin on my hands from latex glove use at work,contact_dermatitis,"dry, peeling, latex trigger",hands,moderate,synthetic_seed
blackheads whiteheads t-zone,acne,,T-zone,mild,synthetic_llm
Why does my groin rash itch so badly at night but not in the daytime?,scabies,,groin,moderate,synthetic_llm
Red scaly ring on my face near my beard area,ringworm,"red, scaly, ring shaped",face,moderate,synthetic_seed
"Rash on my chest and neck, red with a bit of oozing, started the morning after I tried a new essential oil blend on my skin.",contact_dermatitis,,chest and neck,moderate,synthetic_llm
itchy bumps on knees after kneeling on new yoga mat,contact_dermatitis,,knees,mild,synthetic_llm
"Started noticing red scaly patches on my chest and upper back that get greasy looking after I sweat. I thought it was a heat rash at first, but it has lasted over a month. A dandruff shampoo used as body wash made it somewhat better.",seborrheic_dermatitis,,chest and upper back,moderate,synthetic_llm
Moved to a new apartment and got a job in a restaurant kitchen. My forehead and cheeks are full of whiteheads and oily all day. Washing a lot makes it worse.,acne,,forehead and cheeks,moderate,synthetic_llm
Large thick plaques on my buttocks with silver white coating,psoriasis,"thick plaques, silver coating",buttocks,moderate,synthetic_seed
new white spots keep appearing every few weeks,vitiligo,,various,moderate,synthetic_llm
This itchy rash keeps coming back on my cheeks whenever I wear that foundation.,contact_dermatitis,,cheeks,mild,synthetic_llm
spots on scalp like dandruff but with bald areas,ringworm,,scalp,moderate,synthetic_llm
"Not really painful, just itchy flaky skin on my chest that gets oily looking by afternoon.",seborrheic_dermatitis,,chest,mild,synthetic_llm
"I'm 30 weeks pregnant, and for about two weeks my hands have been itchy, and I've found little bumps near my armpits and under my belly. I was told it could be pregnancy rash but my husband has it also.",scabies,,"hands, armpits and belly",moderate,synthetic_llm
"itching all over, skin dry",eczema,,various,mild,synthetic_llm
scaly circle on thigh clearing in the middle,ringworm,,thigh,mild,synthetic_llm
itchy rash after sleeping at a friend's place,scabies,,various,moderate,synthetic_llm
My elderly dad has itchy raised blotches on his back since starting a new blood pressure pill.,hives,,back,moderate,synthetic_llm
pimple like bumps on cheeks no blackheads,rosacea,,cheeks,moderate,synthetic_llm
Painful inflamed cysts on my cheeks that take weeks to heal,acne,"cysts, painful, slow healing",cheeks,severe,synthetic_seed
"The folds beside my nose and between my brows are flaking and a little red, mostly in the mornings.",seborrheic_dermatitis,,face,mild,synthetic_llm
"I had a few weeks of stress after a move, and since then my scalp is itchy with big greasy flakes. I thought it might be lice but my doctor friend said no. Washing daily seems to calm it a bit.",seborrheic_dermatitis,,scalp,moderate,synthetic_llm
Is this hives? red raised bumps with itch around my waist,hives,,waist,mild,synthetic_llm
red blotchy face,rosacea,,face,mild,synthetic_llm
just got diagnosed with psoriasis last week and want to know how to calm the itching at night,psoriasis,,various,moderate,synthetic_llm
"I moved into a college dorm last month. Since then I get an itchy rash around my waist, between my fingers, and on my ankles. My roommate is scratching too, so we're both kind of freaked out.",scabies,,"waist, fingers and ankles",moderate,synthetic_llm
bumpy dry itchy skin on upper arms,eczema,,upper arms,mild,synthetic_llm
red itchy bumps spreading on my arms when its cold,eczema,,arms,mild,synthetic_llm
Bumpy red rash across my jawline and neck where my scarf touches.,contact_dermatitis,,jaw and neck,mild,synthetic_llm
Small pimple like bumps on my forehead that are not regular acne,rosacea,"pimple-like, not typical acne",forehead,moderate,synthetic_seed
My cheeks get flushed fast and the flush hangs around much longer than for other people.,rosacea,,cheeks,mild,synthetic_llm
can write on my skin and it stays raised,hives,,arms and back,mild,synthetic_llm
"Whenever I eat certain foods or get anxious, the skin on my wrists and hands gets inflamed and itchy. I use fragrance free lotion but it still flares around once a month. It is annoying more than anything.",eczema,,wrists and hands,mild,synthetic_llm
"Recently noticed lots of tiny closed bumps across my forehead, they feel like sandpaper.",acne,,forehead,mild,synthetic_llm
My neck is itchy and darker than usual after wearing a nickel necklace for a week.,contact_dermatitis,,neck,mild,synthetic_llm
It is not itchy but my cheeks are always red and kind of rough with bumps.,rosacea,,cheeks,moderate,synthetic_llm
one side only white patch along my arm,vitiligo,,one arm,mild,synthetic_llm
stubborn chin pimples,acne,,chin,mild,synthetic_llm
Itchy wheals on my torso that keep appearing in different spots,hives,"wheals, moving, itchy",torso,moderate,synthetic_seed
"My face has red bumps and flushes with heat, and hydrocortisone helped then made it worse.",rosacea,,face,moderate,synthetic_llm
Pus filled pimples on my shoulders and upper back,acne,"pus filled, pimples",shoulders and back,moderate,synthetic_seed
Widespread itchy rash after swimming in a chlorinated pool,contact_dermatitis,"itchy rash, chlorine trigger",various,moderate,synthetic_seed
why is my skin getting scaly red plaques every winter and clearing up a bit in summer sun,psoriasis,,various,moderate,synthetic_llm
"Strong itching and stinging red plaques that spread across my lower back and under my buttocks, and clothes rubbing makes it worse.",psoriasis,,lower back and buttocks,moderate,synthetic_llm
"red stuff in my groin crease and burning when I pee on it in the shower, not on the genitals",ringworm,,groin,moderate,synthetic_llm
is it normal for a mole to have a white ring around it,vitiligo,,back,mild,synthetic_llm
white patch on my scalp with white hair,vitiligo,,scalp,mild,synthetic_llm
I have noticed pale white spots on my face that are very visible,vitiligo,"pale white spots, visible",face,moderate,synthetic_seed
skin on cheeks looks sunburnt all the time,rosacea,,cheeks,moderate,synthetic_llm
flakey red skin next to my nose its so annoying,seborrheic_dermatitis,,nose folds,mild,synthetic_llm
"Went on a cruise and the sun left my cheeks fiery red and bumpy for weeks. Even now, months later, they flush up easily. I wear a hat everywhere.",rosacea,,cheeks,moderate,synthetic_llm
Woke up with my lips and one eyelid swollen and a bunch of itchy bumps on my stomach.,hives,,"lips, eyelid and stomach",severe,synthetic_llm
"There are a few raised bumps on my arm and they are only a little itchy, nothing else going on.",hives,,arm,mild,synthetic_llm
"red itchy bumps on my wrist from the new leather watch band, gone when I leave it off for a day",contact_dermatitis,,wrist,mild,synthetic_llm
Constant urge to scratch my wrists and hands especially after a hot shower,scabies,"scratching urge, wrists, hot shower trigger",wrists and hands,moderate,synthetic_seed
"glove rash on my hands, latex i think",contact_dermatitis,,hands,moderate,synthetic_llm
Rough bumpy patches on the backs of my arms that feel like sandpaper,eczema,"rough, bumpy, sandpaper texture",backs of arms,mild,synthetic_seed
"thick scaly patch on scalp, black people hair, hair breaking and I am 9, mom says it looks like dandruff but its round",ringworm,,scalp,moderate,synthetic_llm
Itchy red spots on my legs that have thick scaly buildup,psoriasis,"itchy, scaly buildup",legs,moderate,synthetic_seed
white scars that are not scars,vitiligo,,legs,mild,synthetic_llm
Itchy blisters on the soles of my feet and between my toes at night,scabies,"blisters, soles, between toes, nighttime",feet,moderate,synthetic_seed
Pimple like bumps along my waistband that drive me crazy with itching at night,scabies,"pimple bumps, waistband, nighttime itch",waist,moderate,synthetic_seed
My skin behind my ears is red and cracking a bit with flaky bits that look like wax.,seborrheic_dermatitis,,behind ears,moderate,synthetic_llm
help my hands are all red and sore after oven cleaner got on them idk what to do,contact_dermatitis,,hands,severe,synthetic_llm
white patches have been spreading since I turned 12 and now i am 16 and they are on my face too,vitiligo,,face and hands,moderate,synthetic_llm
itchy red crescent shaped rash in my crotch crease not on the scrotum,ringworm,,groin,moderate,synthetic_llm
Persistent redness on my chin and cheeks plus small red dots that sometimes have pus.,rosacea,,cheeks and chin,moderate,synthetic_llm
itchy dry patches inside elbows,eczema,,inner elbows,moderate,synthetic_llm
"My legs are covered in thick red patches that look purplish brown on my skin and feel tight, and they get inflamed when I'm anxious.",psoriasis,,legs,moderate,synthetic_llm
scalp flakes bad. after shower is ok but by evening oily and itchy again,seborrheic_dermatitis,,scalp,mild,synthetic_llm
red patches on my chest,hives,,chest,mild,synthetic_llm
Unbearable itch on my hands and feet at night with visible tiny burrows,scabies,"unbearable itch, hands feet, visible burrows",hands and feet,moderate,synthetic_seed
Painful cracking skin between my fingers with red scaly patches,psoriasis,"cracking, scaly, painful",fingers,moderate,synthetic_seed
"Sore cracked heels with thick red scaling and tiny yellow pustules on the soles, only on both feet and always symmetrical.",psoriasis,,soles of feet,severe,synthetic_llm
"I'm in my 40s and my scalp has become flaky and itchy since my hormones went haywire. My eyebrows are also peeling now. I tried olive oil massage and baking soda, which just made my scalp feel irritated.",seborrheic_dermatitis,,scalp and eyebrows,moderate,synthetic_llm
I have itchy red patches on my elbows and knees that keep coming back,psoriasis,"itchy, red patches, scaly",elbows and knees,moderate,synthetic_seed
"Student, 21, stressed during exams, and my cheeks have been flaring up red with some pimples that are not normal acne. No blackheads at all. Tried apple cider vinegar and it was terrible.",rosacea,,cheeks,moderate,synthetic_llm
Spots on my back are mostly blackheads with some big red ones in the middle.,acne,,back,moderate,synthetic_llm
"Is this normal, my 70 year old mother has dry itchy scaly shins that get red and crusty when she scratches",eczema,,shins,moderate,synthetic_llm
"rash got big, has ring shape, im scared its something serious",ringworm,,various,moderate,synthetic_llm
my little girl wakes up with blood on her pillow from scratching her face,eczema,,face,severe,synthetic_llm
"inside my belly button there is dry rough red skin with flakes, and also a few patches on my back",psoriasis,,belly button and back,mild,synthetic_llm
It started on my feet and spread up my legs as raised blotches within a couple of hours.,hives,,feet and legs,moderate,synthetic_llm
"contact dermatitis from poison oak, blisters everywhere on my arms",contact_dermatitis,,arms,severe,synthetic_llm
skin so dry it feels tight and itchy after showers,eczema,,legs and arms,mild,synthetic_llm
My grandmother is 82 and gets red scaly patches under her breasts and on her elbows. They look shiny in the folds and flaky on the elbows.,psoriasis,,breasts and elbows,moderate,synthetic_llm
my skin is red and very scaly and sore all at once,psoriasis,,various,severe,synthetic_llm
Skin thickening and darkening on my inner elbows from constant scratching,eczema,"thickened skin, darkening, scratching",inner elbows,severe,synthetic_seed
palms itchy tiny bumps that look like sago grains,eczema,,palms,moderate,synthetic_llm
i got dry flaky patches on my face but only around nose and brows,seborrheic_dermatitis,,nose and eyebrows,mild,synthetic_llm
"My elderly father's nose has become red, bumpy and swollen over many years. He says it does not hurt or itch, but people stare at him. He also complains of dry red eyes.",rosacea,,nose and eyes,severe,synthetic_llm
Red raised patches on my forearms that have a silvery coating,psoriasis,"raised patches, silvery coating",forearms,moderate,synthetic_seed
Why does my skin only itch at night and why is it between my fingers specifically?,scabies,,between fingers,moderate,synthetic_llm
scaly spots on lower legs only,psoriasis,,lower legs,mild,synthetic_llm
white spots on my arms dont hurt or itch,vitiligo,,arms,mild,synthetic_llm
Went off birth control a few months ago and now my jawline is covered in painful cysts.,acne,,jawline,severe,synthetic_llm
"my grandmother's shins are scaly, red and itchy and she's 82",eczema,,shins,moderate,synthetic_llm
milky white spots around my mouth,vitiligo,,around mouth,mild,synthetic_llm
"itchy skin on hands and wrists, getting worse",scabies,,hands and wrists,moderate,synthetic_llm
"im 24 and my elbows look like they have thick dry armor, silver and rough, no pain at all just ugly",psoriasis,,elbows,mild,synthetic_llm
scabbed hands from scratching all night,scabies,,hands,severe,synthetic_llm
itchy blotches on my torso every evening,hives,,torso,moderate,synthetic_llm
Pimples are showing up on my hairline and temples since I started using pomade.,acne,,hairline and temples,mild,synthetic_llm
"skin crawling itchy after swim class, red and dry",eczema,,arms and legs,mild,synthetic_llm
is it normal to have only one white patch for years that doesnt change,vitiligo,,various,mild,synthetic_llm
"chest has some rash flaky pink spots, not itchy, since 2 months",seborrheic_dermatitis,,chest,mild,synthetic_llm
"my skin is going patchy white on my hands and my feet. Neither of my parents has it. I am Indian and in India people look at it differently, so I hide my hands",vitiligo,,hands and feet,moderate,synthetic_llm
the skin on my ankles is thick and I just cant stop scratching it,eczema,,ankles,moderate,synthetic_llm
"Moved into a new apartment and started cleaning with strong disinfectant wipes without gloves. Within a week my knuckles split and my palms are red, scaly and tender. I am 27 and use my hands for typing all day so it really bothers me.",contact_dermatitis,,hands,moderate,synthetic_llm
Blisters and swelling on my feet after wearing rubber sandals,contact_dermatitis,"blisters, swelling, rubber trigger",feet,moderate,synthetic_seed
My nose has big visible pores with blackheads trapped inside them,acne,"visible pores, trapped blackheads",nose,mild,synthetic_seed
"rash all over after medicine, so much itch i cant focus in class",hives,,various,severe,synthetic_llm
One side of my face swelled up with itchy welts and my husband says it looks like I got stung.,hives,,face,severe,synthetic_llm
Red wheals on my back and shoulders that itch terribly after a hot bath,hives,"wheals, hot bath trigger",back and shoulders,moderate,synthetic_seed
"Dull red scaly plaques on my arms and chest, and when I scrape the top scale off a shiny red layer shows underneath.",psoriasis,,arms and chest,moderate,synthetic_llm
Is scalp scale that extends past my hairline onto my forehead something I should worry about?,psoriasis,,scalp and forehead,mild,synthetic_llm
My back has lots of pimples and some scarring from old breakouts,acne,"pimples, scarring, breakouts",back,moderate,synthetic_seed
The tiny veins on my cheeks are getting worse and they look like thin red threads.,rosacea,,cheeks,mild,synthetic_llm
My 9 year old has small round red scaly spots on his tummy and legs that appeared after a sore throat.,psoriasis,,tummy and legs,mild,synthetic_llm
bumps all over after swimming in cold lake,hives,,legs and arms,moderate,synthetic_llm
"my skin has red scaly spots on wrists, nothing helps for the itch",eczema,,wrists,moderate,synthetic_llm
my nose is red and big veins very ugly pls help,rosacea,,nose,moderate,synthetic_llm
"red patches covering my back, burn and itch, desperate to sleep through the night",psoriasis,,back,severe,synthetic_llm
my skin feels like sandpaper and the itch is driving me nuts,eczema,,arms and legs,moderate,synthetic_llm
bumps on forehead that wont go away,acne,,forehead,mild,synthetic_llm
My daughter got big pink blotches on her cheeks and trunk after trying egg for the first time.,hives,,cheeks and trunk,moderate,synthetic_llm
"I'm 22 and living with three roommates. The itching started on my hands about 2 weeks ago, then spread to my stomach and thighs. I tried a hydrocortisone cream and a cold compress, but the night itching is still awful and now I'm scared to share the couch.",scabies,,"hands, stomach and thighs",moderate,synthetic_llm
purplish itchy bumps on my forearms,scabies,,forearms,moderate,synthetic_llm
allergic looking rash all over,hives,,various,moderate,synthetic_llm
Honestly I just want to know why the skin on my scalp and elbows turns thick and silvery whenever I'm sick or anxious.,psoriasis,,scalp and elbows,moderate,synthetic_llm
"scaly rash on my forehead, face, only the hairline",psoriasis,,hairline,mild,synthetic_llm
The itching in the webs of my fingers started a month ago and I have been using steroid cream from an old prescription. It calms down for a couple of hours and then comes back more and the rash has spread to my wrists.,scabies,,finger webs and wrists,moderate,synthetic_llm
The welts look like raised red rivers across my belly and they sting a little when scratched,hives,,belly,moderate,synthetic_llm
rash on cheeks from surgical mask elastic,contact_dermatitis,,cheeks,mild,synthetic_llm
I have white pus bumps on my forehead along with oily shiny skin,acne,"pus bumps, oily shiny skin",forehead,moderate,synthetic_seed
babys elbows rough and red,eczema,,elbows,mild,synthetic_llm
Constant breakouts on my chest area with whiteheads and red bumps,acne,"constant breakouts, whiteheads, red bumps",chest,moderate,synthetic_seed
What causes patches of skin to lose color but feel completely normal to touch?,vitiligo,,various,mild,synthetic_llm
My fingers crack and bleed in winter with very dry irritated skin,eczema,"cracking, bleeding, winter flare",fingers,severe,synthetic_seed
bumps on my neck n chest every time i get mad or stressed,hives,,neck and chest,mild,synthetic_llm
Little red bumps showed up around my waist and belt line and the itch is way worse once I lie down.,scabies,,waist,moderate,synthetic_llm
I'm 5 months pregnant and my hands and belly are covered in itchy little bumps. I worry what I can use safely. It's mostly at night and I haven't slept properly in days.,scabies,,hands and belly,moderate,synthetic_llm
Small fluid filled bumps on the sides of my fingers that itch intensely,eczema,"fluid filled bumps, itchy",finger sides,moderate,synthetic_seed
"Light skin, freckled, 36. My face and upper chest flush when I am anxious, and the cheeks now have permanent faint redness with a few spider veins. Makeup does not cover well.",rosacea,,cheeks and chest,mild,synthetic_llm
"the white spots dont hurt, they just keep growing slowly and join together",vitiligo,,various,moderate,synthetic_llm
Is this acne or just clogged pores on my cheeks?,acne,,cheeks,mild,synthetic_llm
Itchy red blotches on my torso that flatten when I press on them,hives,"itchy blotches, blanching",torso,moderate,synthetic_seed
redness and flaking around my belly button that is ring shaped and itches,ringworm,,abdomen,mild,synthetic_llm
Redness and tender pimples on my cheeks that get worse around my period.,acne,,cheeks,moderate,synthetic_llm
My face stings and turns red every time I walk past the oven or drink something hot. A few red bumps near my nose too. This has been going on since I was about thirty.,rosacea,,face,moderate,synthetic_llm
red rash behind knees,eczema,,behind knees,moderate,synthetic_llm
white patch on lip,vitiligo,,lip,mild,synthetic_llm
rash spreading outward in a circle on my stomach for about a month now and the middle seems to be healing,ringworm,,abdomen,moderate,synthetic_llm
eczema flare on my hands again,eczema,,hands,moderate,synthetic_llm
I have tiny blisters on the sides of my fingers that itch mostly at night,scabies,"tiny blisters, finger sides, night itch",finger sides,moderate,synthetic_seed
itching under breasts with small bumps,scabies,,under breasts,moderate,synthetic_llm
"The patches by my nose get worse when it is cold and dry outside, red with fine white flakes.",seborrheic_dermatitis,,nose folds,mild,synthetic_llm
There are old pimples that left pitted marks on my cheeks and new ones keep coming.,acne,,cheeks,moderate,synthetic_llm
tiny white spots merging into bigger patch on forearm,vitiligo,,forearm,mild,synthetic_llm
My mustache area has red flaky patches with greasy looking scales,seborrheic_dermatitis,"red, flaky, greasy, mustache area",upper lip,moderate,synthetic_seed
My eyelids and lips look swollen and I have some itchy welts on my chest,hives,,"eyelids, lips and chest",severe,synthetic_llm
I'm on night shifts and my sleep is a mess. In the last two months my face has broken out with red tender bumps on cheeks and jaw. Cleanser and spot treatment give only a little relief.,acne,,cheeks and jaw,moderate,synthetic_llm
"skin patches crack and ooze at the knee crease, thick red base with whitish scale",psoriasis,,back of knees,severe,synthetic_llm
"Raised itchy blotches on my ribs and underarms after a stressful week, not scaly, fade within hours",hives,,ribs and underarms,mild,synthetic_llm
"skin feels hot, itchy and raw in the folds of my arms",eczema,,arm folds,severe,synthetic_llm
"help, skin on my feet is itchy and peeling between toes but no smell",eczema,,feet,mild,synthetic_llm
"I keep picking at my pimples even though I know I shouldn't, and now there are dark marks and a couple of small pits. Stress from exams makes it worse.",acne,,face,moderate,synthetic_llm
rash where my watch sits,contact_dermatitis,,wrist,mild,synthetic_llm
"Cracked, painful skin on my palms with small pustules that come and go, and it's not infected according to the nurse.",psoriasis,,palms,severe,synthetic_llm
"my dermatologist friend said maybe vitiligo, where the immune system attacks pigment cells, and now I want to know what to do next about my white hands",vitiligo,,hands,moderate,synthetic_llm
unexplained pale marks on my back,vitiligo,,back,mild,synthetic_llm
There is a thick scaly red patch on my tailbone and between my buttocks that burns when I sweat.,psoriasis,,buttock crease,moderate,synthetic_llm
"Winter has hit and my skin by my nose and brows is flaking again. Last year a pharmacist gave me an antifungal cream that cleared it in about two weeks, but I forgot the name. It was never very itchy, just ugly.",seborrheic_dermatitis,,nose and eyebrows,mild,synthetic_llm
"skin on my shins is red thick and peeling in layers, it started small last spring and now covers both legs",psoriasis,,shins,moderate,synthetic_llm
I wake up with new pimples every morning mostly on my cheeks,acne,"new pimples daily, cheeks",cheeks,moderate,synthetic_seed
pale marks around my wrists and ankles,vitiligo,,wrists and ankles,mild,synthetic_llm
My child wakes up scratching every night because of eczema on arms,eczema,"nighttime scratching, child, arms",arms,moderate,synthetic_seed
"light brown rough itchy marks on my cheeks as a kid, still get dry spots",eczema,,cheeks,mild,synthetic_llm
white patches on my forehead hairline with a white streak of hair,vitiligo,,forehead and hairline,moderate,synthetic_llm
"light spots on the face since a few months, not red, not itchy",vitiligo,,face,mild,synthetic_llm
My face turns beet red in warm environments and when stressed,rosacea,"facial redness, heat trigger, stress trigger",face,moderate,synthetic_seed
"Weird rash on my legs, itchy, not sure if it is allergy or what",hives,,legs,mild,synthetic_llm
Red wheals across my shoulders that appeared after heavy backpack use,hives,"wheals, pressure trigger, backpack",shoulders,moderate,synthetic_seed
bro my back is covered in zits,acne,,back,moderate,synthetic_llm
"Waking up with flakes all over my pillow and a very itchy scalp lately, no hair pulling out though.",seborrheic_dermatitis,,scalp,mild,synthetic_llm
itchy spots in armpits and groin since last week,scabies,,armpits and groin,moderate,synthetic_llm
skin is white in some areas and super sensitive to the sun,vitiligo,,various,moderate,synthetic_llm
Patches of pink greasy scale in the middle of my chest that come and go every few months.,seborrheic_dermatitis,,chest,mild,synthetic_llm
"Eyes red, eyelid edges swollen, and cheeks flushed. The eye doctor said the eyelid problem could be linked to my skin. I am 44 and this keeps recurring.",rosacea,,eyes and cheeks,moderate,synthetic_llm
Psoriatic patches on my knuckles that crack and bleed in dry air,psoriasis,"cracking, bleeding, dry air",knuckles,severe,synthetic_seed
Raw looking rash all over the area where I used the new waxing strips.,contact_dermatitis,,legs,moderate,synthetic_llm
"Rash all over my body today, itchy",hives,,various,moderate,synthetic_llm
patches of white hair and white skin on my eyebrows,vitiligo,,eyebrows,mild,synthetic_llm
"super dry skin, cracked heels, itchy legs",eczema,,legs and heels,mild,synthetic_llm
"my dark skin is going blotchy with completely white areas on my hands and feet, it looks like the color was erased and it doesnt itch",vitiligo,,hands and feet,severe,synthetic_llm
i think my patches are getting worse i cant even bend my fingers because skin is split,psoriasis,,fingers,severe,synthetic_llm
"They told me it's dandruff but it's thick, stuck to my scalp, and extends down my neck as red plaques.",psoriasis,,scalp and neck,moderate,synthetic_llm
does athletes foot make the whole sole peel or only between toes?,ringworm,,feet,mild,synthetic_llm
Depigmented areas around my eyes that look lighter than rest of face,vitiligo,"depigmented, lighter areas",around eyes,mild,synthetic_seed
My face feels hot and tingly with visible small veins under the skin,rosacea,"hot, tingly, visible veins",face,moderate,synthetic_seed
my skin has lost color to the point my hands look like two different people's hands,vitiligo,,hands,severe,synthetic_llm
"itchy rash in my groin after the gym, edge is red and raised and the middle looks clearer",ringworm,,groin,moderate,synthetic_llm
"white patches on hands and I also have hashimoto's, are those related?",vitiligo,,hands,moderate,synthetic_llm
My face flushes a lot and my eyes feel dry and sandy at the same time.,rosacea,,face and eyes,moderate,synthetic_llm
"Pimples keep popping up on my forehead and between my eyebrows, small but really annoying.",acne,,forehead,mild,synthetic_llm
"The flare ups come every few weeks and last days. Cheeks red, bumpy, hot. Fewer hot drinks and a mineral sunscreen help a bit, but it is still frustrating.",rosacea,,cheeks,moderate,synthetic_llm
"just itchy blotchy skin, started this week",hives,,arms,mild,synthetic_llm
Is there anything that stops the spread? I get new white patches on my shins whenever I bump or scratch myself there.,vitiligo,,shins,moderate,synthetic_llm
"Little hot welts on my wrists where my watch strap sits, itchy and raised.",hives,,wrists,mild,synthetic_llm
my baby got red spots on her hands and feet and she wont stop rubbing them,scabies,,hands and feet,moderate,synthetic_llm
"Doctor told me it might be an allergy, but antihistamines did nothing for the night itching on my hands and waist.",scabies,,hands and waist,moderate,synthetic_llm
"Been dealing with scalp flaking for years, but this month it got a lot worse with red itchy patches that sting when I use shampoo. I'm on a stressful project and sleeping badly. I tried tea tree oil and it burned a bit.",seborrheic_dermatitis,,scalp,severe,synthetic_llm
flare on neck near hairline,acne,,neck,mild,synthetic_llm
"white spots on legs, not itchy, started small",vitiligo,,legs,mild,synthetic_llm
Red itchy patches where my necklace sits on my neck,contact_dermatitis,"red, itchy, jewelry trigger",neck,mild,synthetic_seed
Blackheads on my nose have gotten way worse since summer and the pores look huge.,acne,,nose,mild,synthetic_llm
"red flaky skin on inner thighs, not painful but annoying itch",ringworm,,inner thighs,mild,synthetic_llm
"sudden red patches on forearm after my cat visited vet for skin issue, maybe linked",ringworm,,forearm,mild,synthetic_llm
Bumps on my cheeks started in my forties and they look like acne without the blackheads.,rosacea,,cheeks,moderate,synthetic_llm
flaky patches on elbows,eczema,,elbows,mild,synthetic_llm
"my face feels tight and flaky, itchy around nose and eyebrows area",eczema,,face,mild,synthetic_llm
"I have had redness on my cheeks since my twenties, but now at 46 there are bumps too and visible veins. Sun and stress are big triggers. Currently using sensitive skin cleanser only.",rosacea,,cheeks,moderate,synthetic_llm
"For about three years I've had dandruff that comes and goes, usually worse after I stop using medicated shampoo. Lately it has spread to the sides of my face and ears, which are now pink and flaky. I use ketoconazole shampoo sometimes and it calms down within a week.",seborrheic_dermatitis,,scalp and face,moderate,synthetic_llm
"Our newborn has dry greasy scaling on her scalp and a few spots on her face and neck folds, but she feeds and sleeps fine.",seborrheic_dermatitis,,scalp and neck folds,mild,synthetic_llm
red blistering rash on fingers after sumac,contact_dermatitis,,fingers,severe,synthetic_llm
"pitting and ridges in my fingernails, white spots under them, no skin symptoms yet",psoriasis,,fingernails,mild,synthetic_llm
White patches on my neck that become more obvious after sun exposure,vitiligo,"white patches, visible in sun",neck,moderate,synthetic_seed
"Black woman here, 40, and my face feels hot and burning, with darker reddish brown patches over the cheeks and bumps that look like pimples. No itch. Shea butter just makes it sting.",rosacea,,cheeks,moderate,synthetic_llm
flaky beard skin under the hair,seborrheic_dermatitis,,beard area,mild,synthetic_llm
patches on my legs where skin has no pigment,vitiligo,,legs,moderate,synthetic_llm
"Red patches on my face and neck that sting more than they itch, started after a new serum. On my deep brown skin it looks darker and a bit ashy around the edges. I stopped the serum and have been using only plain moisturizer.",contact_dermatitis,,face and neck,moderate,synthetic_llm
"red scaly spot on beard area, hairs falling out",ringworm,,beard,moderate,synthetic_llm
cradle cap not clearing after 2 months,seborrheic_dermatitis,,scalp,mild,synthetic_llm
Swollen red patches popped up on my buttocks and the backs of my thighs and itch intensely.,hives,,buttocks and thighs,moderate,synthetic_llm
whiter patches near my groin and inner thighs,vitiligo,,groin and inner thighs,mild,synthetic_llm
rough patches on my hands that sting when I use sanitizer,eczema,,hands,moderate,synthetic_llm
depigmented patch on forearm growing,vitiligo,,forearm,mild,synthetic_llm
Raised red bumps on inner thighs and groin that itch unbearably after dark,scabies,"raised bumps, inner thighs, groin, evening itch",inner thighs and groin,moderate,synthetic_seed
Itchy rash on my earlobes from wearing cheap earrings,contact_dermatitis,"itchy rash, earring trigger",earlobes,mild,synthetic_seed
"Ever since I started my new job under bright office heating, my face stays red.",rosacea,,face,mild,synthetic_llm
ring on my lower leg after gardening,ringworm,,lower leg,mild,synthetic_llm
"It started as a bit of dandruff but now I have flaky red skin on my eyebrows, ears and the folds of my nose.",seborrheic_dermatitis,,"scalp, ears and face",moderate,synthetic_llm
"My skin tone is dark and the bumps on my fingers are a deeper brown color, they itch like mad, especially at bedtime.",scabies,,fingers,moderate,synthetic_llm
"hands itch like crazy at night, no relief",scabies,,hands,severe,synthetic_llm
"Started college a few months ago and my skin has gotten itchy, red and dry on my hands and in my elbow creases. I think it's stress plus the dorm soap. Lotion works for a day then it's back.",eczema,,hands and elbow creases,moderate,synthetic_llm
white blotch on shoulder,vitiligo,,shoulder,mild,synthetic_llm
Constant night itch on my feet and ankles with little bumps and a few tracks along the sole.,scabies,,feet and ankles,moderate,synthetic_llm
"Red, scaly, itchy patch exactly where my earbuds sit, looks like contact dermatitis to me.",contact_dermatitis,,ears,mild,synthetic_llm
Both of my kids and I have been scratching at night and we found tiny bumps between their fingers.,scabies,,between fingers,moderate,synthetic_llm
Could these tiny red veins on my nose be rosacea or just age?,rosacea,,nose,mild,synthetic_llm
After shaving my beard area has red bumps with pus and some deep sore lumps.,acne,,beard area,moderate,synthetic_llm
My eyes water constantly and feel gritty along with red cheeks,rosacea,"watery eyes, gritty, red cheeks",eyes and cheeks,moderate,synthetic_seed
im so itchy omg my hands and belly r covered in small red bumps and my sister has them 2,scabies,,hands and belly,moderate,synthetic_llm
dark itchy ring on my back that doesnt hurt,ringworm,,back,mild,synthetic_llm
why is the skin on my neck and chest turning white? no itching,vitiligo,,neck and chest,moderate,synthetic_llm
raised dry itchy plaque on my inner ankle,eczema,,inner ankle,moderate,synthetic_llm
"itching all night, wrists and waist",scabies,,wrists and waist,severe,synthetic_llm
My skin is oily and I get blackheads on the nose with tiny bumps on the forehead. Tried pore strips weekly. They remove the blackheads but they return in days.,acne,,nose and forehead,mild,synthetic_llm
"After I got a tattoo, the skin around it grew red scaly patches that spread outward from the line.",psoriasis,,arm,mild,synthetic_llm
"skin looks purple grey and thick on my forearms, itchy",eczema,,forearms,moderate,synthetic_llm
My daughter's scalp has these oily brown yellow plaques that look worse after we applied olive oil.,seborrheic_dermatitis,,scalp,mild,synthetic_llm
itchy bumps on my wrist grew a scab idk what to do,scabies,,wrist,mild,synthetic_llm
We moved to a hot humid country and my 15 year old now has pimples on his forehead and temples. He wears a cap all day. We bought a salicylic wash and it is a bit better.,acne,,forehead and temples,mild,synthetic_llm
Red burning skin on my chest from a new body lotion I tried yesterday,contact_dermatitis,"red, burning, lotion trigger",chest,moderate,synthetic_seed
Red itchy welts on my arms that appear and move to new areas within minutes,hives,"welts, rapidly moving, itchy",arms,moderate,synthetic_seed
Itchy red spots on the back of my thighs after a long day on the new vinyl car seat.,contact_dermatitis,,back of thighs,mild,synthetic_llm
"Face has whiteheads and blackheads mostly on the nose and forehead, nothing painful.",acne,,nose and forehead,mild,synthetic_llm
"Teen girl, face is okay but my shoulders and upper arms and chest have lots of small red pimples. Looks worse with bra straps and backpack. Feels sore not itchy.",acne,,"shoulders, arms and chest",moderate,synthetic_llm
rash moved from my arm to my leg overnight,hives,,arms and legs,mild,synthetic_llm
"Noticed a pale smooth patch beside my left eye, my mom says nobody in our family has it, should I worry? It does not itch or flake.",vitiligo,,around eye,mild,synthetic_llm
itchy rash that gets better in the center like a donut,ringworm,,various,mild,synthetic_llm
Why do I keep getting pimples on my cheeks that never have blackheads?,rosacea,,cheeks,moderate,synthetic_llm
"Lately my forehead, nose and cheeks look reddish all the time and feel warm. It started after I turned 50, and I think alcohol and hot coffee trigger it.",rosacea,,central face,moderate,synthetic_llm
"Mid forties and always blamed hormonal acne, but the bumps are only on my cheeks and nose with a red background. Nothing has helped including birth control and spot treatments. A friend said it might be rosacea.",rosacea,,cheeks and nose,moderate,synthetic_llm
"whiteness spreading on my face from eye to cheek, I'm in my 50s",vitiligo,,eye and cheek,moderate,synthetic_llm
"My scalp has been red and thick-scaled since college, I'm 40 now. When I stop my medicated shampoo it all roars back.",psoriasis,,scalp,moderate,synthetic_llm
"My face has been red across the cheeks and nose for about eight months. Cheap drugstore acne washes just make it burn, and red wine is a guaranteed flare. I am 42 and honestly feel embarrassed in photos.",rosacea,,cheeks and nose,moderate,synthetic_llm
Red bumpy rash on my lower abdomen and groin that itches intensely at bedtime,scabies,"red bumpy, groin, bedtime itch",lower abdomen and groin,moderate,synthetic_seed
Strange swollen patches keep showing up on my forearms and they are warm and itchy but not painful.,hives,,forearms,moderate,synthetic_llm
eyelids red crusty and cheeks flushing,rosacea,,eyes and cheeks,moderate,synthetic_llm
I have a large area of white skin on my abdomen without any pigment,vitiligo,"large white area, no pigment",abdomen,moderate,synthetic_seed
"intense itch, red patches, scratching until skin weeps, both arms",eczema,,arms,severe,synthetic_llm
My forehead is covered with blackheads and whiteheads,acne,"blackheads, whiteheads",forehead,mild,synthetic_seed
Persistent dandruff despite weekly shampoo,seborrheic_dermatitis,,scalp,mild,synthetic_llm
"my husband has red thick itchy skin on his hands and wrists, he scratches in his sleep",eczema,,hands and wrists,moderate,synthetic_llm
"My dad's nose has gotten bigger and red over the years, and my cheeks are now showing early redness.",rosacea,,cheeks and nose,mild,synthetic_llm
Circular bald patch on my scalp with broken hairs and red flaky border,ringworm,"bald patch, broken hairs, flaky border",scalp,moderate,synthetic_seed
"Not itchy, not painful, not scaly. Just a growing white spot on the side of my neck, with a few around the collar.",vitiligo,,neck,mild,synthetic_llm
My face flushes bright red when I drink any type of alcohol,rosacea,"flushing, alcohol trigger",face,moderate,synthetic_seed
My buttocks and the back of my thighs are covered in itchy little bumps that are worse when I'm warm in bed.,scabies,,buttocks and thighs,moderate,synthetic_llm
"Three weeks ago I had a sore throat, and now my back and arms are dotted with small salmon colored scaly dots. They're a little itchy.",psoriasis,,back and arms,moderate,synthetic_llm
just white spots nothing else wrong,vitiligo,,various,mild,synthetic_llm
"Redness on both cheeks and nose with a few pimples, started around my 38th birthday.",rosacea,,cheeks and nose,moderate,synthetic_llm
Redness and flaking in the creases beside my nose,seborrheic_dermatitis,"redness, flaking, nasolabial folds",beside nose,mild,synthetic_seed
"cracked dry skin on my lips corners and chin, red and itchy around it",eczema,,lips and chin,mild,synthetic_llm
face rash itchy flaky red cheeks,eczema,,cheeks,mild,synthetic_llm
I have jock itch with circular red patches in my inner thigh,ringworm,"jock itch, circular, red",inner thigh,moderate,synthetic_seed
"My 8 month old got a red rash on her bottom and thighs after we switched wipes. No fever and she seems fine otherwise, but it clears up when I only use water. Not sure if I should worry.",contact_dermatitis,,diaper area,moderate,synthetic_llm
"dont know what this is, dry itchy circle on my arm not raised",eczema,,arm,mild,synthetic_llm
"patches with ring appearance on the arms of a teenager, brown skin, a little darker than normal and scaly",ringworm,,arms,mild,synthetic_llm
"red itchy rash on both inner thighs spreading toward the butt, worse in humid weather, creams for diaper rash didnt help",ringworm,,inner thighs and buttocks,moderate,synthetic_llm
"skin cracks and weeps when its dry, been like this since I was little",eczema,,various,moderate,synthetic_llm
Dry scaly ring on my upper back that is slowly expanding over weeks,ringworm,"dry, scaly ring, slowly expanding",upper back,moderate,synthetic_seed
Bumps and blisters in the creases of my body that itch especially under warm covers,scabies,"bumps, blisters, body creases, warmth trigger",body creases,moderate,synthetic_seed
"Allergic reaction I think, big raised itchy patches on both legs",hives,,legs,moderate,synthetic_llm
itchy patch inner thigh keeps coming back every summer,ringworm,,inner thigh,moderate,synthetic_llm
a rash started as a small spot and became a big circle over a month,ringworm,,various,moderate,synthetic_llm
"scaly red rash on the inner thigh of my 12 year old son, he plays football",ringworm,,inner thigh,mild,synthetic_llm
"The crease between my nose and cheek is red with a scaly edge, and it gets better after I use my steroid cream sparingly.",seborrheic_dermatitis,,nose folds,mild,synthetic_llm
Bumpy red skin on my forehead with visible veins,rosacea,"bumpy, red, visible veins",forehead,moderate,synthetic_seed
My eyebrow area gets crusty with yellowish greasy flakes periodically,seborrheic_dermatitis,"crusty, yellowish, greasy, periodic",eyebrows,moderate,synthetic_seed
I blush very easily and my face stays red long after the trigger is gone,rosacea,"easy blushing, prolonged redness",face,mild,synthetic_seed
I'm a 55 year old woman and this started around when menopause hit. Hot flushes plus a red face with bumps on the cheeks that look like pus filled pimples. Over the counter benzoyl peroxide dried me out and made it worse.,rosacea,,cheeks,moderate,synthetic_llm
red itchy skin in my groin and it looks worse on one side only,ringworm,,groin,moderate,synthetic_llm
My white patches are all over my body and I'm 33. Sun makes them pink and sore but they never tan. Tried a steroid cream from a pharmacy for 2 months and just saw a tiny bit of color at the edges.,vitiligo,,widespread,severe,synthetic_llm
patch with no pigment on my thumb,vitiligo,,thumb,mild,synthetic_llm
Flushing episodes come on suddenly with warmth in my cheeks and last maybe fifteen minutes.,rosacea,,cheeks,mild,synthetic_llm
Little drop-shaped red spots showed up all over my chest and back about two weeks after I had strep throat.,psoriasis,,chest and back,moderate,synthetic_llm
Raised itchy patches that first appear on my chest then spread to my arms,hives,"raised patches, spreading, chest to arms",chest and arms,moderate,synthetic_seed
The redness in the middle of my face has been there for about a year and never really fades.,rosacea,,central face,moderate,synthetic_llm
sleepless from itchy hands,scabies,,hands,severe,synthetic_llm
cheeks very hot and red evry evening,rosacea,,cheeks,mild,synthetic_llm
"These thick plaques on my back look black and purple, not red, because of my skin color, with a scaly gray surface, and they are on my elbows too.",psoriasis,,back and elbows,moderate,synthetic_llm
rash on my elbows that wont go away,psoriasis,,elbows,mild,synthetic_llm
Itchy red rash on my feet that flares up when I wear certain shoes,eczema,"itchy, red, shoe trigger",feet,moderate,synthetic_seed
"Gym addict here, and after every workout my face goes deep red and stays that way for a long time. Lately the redness is there even on rest days, with a few small bumps too.",rosacea,,face,mild,synthetic_llm
"over 3 years my skin has gone from a few spots to mostly white on my torso and arms, no itch no pain, just colour gone",vitiligo,,torso and arms,severe,synthetic_llm
Thin wavy lines on the web spaces of my fingers that itch unbearably,scabies,"wavy lines, web spaces, unbearable itch",finger web spaces,moderate,synthetic_seed
ugh my roommate and i both got this itchy rash on our hands lol not fun,scabies,,hands,moderate,synthetic_llm
spots on forehead from helmet,acne,,forehead,mild,synthetic_llm
I have coin shaped red plaques on my arms and legs with silver scales,psoriasis,"coin shaped, red plaques, silver scales",arms and legs,moderate,synthetic_seed
cant stop itching my arms at night,eczema,,arms,moderate,synthetic_llm
Looks like a map of red raised patches on my side and they sting a bit when I scratch.,hives,,side,moderate,synthetic_llm
"help, it spreads when i scratch it and the circle keeps growing",ringworm,,various,moderate,synthetic_llm
"There is a patch of tiny red bumps on my lower back that itches endlessly, and it is spreading to my sides.",scabies,,lower back,moderate,synthetic_llm
Thick reddish patches on my shoulders that itch after showering,psoriasis,"thick patches, itchy after shower",shoulders,moderate,synthetic_seed
"Recently diagnosed with PCOS and my face is full of pimples around the jaw and chin, plus oily skin. Face wash from the pharmacy has not done much. Want to know what else to try.",acne,,jaw and chin,moderate,synthetic_llm
rash after poison ivy,contact_dermatitis,,legs,severe,synthetic_llm
Mild itchy bumps on both ankles after wearing tight socks all day.,hives,,ankles,mild,synthetic_llm
"I work in a kitchen and my hands are constantly wet. They are red, rough and fissured now and the cracks bleed when I flex my fingers. I tried petroleum jelly at night and it helps a bit but it never fully heals.",contact_dermatitis,,hands,severe,synthetic_llm
just a small white spot on my finger but it was not there in january,vitiligo,,finger,mild,synthetic_llm
Silvery white plaques on my upper arms that are raised and rough,psoriasis,"silvery plaques, raised, rough",upper arms,moderate,synthetic_seed
one itchy red patch on my arm that is a bit raised,ringworm,,arm,mild,synthetic_llm
itchy rash that wont go away,hives,,various,moderate,synthetic_llm
pink cheeks and bumps over 30,rosacea,,cheeks,mild,synthetic_llm
"I'm a bartender and I share a crowded apartment with four other people. Two of us have an itchy rash on our hands and wrists, and now small bumps are showing around my belt. Itching is brutal at night and I haven't slept more than three hours.",scabies,,"hands, wrists and waist",severe,synthetic_llm
is it dandruff or something else if my forehead edge is also red and flaking?,seborrheic_dermatitis,,scalp and forehead,mild,synthetic_llm
itchy wheals right after workout,hives,,chest and arms,mild,synthetic_llm
Extremely itchy rash on my belly and inner thighs worse at night,scabies,"extremely itchy, nighttime worse",belly and thighs,moderate,synthetic_seed
My hands are extremely dry cracked and itchy especially in winter,eczema,"dry, cracked, itchy",hands,severe,synthetic_seed
I get chronic hives almost every day for weeks and cannot find the cause,hives,"chronic, daily, unknown trigger",various,moderate,synthetic_seed
"The itchy bumps on my feet get worse at night, and there are some small tracks near my arch.",scabies,,feet,moderate,synthetic_llm
My face has had pimples for years but lately red and purplish marks are lingering on my brown skin. The bumps themselves are small and closed. I feel I can't go out without concealer.,acne,,face,moderate,synthetic_llm
Since starting a new antidepressant my face has gotten oily with red flaky patches near the nose and brows.,seborrheic_dermatitis,,nose and eyebrows,moderate,synthetic_llm
Scalp is covered in yellowish greasy scales that stick to the hair and itch a lot at night.,seborrheic_dermatitis,,scalp,severe,synthetic_llm
Round white spots on my upper arms that do not tan in summer,vitiligo,"round white spots, no tanning",upper arms,moderate,synthetic_seed
itchy bumps around belly button,scabies,,abdomen,moderate,synthetic_llm
skin peeling on my hands after bleach,contact_dermatitis,,hands,moderate,synthetic_llm
"So my best friend pointed out that my knuckles look like they are bleached. I never noticed. Now I see little white patches on both hands and a few on my forehead, and they definitely were not there at the start of the year.",vitiligo,,hands and forehead,moderate,synthetic_llm
couldnt stop scratching my hands after new dish gloves they are red and bumpy,contact_dermatitis,,hands,moderate,synthetic_llm
"My skin gets red patches on the cheeks plus some bumps, and a feeling like sunburn. It has been a few weeks. No new products so I am stumped.",rosacea,,cheeks,mild,synthetic_llm
My ears got red and crusty after trying hair dye at home.,contact_dermatitis,,ears,moderate,synthetic_llm
Grainy bumpy texture on my cheeks with underlying redness and stinging,rosacea,"grainy texture, redness, stinging",cheeks,moderate,synthetic_seed
flaking itching burning scalp since last year,psoriasis,,scalp,moderate,synthetic_llm
My nose and cheeks get very red after drinking hot beverages,rosacea,"redness, triggered by hot drinks",nose and cheeks,mild,synthetic_seed
My beard itches with flaky red skin underneath that gets worse with stress,seborrheic_dermatitis,"beard itch, flaky, stress trigger",beard,moderate,synthetic_seed
is a rash that doesnt itch and has silver scales on my knees something serious,psoriasis,,knees,mild,synthetic_llm
"rash in the groin and thighs that itches worse at night, I'm overweight and sweat a lot",ringworm,,groin and thighs,moderate,synthetic_llm
zits around mouth and chin,acne,,mouth and chin,mild,synthetic_llm
"The skin on my eyelids near the lashes is flaky and a little red, but it does not hurt.",seborrheic_dermatitis,,eyelids,mild,synthetic_llm
"swelling of my fingers and toes, painful joints in the morning and red scaly patches on my knees",psoriasis,,fingers and knees,severe,synthetic_llm
"Red patches on my abdomen and thighs, started the same day we switched detergent. They itch most after a shower.",contact_dermatitis,,abdomen and thighs,moderate,synthetic_llm
"My foot has a rash on the top only, right where the shoe laces press.",contact_dermatitis,,top of foot,mild,synthetic_llm
The flakes on my scalp pile up quickly after I stop using the medicated shampoo for even a week.,seborrheic_dermatitis,,scalp,moderate,synthetic_llm
Itchy raised welts on my back that appeared after eating peanuts,hives,"welts, peanut allergy trigger",back,moderate,synthetic_seed
Depigmented ring around a mole on my arm that is growing wider,vitiligo,"depigmented ring, halo, around mole",arm,mild,synthetic_seed
My trunk gets covered in red itchy bumps every time I take aspirin,hives,"red bumps, aspirin trigger",trunk,moderate,synthetic_seed
skin patches that bleed tiny dots when scales get scraped off,psoriasis,,various,moderate,synthetic_llm
"My skin gets raised and red whenever I get nervous before presentations, mostly neck and chest.",hives,,neck and chest,mild,synthetic_llm
itchy ankles after new socks,contact_dermatitis,,ankles,mild,synthetic_llm
light patch on my ankle after a cut healed,vitiligo,,ankle,mild,synthetic_llm
My toenails are thick discolored and crumbling with psoriasis,psoriasis,"thick nails, discolored, crumbling",toenails,moderate,synthetic_seed
Scaly round patch on my thigh that gets bigger every few days,ringworm,"scaly round, expanding",thigh,moderate,synthetic_seed
"The rash on my chest is red and sharply outlined, only where the sticky ECG pad was, and it itches a lot.",contact_dermatitis,,chest,moderate,synthetic_llm
cold air gives me itchy bumps,hives,,hands and face,mild,synthetic_llm
some of my beard hairs went white and the skin under them is pale,vitiligo,,beard area,mild,synthetic_llm
"Big itchy dark patches appearing on my chest, brown skin, they look raised and swollen and last a few hours",hives,,chest,moderate,synthetic_llm
"Pretty itchy bumps appeared on my lower abdomen and thighs after I used a shared hostel bed last month, and they won't fade.",scabies,,lower abdomen and thighs,moderate,synthetic_llm
"Using a clay mask on my face twice a week, pimples seem to be getting angrier and some are tender. I'm a college student and can't afford a dermatologist, so I'm trying stuff online.",acne,,face,moderate,synthetic_llm
My skin has been breaking out in small red bumps since I started the new sunscreen.,acne,,face,mild,synthetic_llm
acne-like bumps at 50 years old on cheeks,rosacea,,cheeks,moderate,synthetic_llm
"I'm a 30 year old guy and just got this dry itchy red patch on both sides of my neck, tried antifungal cream and nothing happened",eczema,,neck,moderate,synthetic_llm
My eyes feel dry and irritated along with facial redness,rosacea,"dry eyes, irritated, facial redness",face and eyes,moderate,synthetic_seed
rash around my belly button and lower back that has fine white flakes,psoriasis,,belly button and lower back,mild,synthetic_llm
Burning itchy patches on the back of my neck with thick scales,psoriasis,"burning, itchy, thick scales",back of neck,moderate,synthetic_seed
flushed face menopause hot flashes red bumps,rosacea,,face,moderate,synthetic_llm
"Not a single bump on my face but everything else is itchy, my hands, arms, and the lower half of my body.",scabies,,"hands, arms and lower body",moderate,synthetic_llm
Pale colorless patches on the backs of my hands that appeared gradually,vitiligo,"pale, colorless, gradual onset",backs of hands,moderate,synthetic_seed
Red swollen pimple on the tip of my nose that is very painful,acne,"red swollen, painful, single",nose,moderate,synthetic_seed
My lips swell up along with welts on my face when I eat certain fruits,hives,"lip swelling, welts, fruit trigger",face and lips,severe,synthetic_seed
"unusual itchy round patches on my face and neck, my skin is dark brown and they look lighter and scaly",ringworm,,face and neck,mild,synthetic_llm
"blister like bumps and peeling on instep of foot, itchy",ringworm,,foot instep,moderate,synthetic_llm
"flaky hair line and eyebrows, redness too, not painfull",seborrheic_dermatitis,,hairline and eyebrows,mild,synthetic_llm
how long does a ring rash last if i never treat it,ringworm,,various,mild,synthetic_llm
dandruff that wont go away,seborrheic_dermatitis,,scalp,mild,synthetic_llm
Is it normal to get deep painful pimples on the jawline at 30?,acne,,jawline,moderate,synthetic_llm
My two month old has a crusty yellow patch on top of his head that looks greasy.,seborrheic_dermatitis,,scalp,mild,synthetic_llm
bro my skin is turning white on my elbows and lips what is happening,vitiligo,,elbows and lips,moderate,synthetic_llm
"Dry rough rash on my 8 month old's legs and tummy, no fever, he scratches in his sleep",eczema,,legs and tummy,moderate,synthetic_llm
"white patches on the back of my hands and a few on my elbows, my cousin has the same condition",vitiligo,,hands and elbows,moderate,synthetic_llm
peeling skin between toes smells bad,ringworm,,feet,moderate,synthetic_llm
"Is it possible to have scalp dandruff that spreads to your eyebrows and the sides of your nose? I'm itching all day and the skin looks reddish and flaky, but I do not have pain.",seborrheic_dermatitis,,"scalp, eyebrows and nose",mild,synthetic_llm
"Got these flaky salmon colored patches on both sides of my chin and nose, no pain at all.",seborrheic_dermatitis,,chin and nose,mild,synthetic_llm
red bumpy skin on my back thats itchy,eczema,,back,moderate,synthetic_llm
Pimple like bumps on my nose and cheeks but no blackheads like real acne,rosacea,"pimple-like, no blackheads",nose and cheeks,moderate,synthetic_seed
Flaky scaly ring on my calf that itches when I sweat,ringworm,"flaky, scaly ring, sweat trigger",calf,moderate,synthetic_seed
"Looks like tiny bites in lines on my wrists and the web of my fingers. No other bugs in the house that I can find. Itch is worst in bed, and it has been about 10 days now.",scabies,,wrists and finger webs,moderate,synthetic_llm
dry patch on ear that cracks and weeps clear fluid,eczema,,ears,moderate,synthetic_llm
"My pimples are everywhere, face chest and back, and some are large and hard under the skin. I'm 19 and it's affecting my confidence and I avoid photos.",acne,,"face, chest and back",severe,synthetic_llm
pimple-like itchy bumps along waistline,scabies,,waist,moderate,synthetic_llm
they say its chronic urticaria but nobody tells me why my skin keeps swelling,hives,,various,moderate,synthetic_llm
scalp itches worse in winter,seborrheic_dermatitis,,scalp,moderate,synthetic_llm
Is it possible to have a really itchy red plaque on the back of my head that gets scaly and then thick?,psoriasis,,back of head,moderate,synthetic_llm
"Itchy rash anywhere my skin touches my work uniform, mostly the collar and cuffs.",contact_dermatitis,,neck and wrists,mild,synthetic_llm
"inflamed patches on my cheeks and forehead that I scratch till they crust, 12 years old",eczema,,cheeks and forehead,moderate,synthetic_llm
a section of my eyebrow hair turned white along with the skin under it,vitiligo,,eyebrow,mild,synthetic_llm
My upper arms have tiny rough bumps that look like goosebumps,acne,"tiny rough bumps, goosebump-like",upper arms,mild,synthetic_seed
"my eyes look puffy and the skin is flaky and red on the lids, idk if its the eyedrops",contact_dermatitis,,eyelids,moderate,synthetic_llm
what is this scaly patch on my lower leg that keeps getting thicker,psoriasis,,lower leg,mild,synthetic_llm
pale patches on my ears,vitiligo,,ears,mild,synthetic_llm
"something on my skin, raised and kinda itchy, not sure what",hives,,various,mild,synthetic_llm
"There are red coin-sized plaques all over my calves with pearly flakes, and the itch is mild but the look is really bothering me.",psoriasis,,calves,mild,synthetic_llm
white spots near my belly button after tight jeans,vitiligo,,belly,mild,synthetic_llm
I get red blotchy patches on my face when I exercise or feel embarrassed,rosacea,"red blotchy, exercise trigger, emotion trigger",face,mild,synthetic_seed
"white patch beside nose growing slowly, not scaly",vitiligo,,beside nose,mild,synthetic_llm
My skin gets puffy and welted when I scratch it with any pressure,hives,"dermographism, puffy when scratched",various,moderate,synthetic_seed
It started as occasional blushing and a few tiny veins. Now the central part of my face is red every day and there are occasional pustules. I am 52 and nothing from the pharmacy has worked.,rosacea,,central face,moderate,synthetic_llm
Red bumps with pus tips covering my cheeks and no relief from regular face wash.,acne,,cheeks,moderate,synthetic_llm
"red scaly spots on my chest nd back, oily and little itchy",seborrheic_dermatitis,,chest and back,moderate,synthetic_llm
ring shaped itchy skin lesion,ringworm,,various,mild,synthetic_llm
After the camping trip I woke up with swollen red arms covered in little blisters.,contact_dermatitis,,arms,severe,synthetic_llm
"I get scaly red patches whenever the weather turns cold. My elbows are the worst, but now there's one near my ear. I'm 47 and my brother has the same thing, so I assume it's genetic. Nothing I buy works long.",psoriasis,,elbows and ear,moderate,synthetic_llm
Peeling red skin on the sole and top of my foot after the new rubber flip flops.,contact_dermatitis,,feet,moderate,synthetic_llm
red scaly skin on my mustache and chin,seborrheic_dermatitis,,mustache and chin,mild,synthetic_llm
Hot yoga leaves my face lobster red and the redness lingers into the next day.,rosacea,,face,mild,synthetic_llm
"Light skinned patch that is bright red with a clear edge and silver flakes on top, about the size of my palm, on my thigh.",psoriasis,,thigh,moderate,synthetic_llm
"The patches on my legs look dark purple on my skin tone and have a dry gray-white layer, and they sometimes sting but don't really itch.",psoriasis,,legs,moderate,synthetic_llm
Round lesion on my chest with raised borders and clearing in the center,ringworm,"round, raised borders, central clearing",chest,moderate,synthetic_seed
"Nothing is flaky or oozing, just raised swollen itchy spots that pop up anywhere.",hives,,various,moderate,synthetic_llm
